Workbook
Name SegmentaçãodeDados_Família: #N/A
Name SegmentaçãodeDados_Mês: #N/A
Name SegmentaçãodeDados_Turno1: #N/A

Sheet IC Cortes
A3: Local | B3: Turno1 | C3: Família | D3: Item1 | E3: ITEM | F3: TURNO | G3: JAN | H3: FEV | I3: MAR | J3: ABR | K3: MAI | L3: JUN | M3: JUL | N3: AGO | O3: SET | P3: OUT | Q3: NOV | R3: DEZ | S3: META | U3: =IF(U118="","",U118) -> 01/10/2026 | V3: =IF(V118="","",V118) -> 02/10/2026 | W3: =IF(W118="","",W118) -> 05/10/2026 | X3: =IF(X118="","",X118) -> 06/10/2026 | Y3: =IF(Y118="","",Y118) -> 07/10/2026 | Z3: =IF(Z118="","",Z118) -> 08/10/2026 | AA3: =IF(AA118="","",AA118) -> 09/10/2026 | AB3: =IF(AB118="","",AB118) | ... AR3: =IF(AR118="","",AR118)
A4: Meyn | B4: =F4 -> 1 | C4: Perna | D4: =IF(E4=0,D3,E4) -> Carne no Back | E4: =Coleta!H1 -> Carne no Back | F4: 1 | G4: =IFERROR(AVERAGEIFS(INDIRECT("Tabela1["&$D4&"]"),Tabela1[Turno],$F4,Tabela1[Mês],G$3),"") | H4: =IFERROR(AVERAGEIFS(INDIRECT("Tabela1["&$D4&"]"),Tabela1[Turno],$F4,Tabela1[Mês],H$3),"") | I4: =IFERROR(AVERAGEIFS(INDIRECT("Tabela1["&$D4&"]"),Tabela1[Turno],$F4,Tabela1[Mês],I$3),"") | J4: =IFERROR(AVERAGEIFS(INDIRECT("Tabela1["&$D4&"]"),Tabela1[Turno],$F4,Tabela1[Mês],J$3),"") | K4: =IFERROR(AVERAGEIFS(INDIRECT("Tabela1["&$D4&"]"),Tabela1[Turno],$F4,Tabela1[Mês],K$3),"") | L4: =IFERROR(AVERAGEIFS(INDIRECT("Tabela1["&$D4&"]"),Tabela1[Turno],$F4,Tabela1[Mês],L$3),"") | M4: =IFERROR(AVERAGEIFS(INDIRECT("Tabela1["&$D4&"]"),Tabela1[Turno],$F4,Tabela1[Mês],M$3),"") | N4: =IFERROR(AVERAGEIFS(INDIRECT("Tabela1["&$D4&"]"),Tabela1[Turno],$F4,Tabela1[Mês],N$3),"") -> 8.4 | ... R4: =IFERROR(AVERAGEIFS(INDIRECT("Tabela1["&$D4&"]"),Tabela1[Turno],$F4,Tabela1[Mês],R$3),"") | S4: 10 | U4: =IFERROR(AVERAGEIFS(INDIRECT("Tabela1["&$D4&"]"),Tabela1[Turno],$F4,Tabela1[Data],U$3),"") | V4: =IFERROR(AVERAGEIFS(INDIRECT("Tabela1["&$D4&"]"),Tabela1[Turno],$F4,Tabela1[Data],V$3),"") | W4: =IFERROR(AVERAGEIFS(INDIRECT("Tabela1["&$D4&"]"),Tabela1[Turno],$F4,Tabela1[Data],W$3),"") | X4: =IFERROR(AVERAGEIFS(INDIRECT("Tabela1["&$D4&"]"),Tabela1[Turno],$F4,Tabela1[Data],X$3),"") | Y4: =IFERROR(AVERAGEIFS(INDIRECT("Tabela1["&$D4&"]"),Tabela1[Turno],$F4,Tabela1[Data],Y$3),"") | Z4: =IFERROR(AVERAGEIFS(INDIRECT("Tabela1["&$D4&"]"),Tabela1[Turno],$F4,Tabela1[Data],Z$3),"") | AA4: =IFERROR(AVERAGEIFS(INDIRECT("Tabela1["&$D4&"]"),Tabela1[Turno],$F4,Tabela1[Data],AA$3),"") | AB4: =IFERROR(AVERAGEIFS(INDIRECT("Tabela1["&$D4&"]"),Tabela1[Turno],$F4,Tabela1[Data],AB$3),"") | ... AR4: =IFERROR(AVERAGEIFS(INDIRECT("Tabela1["&$D4&"]"),Tabela1[Turno],$F4,Tabela1[Data],AR$3),"")
A5: Meyn | B5: =F5 -> 2 | C5: Perna | D5: =IF(E5=0,D4,E5) -> Carne no Back | F5: 2 | G5: =IFERROR(AVERAGEIFS(INDIRECT("Tabela1["&$D5&"]"),Tabela1[Turno],$F5,Tabela1[Mês],G$3),"") | H5: =IFERROR(AVERAGEIFS(INDIRECT("Tabela1["&$D5&"]"),Tabela1[Turno],$F5,Tabela1[Mês],H$3),"") | I5: =IFERROR(AVERAGEIFS(INDIRECT("Tabela1["&$D5&"]"),Tabela1[Turno],$F5,Tabela1[Mês],I$3),"") | J5: =IFERROR(AVERAGEIFS(INDIRECT("Tabela1["&$D5&"]"),Tabela1[Turno],$F5,Tabela1[Mês],J$3),"") | K5: =IFERROR(AVERAGEIFS(INDIRECT("Tabela1["&$D5&"]"),Tabela1[Turno],$F5,Tabela1[Mês],K$3),"") | L5: =IFERROR(AVERAGEIFS(INDIRECT("Tabela1["&$D5&"]"),Tabela1[Turno],$F5,Tabela1[Mês],L$3),"") | M5: =IFERROR(AVERAGEIFS(INDIRECT("Tabela1["&$D5&"]"),Tabela1[Turno],$F5,Tabela1[Mês],M$3),"") | N5: =IFERROR(AVERAGEIFS(INDIRECT("Tabela1["&$D5&"]"),Tabela1[Turno],$F5,Tabela1[Mês],N$3),"") -> 6.7058824 | ... R5: =IFERROR(AVERAGEIFS(INDIRECT("Tabela1["&$D5&"]"),Tabela1[Turno],$F5,Tabela1[Mês],R$3),"") | U5: =IFERROR(AVERAGEIFS(INDIRECT("Tabela1["&$D5&"]"),Tabela1[Turno],$F5,Tabela1[Data],U$3),"") -> 7 | V5: =IFERROR(AVERAGEIFS(INDIRECT("Tabela1["&$D5&"]"),Tabela1[Turno],$F5,Tabela1[Data],V$3),"") -> 7 | W5: =IFERROR(AVERAGEIFS(INDIRECT("Tabela1["&$D5&"]"),Tabela1[Turno],$F5,Tabela1[Data],W$3),"") -> 7 | X5: =IFERROR(AVERAGEIFS(INDIRECT("Tabela1["&$D5&"]"),Tabela1[Turno],$F5,Tabela1[Data],X$3),"") -> 7 | Y5: =IFERROR(AVERAGEIFS(INDIRECT("Tabela1["&$D5&"]"),Tabela1[Turno],$F5,Tabela1[Data],Y$3),"") -> 7 | Z5: =IFERROR(AVERAGEIFS(INDIRECT("Tabela1["&$D5&"]"),Tabela1[Turno],$F5,Tabela1[Data],Z$3),"") -> 7 | AA5: =IFERROR(AVERAGEIFS(INDIRECT("Tabela1["&$D5&"]"),Tabela1[Turno],$F5,Tabela1[Data],AA$3),"") -> 7 | AB5: =IFERROR(AVERAGEIFS(INDIRECT("Tabela1["&$D5&"]"),Tabela1[Turno],$F5,Tabela1[Data],AB$3),"") | ... AR5: =IFERROR(AVERAGEIFS(INDIRECT("Tabela1["&$D5&"]"),Tabela1[Turno],$F5,Tabela1[Data],AR$3),"")
A6: Meyn | B6: =F6 -> Unidade | C6: Perna | D6: =IF(E6=0,D5,E6) -> Carne no Back | F6: Unidade | G6: =IFERROR(AVERAGEIFS(INDIRECT("Tabela1["&$D6&"]"),Tabela1[Mês],G$3),"") | H6: =IFERROR(AVERAGEIFS(INDIRECT("Tabela1["&$D6&"]"),Tabela1[Mês],H$3),"") | I6: =IFERROR(AVERAGEIFS(INDIRECT("Tabela1["&$D6&"]"),Tabela1[Mês],I$3),"") | J6: =IFERROR(AVERAGEIFS(INDIRECT("Tabela1["&$D6&"]"),Tabela1[Mês],J$3),"") | K6: =IFERROR(AVERAGEIFS(INDIRECT("Tabela1["&$D6&"]"),Tabela1[Mês],K$3),"") | L6: =IFERROR(AVERAGEIFS(INDIRECT("Tabela1["&$D6&"]"),Tabela1[Mês],L$3),"") | M6: =IFERROR(AVERAGEIFS(INDIRECT("Tabela1["&$D6&"]"),Tabela1[Mês],M$3),"") | N6: =IFERROR(AVERAGEIFS(INDIRECT("Tabela1["&$D6&"]"),Tabela1[Mês],N$3),"") -> 6.8243243 | ... R6: =IFERROR(AVERAGEIFS(INDIRECT("Tabela1["&$D6&"]"),Tabela1[Mês],R$3),"") | U6: =IFERROR(AVERAGEIFS(INDIRECT("Tabela1["&$D6&"]"),Tabela1[Data],U$3),"") -> 7 | V6: =IFERROR(AVERAGEIFS(INDIRECT("Tabela1["&$D6&"]"),Tabela1[Data],V$3),"") -> 7 | W6: =IFERROR(AVERAGEIFS(INDIRECT("Tabela1["&$D6&"]"),Tabela1[Data],W$3),"") -> 7 | X6: =IFERROR(AVERAGEIFS(INDIRECT("Tabela1["&$D6&"]"),Tabela1[Data],X$3),"") -> 7 | Y6: =IFERROR(AVERAGEIFS(INDIRECT("Tabela1["&$D6&"]"),Tabela1[Data],Y$3),"") -> 7 | Z6: =IFERROR(AVERAGEIFS(INDIRECT("Tabela1["&$D6&"]"),Tabela1[Data],Z$3),"") -> 7 | AA6: =IFERROR(AVERAGEIFS(INDIRECT("Tabela1["&$D6&"]"),Tabela1[Data],AA$3),"") -> 7 | AB6: =IFERROR(AVERAGEIFS(INDIRECT("Tabela1["&$D6&"]"),Tabela1[Data],AB$3),"") | ... AR6: =IFERROR(AVERAGEIFS(INDIRECT("Tabela1["&$D6&"]"),Tabela1[Data],AR$3),"")
A7: Meyn | B7: =F7 -> 1 | C7: Peito | D7: =IF(E7=0,D6,E7) -> Peito na Asa Meyn | E7: =Coleta!I1 -> Peito na Asa Meyn | F7: 1 | G7: =IFERROR(AVERAGEIFS(INDIRECT("Tabela1["&$D7&"]"),Tabela1[Turno],$F7,Tabela1[Mês],G$3),"") | H7: =IFERROR(AVERAGEIFS(INDIRECT("Tabela1["&$D7&"]"),Tabela1[Turno],$F7,Tabela1[Mês],H$3),"") | I7: =IFERROR(AVERAGEIFS(INDIRECT("Tabela1["&$D7&"]"),Tabela1[Turno],$F7,Tabela1[Mês],I$3),"") | J7: =IFERROR(AVERAGEIFS(INDIRECT("Tabela1["&$D7&"]"),Tabela1[Turno],$F7,Tabela1[Mês],J$3),"") | K7: =IFERROR(AVERAGEIFS(INDIRECT("Tabela1["&$D7&"]"),Tabela1[Turno],$F7,Tabela1[Mês],K$3),"") | L7: =IFERROR(AVERAGEIFS(INDIRECT("Tabela1["&$D7&"]"),Tabela1[Turno],$F7,Tabela1[Mês],L$3),"") | M7: =IFERROR(AVERAGEIFS(INDIRECT("Tabela1["&$D7&"]"),Tabela1[Turno],$F7,Tabela1[Mês],M$3),"") | N7: =IFERROR(AVERAGEIFS(INDIRECT("Tabela1["&$D7&"]"),Tabela1[Turno],$F7,Tabela1[Mês],N$3),"") -> 10 | ... R7: =IFERROR(AVERAGEIFS(INDIRECT("Tabela1["&$D7&"]"),Tabela1[Turno],$F7,Tabela1[Mês],R$3),"") | S7: 10 | U7: =IFERROR(AVERAGEIFS(INDIRECT("Tabela1["&$D7&"]"),Tabela1[Turno],$F7,Tabela1[Data],U$3),"") | V7: =IFERROR(AVERAGEIFS(INDIRECT("Tabela1["&$D7&"]"),Tabela1[Turno],$F7,Tabela1[Data],V$3),"") | W7: =IFERROR(AVERAGEIFS(INDIRECT("Tabela1["&$D7&"]"),Tabela1[Turno],$F7,Tabela1[Data],W$3),"") | X7: =IFERROR(AVERAGEIFS(INDIRECT("Tabela1["&$D7&"]"),Tabela1[Turno],$F7,Tabela1[Data],X$3),"") | Y7: =IFERROR(AVERAGEIFS(INDIRECT("Tabela1["&$D7&"]"),Tabela1[Turno],$F7,Tabela1[Data],Y$3),"") | Z7: =IFERROR(AVERAGEIFS(INDIRECT("Tabela1["&$D7&"]"),Tabela1[Turno],$F7,Tabela1[Data],Z$3),"") | AA7: =IFERROR(AVERAGEIFS(INDIRECT("Tabela1["&$D7&"]"),Tabela1[Turno],$F7,Tabela1[Data],AA$3),"") | AB7: =IFERROR(AVERAGEIFS(INDIRECT("Tabela1["&$D7&"]"),Tabela1[Turno],$F7,Tabela1[Data],AB$3),"") | ... AR7: =IFERROR(AVERAGEIFS(INDIRECT("Tabela1["&$D7&"]"),Tabela1[Turno],$F7,Tabela1[Data],AR$3),"")
A8: Meyn | B8: =F8 -> 2 | C8: Peito | D8: =IF(E8=0,D7,E8) -> Peito na Asa Meyn | F8: 2 | G8: =IFERROR(AVERAGEIFS(INDIRECT("Tabela1["&$D8&"]"),Tabela1[Turno],$F8,Tabela1[Mês],G$3),"") | H8: =IFERROR(AVERAGEIFS(INDIRECT("Tabela1["&$D8&"]"),Tabela1[Turno],$F8,Tabela1[Mês],H$3),"") | I8: =IFERROR(AVERAGEIFS(INDIRECT("Tabela1["&$D8&"]"),Tabela1[Turno],$F8,Tabela1[Mês],I$3),"") | J8: =IFERROR(AVERAGEIFS(INDIRECT("Tabela1["&$D8&"]"),Tabela1[Turno],$F8,Tabela1[Mês],J$3),"") | K8: =IFERROR(AVERAGEIFS(INDIRECT("Tabela1["&$D8&"]"),Tabela1[Turno],$F8,Tabela1[Mês],K$3),"") | L8: =IFERROR(AVERAGEIFS(INDIRECT("Tabela1["&$D8&"]"),Tabela1[Turno],$F8,Tabela1[Mês],L$3),"") | M8: =IFERROR(AVERAGEIFS(INDIRECT("Tabela1["&$D8&"]"),Tabela1[Turno],$F8,Tabela1[Mês],M$3),"") | N8: =IFERROR(AVERAGEIFS(INDIRECT("Tabela1["&$D8&"]"),Tabela1[Turno],$F8,Tabela1[Mês],N$3),"") -> 7.3142857 | ... R8: =IFERROR(AVERAGEIFS(INDIRECT("Tabela1["&$D8&"]"),Tabela1[Turno],$F8,Tabela1[Mês],R$3),"") | U8: =IFERROR(AVERAGEIFS(INDIRECT("Tabela1["&$D8&"]"),Tabela1[Turno],$F8,Tabela1[Data],U$3),"") -> 8.5 | V8: =IFERROR(AVERAGEIFS(INDIRECT("Tabela1["&$D8&"]"),Tabela1[Turno],$F8,Tabela1[Data],V$3),"") -> 7 | W8: =IFERROR(AVERAGEIFS(INDIRECT("Tabela1["&$D8&"]"),Tabela1[Turno],$F8,Tabela1[Data],W$3),"") -> 7 | X8: =IFERROR(AVERAGEIFS(INDIRECT("Tabela1["&$D8&"]"),Tabela1[Turno],$F8,Tabela1[Data],X$3),"") -> 7 | Y8: =IFERROR(AVERAGEIFS(INDIRECT("Tabela1["&$D8&"]"),Tabela1[Turno],$F8,Tabela1[Data],Y$3),"") -> 7 | Z8: =IFERROR(AVERAGEIFS(INDIRECT("Tabela1["&$D8&"]"),Tabela1[Turno],$F8,Tabela1[Data],Z$3),"") -> 7.75 | AA8: =IFERROR(AVERAGEIFS(INDIRECT("Tabela1["&$D8&"]"),Tabela1[Turno],$F8,Tabela1[Data],AA$3),"") -> 7 | AB8: =IFERROR(AVERAGEIFS(INDIRECT("Tabela1["&$D8&"]"),Tabela1[Turno],$F8,Tabela1[Data],AB$3),"") | ... AR8: =IFERROR(AVERAGEIFS(INDIRECT("Tabela1["&$D8&"]"),Tabela1[Turno],$F8,Tabela1[Data],AR$3),"")
A9: Meyn | B9: =F9 -> Unidade | C9: Peito | D9: =IF(E9=0,D8,E9) -> Peito na Asa Meyn | F9: Unidade | G9: =IFERROR(AVERAGEIFS(INDIRECT("Tabela1["&$D9&"]"),Tabela1[Mês],G$3),"") | H9: =IFERROR(AVERAGEIFS(INDIRECT("Tabela1["&$D9&"]"),Tabela1[Mês],H$3),"") | I9: =IFERROR(AVERAGEIFS(INDIRECT("Tabela1["&$D9&"]"),Tabela1[Mês],I$3),"") | J9: =IFERROR(AVERAGEIFS(INDIRECT("Tabela1["&$D9&"]"),Tabela1[Mês],J$3),"") | K9: =IFERROR(AVERAGEIFS(INDIRECT("Tabela1["&$D9&"]"),Tabela1[Mês],K$3),"") | L9: =IFERROR(AVERAGEIFS(INDIRECT("Tabela1["&$D9&"]"),Tabela1[Mês],L$3),"") | M9: =IFERROR(AVERAGEIFS(INDIRECT("Tabela1["&$D9&"]"),Tabela1[Mês],M$3),"") | N9: =IFERROR(AVERAGEIFS(INDIRECT("Tabela1["&$D9&"]"),Tabela1[Mês],N$3),"") -> 7.4868421 | ... R9: =IFERROR(AVERAGEIFS(INDIRECT("Tabela1["&$D9&"]"),Tabela1[Mês],R$3),"") | U9: =IFERROR(AVERAGEIFS(INDIRECT("Tabela1["&$D9&"]"),Tabela1[Data],U$3),"") -> 8.5 | V9: =IFERROR(AVERAGEIFS(INDIRECT("Tabela1["&$D9&"]"),Tabela1[Data],V$3),"") -> 7 | W9: =IFERROR(AVERAGEIFS(INDIRECT("Tabela1["&$D9&"]"),Tabela1[Data],W$3),"") -> 7 | X9: =IFERROR(AVERAGEIFS(INDIRECT("Tabela1["&$D9&"]"),Tabela1[Data],X$3),"") -> 7 | Y9: =IFERROR(AVERAGEIFS(INDIRECT("Tabela1["&$D9&"]"),Tabela1[Data],Y$3),"") -> 7 | Z9: =IFERROR(AVERAGEIFS(INDIRECT("Tabela1["&$D9&"]"),Tabela1[Data],Z$3),"") -> 7.75 | AA9: =IFERROR(AVERAGEIFS(INDIRECT("Tabela1["&$D9&"]"),Tabela1[Data],AA$3),"") -> 7 | AB9: =IFERROR(AVERAGEIFS(INDIRECT("Tabela1["&$D9&"]"),Tabela1[Data],AB$3),"") | ... AR9: =IFERROR(AVERAGEIFS(INDIRECT("Tabela1["&$D9&"]"),Tabela1[Data],AR$3),"")
A10: Meyn | B10: =F10 -> 1 | C10: Asa | D10: =IF(E10=0,D9,E10) -> Medalhão na Asa Meyn | E10: =Coleta!J1 -> Medalhão na Asa Meyn | F10: 1 | G10: =IFERROR(AVERAGEIFS(INDIRECT("Tabela1["&$D10&"]"),Tabela1[Turno],$F10,Tabela1[Mês],G$3),"") | H10: =IFERROR(AVERAGEIFS(INDIRECT("Tabela1["&$D10&"]"),Tabela1[Turno],$F10,Tabela1[Mês],H$3),"") | I10: =IFERROR(AVERAGEIFS(INDIRECT("Tabela1["&$D10&"]"),Tabela1[Turno],$F10,Tabela1[Mês],I$3),"") | J10: =IFERROR(AVERAGEIFS(INDIRECT("Tabela1["&$D10&"]"),Tabela1[Turno],$F10,Tabela1[Mês],J$3),"") | K10: =IFERROR(AVERAGEIFS(INDIRECT("Tabela1["&$D10&"]"),Tabela1[Turno],$F10,Tabela1[Mês],K$3),"") | L10: =IFERROR(AVERAGEIFS(INDIRECT("Tabela1["&$D10&"]"),Tabela1[Turno],$F10,Tabela1[Mês],L$3),"") | M10: =IFERROR(AVERAGEIFS(INDIRECT("Tabela1["&$D10&"]"),Tabela1[Turno],$F10,Tabela1[Mês],M$3),"") | N10: =IFERROR(AVERAGEIFS(INDIRECT("Tabela1["&$D10&"]"),Tabela1[Turno],$F10,Tabela1[Mês],N$3),"") -> 7 | ... R10: =IFERROR(AVERAGEIFS(INDIRECT("Tabela1["&$D10&"]"),Tabela1[Turno],$F10,Tabela1[Mês],R$3),"") | S10: 10 | U10: =IFERROR(AVERAGEIFS(INDIRECT("Tabela1["&$D10&"]"),Tabela1[Turno],$F10,Tabela1[Data],U$3),"") | V10: =IFERROR(AVERAGEIFS(INDIRECT("Tabela1["&$D10&"]"),Tabela1[Turno],$F10,Tabela1[Data],V$3),"") | W10: =IFERROR(AVERAGEIFS(INDIRECT("Tabela1["&$D10&"]"),Tabela1[Turno],$F10,Tabela1[Data],W$3),"") | X10: =IFERROR(AVERAGEIFS(INDIRECT("Tabela1["&$D10&"]"),Tabela1[Turno],$F10,Tabela1[Data],X$3),"") | Y10: =IFERROR(AVERAGEIFS(INDIRECT("Tabela1["&$D10&"]"),Tabela1[Turno],$F10,Tabela1[Data],Y$3),"") | Z10: =IFERROR(AVERAGEIFS(INDIRECT("Tabela1["&$D10&"]"),Tabela1[Turno],$F10,Tabela1[Data],Z$3),"") | AA10: =IFERROR(AVERAGEIFS(INDIRECT("Tabela1["&$D10&"]"),Tabela1[Turno],$F10,Tabela1[Data],AA$3),"") | AB10: =IFERROR(AVERAGEIFS(INDIRECT("Tabela1["&$D10&"]"),Tabela1[Turno],$F10,Tabela1[Data],AB$3),"") | ... AR10: =IFERROR(AVERAGEIFS(INDIRECT("Tabela1["&$D10&"]"),Tabela1[Turno],$F10,Tabela1[Data],AR$3),"")
A11: Meyn | B11: =F11 -> 2 | C11: Asa | D11: =IF(E11=0,D10,E11) -> Medalhão na Asa Meyn | F11: 2 | G11: =IFERROR(AVERAGEIFS(INDIRECT("Tabela1["&$D11&"]"),Tabela1[Turno],$F11,Tabela1[Mês],G$3),"") | H11: =IFERROR(AVERAGEIFS(INDIRECT("Tabela1["&$D11&"]"),Tabela1[Turno],$F11,Tabela1[Mês],H$3),"") | I11: =IFERROR(AVERAGEIFS(INDIRECT("Tabela1["&$D11&"]"),Tabela1[Turno],$F11,Tabela1[Mês],I$3),"") | J11: =IFERROR(AVERAGEIFS(INDIRECT("Tabela1["&$D11&"]"),Tabela1[Turno],$F11,Tabela1[Mês],J$3),"") | K11: =IFERROR(AVERAGEIFS(INDIRECT("Tabela1["&$D11&"]"),Tabela1[Turno],$F11,Tabela1[Mês],K$3),"") | L11: =IFERROR(AVERAGEIFS(INDIRECT("Tabela1["&$D11&"]"),Tabela1[Turno],$F11,Tabela1[Mês],L$3),"") | M11: =IFERROR(AVERAGEIFS(INDIRECT("Tabela1["&$D11&"]"),Tabela1[Turno],$F11,Tabela1[Mês],M$3),"") | N11: =IFERROR(AVERAGEIFS(INDIRECT("Tabela1["&$D11&"]"),Tabela1[Turno],$F11,Tabela1[Mês],N$3),"") -> 6.8857143 | ... R11: =IFERROR(AVERAGEIFS(INDIRECT("Tabela1["&$D11&"]"),Tabela1[Turno],$F11,Tabela1[Mês],R$3),"") | U11: =IFERROR(AVERAGEIFS(INDIRECT("Tabela1["&$D11&"]"),Tabela1[Turno],$F11,Tabela1[Data],U$3),"") -> 7 | V11: =IFERROR(AVERAGEIFS(INDIRECT("Tabela1["&$D11&"]"),Tabela1[Turno],$F11,Tabela1[Data],V$3),"") -> 7 | W11: =IFERROR(AVERAGEIFS(INDIRECT("Tabela1["&$D11&"]"),Tabela1[Turno],$F11,Tabela1[Data],W$3),"") -> 7 | X11: =IFERROR(AVERAGEIFS(INDIRECT("Tabela1["&$D11&"]"),Tabela1[Turno],$F11,Tabela1[Data],X$3),"") -> 7 | Y11: =IFERROR(AVERAGEIFS(INDIRECT("Tabela1["&$D11&"]"),Tabela1[Turno],$F11,Tabela1[Data],Y$3),"") -> 7 | Z11: =IFERROR(AVERAGEIFS(INDIRECT("Tabela1["&$D11&"]"),Tabela1[Turno],$F11,Tabela1[Data],Z$3),"") -> 7 | AA11: =IFERROR(AVERAGEIFS(INDIRECT("Tabela1["&$D11&"]"),Tabela1[Turno],$F11,Tabela1[Data],AA$3),"") -> 7 | AB11: =IFERROR(AVERAGEIFS(INDIRECT("Tabela1["&$D11&"]"),Tabela1[Turno],$F11,Tabela1[Data],AB$3),"") | ... AR11: =IFERROR(AVERAGEIFS(INDIRECT("Tabela1["&$D11&"]"),Tabela1[Turno],$F11,Tabela1[Data],AR$3),"")
A12: Meyn | B12: =F12 -> Unidade | C12: Asa | D12: =IF(E12=0,D11,E12) -> Medalhão na Asa Meyn | F12: Unidade | G12: =IFERROR(AVERAGEIFS(INDIRECT("Tabela1["&$D12&"]"),Tabela1[Mês],G$3),"") | H12: =IFERROR(AVERAGEIFS(INDIRECT("Tabela1["&$D12&"]"),Tabela1[Mês],H$3),"") | I12: =IFERROR(AVERAGEIFS(INDIRECT("Tabela1["&$D12&"]"),Tabela1[Mês],I$3),"") | J12: =IFERROR(AVERAGEIFS(INDIRECT("Tabela1["&$D12&"]"),Tabela1[Mês],J$3),"") | K12: =IFERROR(AVERAGEIFS(INDIRECT("Tabela1["&$D12&"]"),Tabela1[Mês],K$3),"") | L12: =IFERROR(AVERAGEIFS(INDIRECT("Tabela1["&$D12&"]"),Tabela1[Mês],L$3),"") | M12: =IFERROR(AVERAGEIFS(INDIRECT("Tabela1["&$D12&"]"),Tabela1[Mês],M$3),"") | N12: =IFERROR(AVERAGEIFS(INDIRECT("Tabela1["&$D12&"]"),Tabela1[Mês],N$3),"") -> 6.8947368 | ... R12: =IFERROR(AVERAGEIFS(INDIRECT("Tabela1["&$D12&"]"),Tabela1[Mês],R$3),"") | U12: =IFERROR(AVERAGEIFS(INDIRECT("Tabela1["&$D12&"]"),Tabela1[Data],U$3),"") -> 7 | V12: =IFERROR(AVERAGEIFS(INDIRECT("Tabela1["&$D12&"]"),Tabela1[Data],V$3),"") -> 7 | W12: =IFERROR(AVERAGEIFS(INDIRECT("Tabela1["&$D12&"]"),Tabela1[Data],W$3),"") -> 7 | X12: =IFERROR(AVERAGEIFS(INDIRECT("Tabela1["&$D12&"]"),Tabela1[Data],X$3),"") -> 7 | Y12: =IFERROR(AVERAGEIFS(INDIRECT("Tabela1["&$D12&"]"),Tabela1[Data],Y$3),"") -> 7 | Z12: =IFERROR(AVERAGEIFS(INDIRECT("Tabela1["&$D12&"]"),Tabela1[Data],Z$3),"") -> 7 | AA12: =IFERROR(AVERAGEIFS(INDIRECT("Tabela1["&$D12&"]"),Tabela1[Data],AA$3),"") -> 7 | AB12: =IFERROR(AVERAGEIFS(INDIRECT("Tabela1["&$D12&"]"),Tabela1[Data],AB$3),"") | ... AR12: =IFERROR(AVERAGEIFS(INDIRECT("Tabela1["&$D12&"]"),Tabela1[Data],AR$3),"")
A13: Meyn | B13: =F13 -> 1 | C13: Peito | D13: =IF(E13=0,D12,E13) -> Carne no Front | E13: =Coleta!K1 -> Carne no Front | F13: 1 | G13: =IFERROR(AVERAGEIFS(INDIRECT("Tabela1["&$D13&"]"),Tabela1[Turno],$F13,Tabela1[Mês],G$3),"") | H13: =IFERROR(AVERAGEIFS(INDIRECT("Tabela1["&$D13&"]"),Tabela1[Turno],$F13,Tabela1[Mês],H$3),"") | I13: =IFERROR(AVERAGEIFS(INDIRECT("Tabela1["&$D13&"]"),Tabela1[Turno],$F13,Tabela1[Mês],I$3),"") | J13: =IFERROR(AVERAGEIFS(INDIRECT("Tabela1["&$D13&"]"),Tabela1[Turno],$F13,Tabela1[Mês],J$3),"") | K13: =IFERROR(AVERAGEIFS(INDIRECT("Tabela1["&$D13&"]"),Tabela1[Turno],$F13,Tabela1[Mês],K$3),"") | L13: =IFERROR(AVERAGEIFS(INDIRECT("Tabela1["&$D13&"]"),Tabela1[Turno],$F13,Tabela1[Mês],L$3),"") | M13: =IFERROR(AVERAGEIFS(INDIRECT("Tabela1["&$D13&"]"),Tabela1[Turno],$F13,Tabela1[Mês],M$3),"") | N13: =IFERROR(AVERAGEIFS(INDIRECT("Tabela1["&$D13&"]"),Tabela1[Turno],$F13,Tabela1[Mês],N$3),"") -> 6.4 | ... R13: =IFERROR(AVERAGEIFS(INDIRECT("Tabela1["&$D13&"]"),Tabela1[Turno],$F13,Tabela1[Mês],R$3),"") | S13: 10 | U13: =IFERROR(AVERAGEIFS(INDIRECT("Tabela1["&$D13&"]"),Tabela1[Turno],$F13,Tabela1[Data],U$3),"") | V13: =IFERROR(AVERAGEIFS(INDIRECT("Tabela1["&$D13&"]"),Tabela1[Turno],$F13,Tabela1[Data],V$3),"") | W13: =IFERROR(AVERAGEIFS(INDIRECT("Tabela1["&$D13&"]"),Tabela1[Turno],$F13,Tabela1[Data],W$3),"") | X13: =IFERROR(AVERAGEIFS(INDIRECT("Tabela1["&$D13&"]"),Tabela1[Turno],$F13,Tabela1[Data],X$3),"") | Y13: =IFERROR(AVERAGEIFS(INDIRECT("Tabela1["&$D13&"]"),Tabela1[Turno],$F13,Tabela1[Data],Y$3),"") | Z13: =IFERROR(AVERAGEIFS(INDIRECT("Tabela1["&$D13&"]"),Tabela1[Turno],$F13,Tabela1[Data],Z$3),"") | AA13: =IFERROR(AVERAGEIFS(INDIRECT("Tabela1["&$D13&"]"),Tabela1[Turno],$F13,Tabela1[Data],AA$3),"") | AB13: =IFERROR(AVERAGEIFS(INDIRECT("Tabela1["&$D13&"]"),Tabela1[Turno],$F13,Tabela1[Data],AB$3),"") | ... AR13: =IFERROR(AVERAGEIFS(INDIRECT("Tabela1["&$D13&"]"),Tabela1[Turno],$F13,Tabela1[Data],AR$3),"")
A14: Meyn | B14: =F14 -> 2 | C14: Peito | D14: =IF(E14=0,D13,E14) -> Carne no Front | F14: 2 | G14: =IFERROR(AVERAGEIFS(INDIRECT("Tabela1["&$D14&"]"),Tabela1[Turno],$F14,Tabela1[Mês],G$3),"") | H14: =IFERROR(AVERAGEIFS(INDIRECT("Tabela1["&$D14&"]"),Tabela1[Turno],$F14,Tabela1[Mês],H$3),"") | I14: =IFERROR(AVERAGEIFS(INDIRECT("Tabela1["&$D14&"]"),Tabela1[Turno],$F14,Tabela1[Mês],I$3),"") | J14: =IFERROR(AVERAGEIFS(INDIRECT("Tabela1["&$D14&"]"),Tabela1[Turno],$F14,Tabela1[Mês],J$3),"") | K14: =IFERROR(AVERAGEIFS(INDIRECT("Tabela1["&$D14&"]"),Tabela1[Turno],$F14,Tabela1[Mês],K$3),"") | L14: =IFERROR(AVERAGEIFS(INDIRECT("Tabela1["&$D14&"]"),Tabela1[Turno],$F14,Tabela1[Mês],L$3),"") | M14: =IFERROR(AVERAGEIFS(INDIRECT("Tabela1["&$D14&"]"),Tabela1[Turno],$F14,Tabela1[Mês],M$3),"") | N14: =IFERROR(AVERAGEIFS(INDIRECT("Tabela1["&$D14&"]"),Tabela1[Turno],$F14,Tabela1[Mês],N$3),"") -> 5.2647059 | ... R14: =IFERROR(AVERAGEIFS(INDIRECT("Tabela1["&$D14&"]"),Tabela1[Turno],$F14,Tabela1[Mês],R$3),"") | U14: =IFERROR(AVERAGEIFS(INDIRECT("Tabela1["&$D14&"]"),Tabela1[Turno],$F14,Tabela1[Data],U$3),"") -> 5.5 | V14: =IFERROR(AVERAGEIFS(INDIRECT("Tabela1["&$D14&"]"),Tabela1[Turno],$F14,Tabela1[Data],V$3),"") -> 6 | W14: =IFERROR(AVERAGEIFS(INDIRECT("Tabela1["&$D14&"]"),Tabela1[Turno],$F14,Tabela1[Data],W$3),"") -> 5 | X14: =IFERROR(AVERAGEIFS(INDIRECT("Tabela1["&$D14&"]"),Tabela1[Turno],$F14,Tabela1[Data],X$3),"") -> 5.5 | Y14: =IFERROR(AVERAGEIFS(INDIRECT("Tabela1["&$D14&"]"),Tabela1[Turno],$F14,Tabela1[Data],Y$3),"") -> 5 | Z14: =IFERROR(AVERAGEIFS(INDIRECT("Tabela1["&$D14&"]"),Tabela1[Turno],$F14,Tabela1[Data],Z$3),"") -> 5.5 | AA14: =IFERROR(AVERAGEIFS(INDIRECT("Tabela1["&$D14&"]"),Tabela1[Turno],$F14,Tabela1[Data],AA$3),"") -> 6 | AB14: =IFERROR(AVERAGEIFS(INDIRECT("Tabela1["&$D14&"]"),Tabela1[Turno],$F14,Tabela1[Data],AB$3),"") | ... AR14: =IFERROR(AVERAGEIFS(INDIRECT("Tabela1["&$D14&"]"),Tabela1[Turno],$F14,Tabela1[Data],AR$3),"")
A15: Meyn | B15: =F15 -> Unidade | C15: Peito | D15: =IF(E15=0,D14,E15) -> Carne no Front | F15: Unidade | G15: =IFERROR(AVERAGEIFS(INDIRECT("Tabela1["&$D15&"]"),Tabela1[Mês],G$3),"") | H15: =IFERROR(AVERAGEIFS(INDIRECT("Tabela1["&$D15&"]"),Tabela1[Mês],H$3),"") | I15: =IFERROR(AVERAGEIFS(INDIRECT("Tabela1["&$D15&"]"),Tabela1[Mês],I$3),"") | J15: =IFERROR(AVERAGEIFS(INDIRECT("Tabela1["&$D15&"]"),Tabela1[Mês],J$3),"") | K15: =IFERROR(AVERAGEIFS(INDIRECT("Tabela1["&$D15&"]"),Tabela1[Mês],K$3),"") | L15: =IFERROR(AVERAGEIFS(INDIRECT("Tabela1["&$D15&"]"),Tabela1[Mês],L$3),"") | M15: =IFERROR(AVERAGEIFS(INDIRECT("Tabela1["&$D15&"]"),Tabela1[Mês],M$3),"") | N15: =IFERROR(AVERAGEIFS(INDIRECT("Tabela1["&$D15&"]"),Tabela1[Mês],N$3),"") -> 5.3378378 | ... R15: =IFERROR(AVERAGEIFS(INDIRECT("Tabela1["&$D15&"]"),Tabela1[Mês],R$3),"") | U15: =IFERROR(AVERAGEIFS(INDIRECT("Tabela1["&$D15&"]"),Tabela1[Data],U$3),"") -> 5.5 | V15: =IFERROR(AVERAGEIFS(INDIRECT("Tabela1["&$D15&"]"),Tabela1[Data],V$3),"") -> 6 | W15: =IFERROR(AVERAGEIFS(INDIRECT("Tabela1["&$D15&"]"),Tabela1[Data],W$3),"") -> 5 | X15: =IFERROR(AVERAGEIFS(INDIRECT("Tabela1["&$D15&"]"),Tabela1[Data],X$3),"") -> 5.5 | Y15: =IFERROR(AVERAGEIFS(INDIRECT("Tabela1["&$D15&"]"),Tabela1[Data],Y$3),"") -> 5 | Z15: =IFERROR(AVERAGEIFS(INDIRECT("Tabela1["&$D15&"]"),Tabela1[Data],Z$3),"") -> 5.5 | AA15: =IFERROR(AVERAGEIFS(INDIRECT("Tabela1["&$D15&"]"),Tabela1[Data],AA$3),"") -> 6 | AB15: =IFERROR(AVERAGEIFS(INDIRECT("Tabela1["&$D15&"]"),Tabela1[Data],AB$3),"") | ... AR15: =IFERROR(AVERAGEIFS(INDIRECT("Tabela1["&$D15&"]"),Tabela1[Data],AR$3),"")
A16: Meyn | B16: =F16 -> 1 | C16: Sassami | D16: =IF(E16=0,#REF!,E16) -> % Eficiência da Pinçagem | E16: =Coleta!N1 -> % Eficiência da Pinçagem | F16: 1 | G16: =IFERROR(AVERAGEIFS(INDIRECT("Tabela1["&$D16&"]"),Tabela1[Turno],$F16,Tabela1[Mês],G$3)/100,"") -> 0.6 | H16: =IFERROR(AVERAGEIFS(INDIRECT("Tabela1["&$D16&"]"),Tabela1[Turno],$F16,Tabela1[Mês],H$3)/100,"") -> 0.53 | I16: =IFERROR(AVERAGEIFS(INDIRECT("Tabela1["&$D16&"]"),Tabela1[Turno],$F16,Tabela1[Mês],I$3)/100,"") -> 0.44 | J16: =IFERROR(AVERAGEIFS(INDIRECT("Tabela1["&$D16&"]"),Tabela1[Turno],$F16,Tabela1[Mês],J$3)/100,"") -> 0.23 | K16: =IFERROR(AVERAGEIFS(INDIRECT("Tabela1["&$D16&"]"),Tabela1[Turno],$F16,Tabela1[Mês],K$3)/100,"") -> 0.49 | L16: =IFERROR(AVERAGEIFS(INDIRECT("Tabela1["&$D16&"]"),Tabela1[Turno],$F16,Tabela1[Mês],L$3)/100,"") -> 0.64 | M16: =IFERROR(AVERAGEIFS(INDIRECT("Tabela1["&$D16&"]"),Tabela1[Turno],$F16,Tabela1[Mês],M$3)/100,"") -> 0.54 | N16: =IFERROR(AVERAGEIFS(INDIRECT("Tabela1["&$D16&"]"),Tabela1[Turno],$F16,Tabela1[Mês],N$3)/100,"") -> 0.844 | ... R16: =IFERROR(AVERAGEIFS(INDIRECT("Tabela1["&$D16&"]"),Tabela1[Turno],$F16,Tabela1[Mês],R$3)/100,"") | S16: 0.95 | U16: =IFERROR(AVERAGEIFS(INDIRECT("Tabela1["&$D16&"]"),Tabela1[Turno],$F16,Tabela1[Data],U$3)/100,"") | V16: =IFERROR(AVERAGEIFS(INDIRECT("Tabela1["&$D16&"]"),Tabela1[Turno],$F16,Tabela1[Data],V$3)/100,"") | W16: =IFERROR(AVERAGEIFS(INDIRECT("Tabela1["&$D16&"]"),Tabela1[Turno],$F16,Tabela1[Data],W$3)/100,"") | X16: =IFERROR(AVERAGEIFS(INDIRECT("Tabela1["&$D16&"]"),Tabela1[Turno],$F16,Tabela1[Data],X$3)/100,"") | Y16: =IFERROR(AVERAGEIFS(INDIRECT("Tabela1["&$D16&"]"),Tabela1[Turno],$F16,Tabela1[Data],Y$3)/100,"") | Z16: =IFERROR(AVERAGEIFS(INDIRECT("Tabela1["&$D16&"]"),Tabela1[Turno],$F16,Tabela1[Data],Z$3)/100,"") | AA16: =IFERROR(AVERAGEIFS(INDIRECT("Tabela1["&$D16&"]"),Tabela1[Turno],$F16,Tabela1[Data],AA$3)/100,"") | AB16: =IFERROR(AVERAGEIFS(INDIRECT("Tabela1["&$D16&"]"),Tabela1[Turno],$F16,Tabela1[Data],AB$3)/100,"") | ... AR16: =IFERROR(AVERAGEIFS(INDIRECT("Tabela1["&$D16&"]"),Tabela1[Turno],$F16,Tabela1[Data],AR$3)/100,"")
A17: Meyn | B17: =F17 -> 2 | C17: Sassami | D17: =IF(E17=0,D16,E17) -> % Eficiência da Pinçagem | F17: 2 | G17: =IFERROR(AVERAGEIFS(INDIRECT("Tabela1["&$D17&"]"),Tabela1[Turno],$F17,Tabela1[Mês],G$3)/100,"") -> 0.58 | H17: =IFERROR(AVERAGEIFS(INDIRECT("Tabela1["&$D17&"]"),Tabela1[Turno],$F17,Tabela1[Mês],H$3)/100,"") -> 0.56 | I17: =IFERROR(AVERAGEIFS(INDIRECT("Tabela1["&$D17&"]"),Tabela1[Turno],$F17,Tabela1[Mês],I$3)/100,"") -> 0.44 | J17: =IFERROR(AVERAGEIFS(INDIRECT("Tabela1["&$D17&"]"),Tabela1[Turno],$F17,Tabela1[Mês],J$3)/100,"") -> 0.19 | K17: =IFERROR(AVERAGEIFS(INDIRECT("Tabela1["&$D17&"]"),Tabela1[Turno],$F17,Tabela1[Mês],K$3)/100,"") -> 0.57 | L17: =IFERROR(AVERAGEIFS(INDIRECT("Tabela1["&$D17&"]"),Tabela1[Turno],$F17,Tabela1[Mês],L$3)/100,"") -> 0.6 | M17: =IFERROR(AVERAGEIFS(INDIRECT("Tabela1["&$D17&"]"),Tabela1[Turno],$F17,Tabela1[Mês],M$3)/100,"") -> 0.66 | N17: =IFERROR(AVERAGEIFS(INDIRECT("Tabela1["&$D17&"]"),Tabela1[Turno],$F17,Tabela1[Mês],N$3)/100,"") -> 0.74628571 | ... R17: =IFERROR(AVERAGEIFS(INDIRECT("Tabela1["&$D17&"]"),Tabela1[Turno],$F17,Tabela1[Mês],R$3)/100,"") | U17: =IFERROR(AVERAGEIFS(INDIRECT("Tabela1["&$D17&"]"),Tabela1[Turno],$F17,Tabela1[Data],U$3)/100,"") -> 0.8075 | V17: =IFERROR(AVERAGEIFS(INDIRECT("Tabela1["&$D17&"]"),Tabela1[Turno],$F17,Tabela1[Data],V$3)/100,"") -> 0.77 | W17: =IFERROR(AVERAGEIFS(INDIRECT("Tabela1["&$D17&"]"),Tabela1[Turno],$F17,Tabela1[Data],W$3)/100,"") -> 0.84 | X17: =IFERROR(AVERAGEIFS(INDIRECT("Tabela1["&$D17&"]"),Tabela1[Turno],$F17,Tabela1[Data],X$3)/100,"") -> 0.6775 | Y17: =IFERROR(AVERAGEIFS(INDIRECT("Tabela1["&$D17&"]"),Tabela1[Turno],$F17,Tabela1[Data],Y$3)/100,"") -> 0.6375 | Z17: =IFERROR(AVERAGEIFS(INDIRECT("Tabela1["&$D17&"]"),Tabela1[Turno],$F17,Tabela1[Data],Z$3)/100,"") -> 0.7425 | AA17: =IFERROR(AVERAGEIFS(INDIRECT("Tabela1["&$D17&"]"),Tabela1[Turno],$F17,Tabela1[Data],AA$3)/100,"") -> 0.72 | AB17: =IFERROR(AVERAGEIFS(INDIRECT("Tabela1["&$D17&"]"),Tabela1[Turno],$F17,Tabela1[Data],AB$3)/100,"") | ... AR17: =IFERROR(AVERAGEIFS(INDIRECT("Tabela1["&$D17&"]"),Tabela1[Turno],$F17,Tabela1[Data],AR$3)/100,"")
A18: Meyn | B18: =F18 -> Unidade | C18: Sassami | D18: =IF(E18=0,D17,E18) -> % Eficiência da Pinçagem | F18: Unidade | G18: =IFERROR(AVERAGEIFS(INDIRECT("Tabela1["&$D18&"]"),Tabela1[Mês],G$3)/100,"") -> 0.59 | H18: =IFERROR(AVERAGEIFS(INDIRECT("Tabela1["&$D18&"]"),Tabela1[Mês],H$3)/100,"") -> 0.545 | I18: =IFERROR(AVERAGEIFS(INDIRECT("Tabela1["&$D18&"]"),Tabela1[Mês],I$3)/100,"") -> 0.44 | J18: =IFERROR(AVERAGEIFS(INDIRECT("Tabela1["&$D18&"]"),Tabela1[Mês],J$3)/100,"") -> 0.21 | K18: =IFERROR(AVERAGEIFS(INDIRECT("Tabela1["&$D18&"]"),Tabela1[Mês],K$3)/100,"") -> 0.53 | L18: =IFERROR(AVERAGEIFS(INDIRECT("Tabela1["&$D18&"]"),Tabela1[Mês],L$3)/100,"") -> 0.62 | M18: =IFERROR(AVERAGEIFS(INDIRECT("Tabela1["&$D18&"]"),Tabela1[Mês],M$3)/100,"") -> 0.6 | N18: =IFERROR(AVERAGEIFS(INDIRECT("Tabela1["&$D18&"]"),Tabela1[Mês],N$3)/100,"") -> 0.75302632 | ... R18: =IFERROR(AVERAGEIFS(INDIRECT("Tabela1["&$D18&"]"),Tabela1[Mês],R$3)/100,"") | U18: =IFERROR(AVERAGEIFS(INDIRECT("Tabela1["&$D18&"]"),Tabela1[Data],U$3)/100,"") -> 0.8075 | V18: =IFERROR(AVERAGEIFS(INDIRECT("Tabela1["&$D18&"]"),Tabela1[Data],V$3)/100,"") -> 0.77 | W18: =IFERROR(AVERAGEIFS(INDIRECT("Tabela1["&$D18&"]"),Tabela1[Data],W$3)/100,"") -> 0.84 | X18: =IFERROR(AVERAGEIFS(INDIRECT("Tabela1["&$D18&"]"),Tabela1[Data],X$3)/100,"") -> 0.6775 | Y18: =IFERROR(AVERAGEIFS(INDIRECT("Tabela1["&$D18&"]"),Tabela1[Data],Y$3)/100,"") -> 0.6375 | Z18: =IFERROR(AVERAGEIFS(INDIRECT("Tabela1["&$D18&"]"),Tabela1[Data],Z$3)/100,"") -> 0.7425 | AA18: =IFERROR(AVERAGEIFS(INDIRECT("Tabela1["&$D18&"]"),Tabela1[Data],AA$3)/100,"") -> 0.72 | AB18: =IFERROR(AVERAGEIFS(INDIRECT("Tabela1["&$D18&"]"),Tabela1[Data],AB$3)/100,"") | ... AR18: =IFERROR(AVERAGEIFS(INDIRECT("Tabela1["&$D18&"]"),Tabela1[Data],AR$3)/100,"")
A19: Meyn | B19: =F19 -> 1 | C19: Cartilagem | D19: =IF(E19=0,D18,E19) -> % Eficiência remoção cartilagem | E19: =Coleta!O1 -> % Eficiência remoção cartilagem | F19: 1 | G19: =IFERROR(AVERAGEIFS(INDIRECT("Tabela1["&$D19&"]"),Tabela1[Turno],$F19,Tabela1[Mês],G$3)/100,"") | H19: =IFERROR(AVERAGEIFS(INDIRECT("Tabela1["&$D19&"]"),Tabela1[Turno],$F19,Tabela1[Mês],H$3)/100,"") | I19: =IFERROR(AVERAGEIFS(INDIRECT("Tabela1["&$D19&"]"),Tabela1[Turno],$F19,Tabela1[Mês],I$3)/100,"") | J19: =IFERROR(AVERAGEIFS(INDIRECT("Tabela1["&$D19&"]"),Tabela1[Turno],$F19,Tabela1[Mês],J$3)/100,"") | K19: =IFERROR(AVERAGEIFS(INDIRECT("Tabela1["&$D19&"]"),Tabela1[Turno],$F19,Tabela1[Mês],K$3)/100,"") | L19: =IFERROR(AVERAGEIFS(INDIRECT("Tabela1["&$D19&"]"),Tabela1[Turno],$F19,Tabela1[Mês],L$3)/100,"") | M19: =IFERROR(AVERAGEIFS(INDIRECT("Tabela1["&$D19&"]"),Tabela1[Turno],$F19,Tabela1[Mês],M$3)/100,"") | N19: =IFERROR(AVERAGEIFS(INDIRECT("Tabela1["&$D19&"]"),Tabela1[Turno],$F19,Tabela1[Mês],N$3)/100,"") -> 0.676 | ... R19: =IFERROR(AVERAGEIFS(INDIRECT("Tabela1["&$D19&"]"),Tabela1[Turno],$F19,Tabela1[Mês],R$3)/100,"") | S19: 0.95 | U19: =IFERROR(AVERAGEIFS(INDIRECT("Tabela1["&$D19&"]"),Tabela1[Turno],$F19,Tabela1[Data],U$3)/100,"") | V19: =IFERROR(AVERAGEIFS(INDIRECT("Tabela1["&$D19&"]"),Tabela1[Turno],$F19,Tabela1[Data],V$3)/100,"") | W19: =IFERROR(AVERAGEIFS(INDIRECT("Tabela1["&$D19&"]"),Tabela1[Turno],$F19,Tabela1[Data],W$3)/100,"") | X19: =IFERROR(AVERAGEIFS(INDIRECT("Tabela1["&$D19&"]"),Tabela1[Turno],$F19,Tabela1[Data],X$3)/100,"") | Y19: =IFERROR(AVERAGEIFS(INDIRECT("Tabela1["&$D19&"]"),Tabela1[Turno],$F19,Tabela1[Data],Y$3)/100,"") | Z19: =IFERROR(AVERAGEIFS(INDIRECT("Tabela1["&$D19&"]"),Tabela1[Turno],$F19,Tabela1[Data],Z$3)/100,"") | AA19: =IFERROR(AVERAGEIFS(INDIRECT("Tabela1["&$D19&"]"),Tabela1[Turno],$F19,Tabela1[Data],AA$3)/100,"") | AB19: =IFERROR(AVERAGEIFS(INDIRECT("Tabela1["&$D19&"]"),Tabela1[Turno],$F19,Tabela1[Data],AB$3)/100,"") | ... AR19: =IFERROR(AVERAGEIFS(INDIRECT("Tabela1["&$D19&"]"),Tabela1[Turno],$F19,Tabela1[Data],AR$3)/100,"")
A20: Meyn | B20: =F20 -> 2 | C20: Cartilagem | D20: =IF(E20=0,D19,E20) -> % Eficiência remoção cartilagem | F20: 2 | G20: =IFERROR(AVERAGEIFS(INDIRECT("Tabela1["&$D20&"]"),Tabela1[Turno],$F20,Tabela1[Mês],G$3)/100,"") | H20: =IFERROR(AVERAGEIFS(INDIRECT("Tabela1["&$D20&"]"),Tabela1[Turno],$F20,Tabela1[Mês],H$3)/100,"") | I20: =IFERROR(AVERAGEIFS(INDIRECT("Tabela1["&$D20&"]"),Tabela1[Turno],$F20,Tabela1[Mês],I$3)/100,"") | J20: =IFERROR(AVERAGEIFS(INDIRECT("Tabela1["&$D20&"]"),Tabela1[Turno],$F20,Tabela1[Mês],J$3)/100,"") | K20: =IFERROR(AVERAGEIFS(INDIRECT("Tabela1["&$D20&"]"),Tabela1[Turno],$F20,Tabela1[Mês],K$3)/100,"") | L20: =IFERROR(AVERAGEIFS(INDIRECT("Tabela1["&$D20&"]"),Tabela1[Turno],$F20,Tabela1[Mês],L$3)/100,"") | M20: =IFERROR(AVERAGEIFS(INDIRECT("Tabela1["&$D20&"]"),Tabela1[Turno],$F20,Tabela1[Mês],M$3)/100,"") | N20: =IFERROR(AVERAGEIFS(INDIRECT("Tabela1["&$D20&"]"),Tabela1[Turno],$F20,Tabela1[Mês],N$3)/100,"") -> 0.68457143 | ... R20: =IFERROR(AVERAGEIFS(INDIRECT("Tabela1["&$D20&"]"),Tabela1[Turno],$F20,Tabela1[Mês],R$3)/100,"") | U20: =IFERROR(AVERAGEIFS(INDIRECT("Tabela1["&$D20&"]"),Tabela1[Turno],$F20,Tabela1[Data],U$3)/100,"") -> 0.7525 | V20: =IFERROR(AVERAGEIFS(INDIRECT("Tabela1["&$D20&"]"),Tabela1[Turno],$F20,Tabela1[Data],V$3)/100,"") -> 0.865 | W20: =IFERROR(AVERAGEIFS(INDIRECT("Tabela1["&$D20&"]"),Tabela1[Turno],$F20,Tabela1[Data],W$3)/100,"") -> 0.83666667 | X20: =IFERROR(AVERAGEIFS(INDIRECT("Tabela1["&$D20&"]"),Tabela1[Turno],$F20,Tabela1[Data],X$3)/100,"") -> 0.8275 | Y20: =IFERROR(AVERAGEIFS(INDIRECT("Tabela1["&$D20&"]"),Tabela1[Turno],$F20,Tabela1[Data],Y$3)/100,"") -> 0.7625 | Z20: =IFERROR(AVERAGEIFS(INDIRECT("Tabela1["&$D20&"]"),Tabela1[Turno],$F20,Tabela1[Data],Z$3)/100,"") -> 0.75 | AA20: =IFERROR(AVERAGEIFS(INDIRECT("Tabela1["&$D20&"]"),Tabela1[Turno],$F20,Tabela1[Data],AA$3)/100,"") -> 0.8025 | AB20: =IFERROR(AVERAGEIFS(INDIRECT("Tabela1["&$D20&"]"),Tabela1[Turno],$F20,Tabela1[Data],AB$3)/100,"") | ... AR20: =IFERROR(AVERAGEIFS(INDIRECT("Tabela1["&$D20&"]"),Tabela1[Turno],$F20,Tabela1[Data],AR$3)/100,"")
A21: Meyn | B21: =F21 -> Unidade | C21: Cartilagem | D21: =IF(E21=0,D20,E21) -> % Eficiência remoção cartilagem | F21: Unidade | G21: =IFERROR(AVERAGEIFS(INDIRECT("Tabela1["&$D21&"]"),Tabela1[Mês],G$3)/100,"") | H21: =IFERROR(AVERAGEIFS(INDIRECT("Tabela1["&$D21&"]"),Tabela1[Mês],H$3)/100,"") | I21: =IFERROR(AVERAGEIFS(INDIRECT("Tabela1["&$D21&"]"),Tabela1[Mês],I$3)/100,"") | J21: =IFERROR(AVERAGEIFS(INDIRECT("Tabela1["&$D21&"]"),Tabela1[Mês],J$3)/100,"") | K21: =IFERROR(AVERAGEIFS(INDIRECT("Tabela1["&$D21&"]"),Tabela1[Mês],K$3)/100,"") | L21: =IFERROR(AVERAGEIFS(INDIRECT("Tabela1["&$D21&"]"),Tabela1[Mês],L$3)/100,"") | M21: =IFERROR(AVERAGEIFS(INDIRECT("Tabela1["&$D21&"]"),Tabela1[Mês],M$3)/100,"") | N21: =IFERROR(AVERAGEIFS(INDIRECT("Tabela1["&$D21&"]"),Tabela1[Mês],N$3)/100,"") -> 0.68434211 | ... R21: =IFERROR(AVERAGEIFS(INDIRECT("Tabela1["&$D21&"]"),Tabela1[Mês],R$3)/100,"") | U21: =IFERROR(AVERAGEIFS(INDIRECT("Tabela1["&$D21&"]"),Tabela1[Data],U$3)/100,"") -> 0.7525 | V21: =IFERROR(AVERAGEIFS(INDIRECT("Tabela1["&$D21&"]"),Tabela1[Data],V$3)/100,"") -> 0.865 | W21: =IFERROR(AVERAGEIFS(INDIRECT("Tabela1["&$D21&"]"),Tabela1[Data],W$3)/100,"") -> 0.83666667 | X21: =IFERROR(AVERAGEIFS(INDIRECT("Tabela1["&$D21&"]"),Tabela1[Data],X$3)/100,"") -> 0.8275 | Y21: =IFERROR(AVERAGEIFS(INDIRECT("Tabela1["&$D21&"]"),Tabela1[Data],Y$3)/100,"") -> 0.7625 | Z21: =IFERROR(AVERAGEIFS(INDIRECT("Tabela1["&$D21&"]"),Tabela1[Data],Z$3)/100,"") -> 0.75 | AA21: =IFERROR(AVERAGEIFS(INDIRECT("Tabela1["&$D21&"]"),Tabela1[Data],AA$3)/100,"") -> 0.8025 | AB21: =IFERROR(AVERAGEIFS(INDIRECT("Tabela1["&$D21&"]"),Tabela1[Data],AB$3)/100,"") | ... AR21: =IFERROR(AVERAGEIFS(INDIRECT("Tabela1["&$D21&"]"),Tabela1[Data],AR$3)/100,"")
A22: Cone | B22: =F22 -> 1 | C22: Perna | D22: =IF(E22=0,D21,E22) -> Corte Perna Cone | E22: =Coleta!P1 -> Corte Perna Cone | F22: 1 | G22: =IFERROR(AVERAGEIFS(INDIRECT("Tabela1["&$D22&"]"),Tabela1[Turno],$F22,Tabela1[Mês],G$3),"") | H22: =IFERROR(AVERAGEIFS(INDIRECT("Tabela1["&$D22&"]"),Tabela1[Turno],$F22,Tabela1[Mês],H$3),"") | I22: =IFERROR(AVERAGEIFS(INDIRECT("Tabela1["&$D22&"]"),Tabela1[Turno],$F22,Tabela1[Mês],I$3),"") | J22: =IFERROR(AVERAGEIFS(INDIRECT("Tabela1["&$D22&"]"),Tabela1[Turno],$F22,Tabela1[Mês],J$3),"") | K22: =IFERROR(AVERAGEIFS(INDIRECT("Tabela1["&$D22&"]"),Tabela1[Turno],$F22,Tabela1[Mês],K$3),"") | L22: =IFERROR(AVERAGEIFS(INDIRECT("Tabela1["&$D22&"]"),Tabela1[Turno],$F22,Tabela1[Mês],L$3),"") | M22: =IFERROR(AVERAGEIFS(INDIRECT("Tabela1["&$D22&"]"),Tabela1[Turno],$F22,Tabela1[Mês],M$3),"") | N22: =IFERROR(AVERAGEIFS(INDIRECT("Tabela1["&$D22&"]"),Tabela1[Turno],$F22,Tabela1[Mês],N$3),"") -> 8.2 | ... R22: =IFERROR(AVERAGEIFS(INDIRECT("Tabela1["&$D22&"]"),Tabela1[Turno],$F22,Tabela1[Mês],R$3),"") | S22: 10 | U22: =IFERROR(AVERAGEIFS(INDIRECT("Tabela1["&$D22&"]"),Tabela1[Turno],$F22,Tabela1[Data],U$3),"") | V22: =IFERROR(AVERAGEIFS(INDIRECT("Tabela1["&$D22&"]"),Tabela1[Turno],$F22,Tabela1[Data],V$3),"") | W22: =IFERROR(AVERAGEIFS(INDIRECT("Tabela1["&$D22&"]"),Tabela1[Turno],$F22,Tabela1[Data],W$3),"") | X22: =IFERROR(AVERAGEIFS(INDIRECT("Tabela1["&$D22&"]"),Tabela1[Turno],$F22,Tabela1[Data],X$3),"") | Y22: =IFERROR(AVERAGEIFS(INDIRECT("Tabela1["&$D22&"]"),Tabela1[Turno],$F22,Tabela1[Data],Y$3),"") | Z22: =IFERROR(AVERAGEIFS(INDIRECT("Tabela1["&$D22&"]"),Tabela1[Turno],$F22,Tabela1[Data],Z$3),"") | AA22: =IFERROR(AVERAGEIFS(INDIRECT("Tabela1["&$D22&"]"),Tabela1[Turno],$F22,Tabela1[Data],AA$3),"") | AB22: =IFERROR(AVERAGEIFS(INDIRECT("Tabela1["&$D22&"]"),Tabela1[Turno],$F22,Tabela1[Data],AB$3),"") | ... AR22: =IFERROR(AVERAGEIFS(INDIRECT("Tabela1["&$D22&"]"),Tabela1[Turno],$F22,Tabela1[Data],AR$3),"")
A23: Cone | B23: =F23 -> 2 | C23: Perna | D23: =IF(E23=0,D22,E23) -> Corte Perna Cone | F23: 2 | G23: =IFERROR(AVERAGEIFS(INDIRECT("Tabela1["&$D23&"]"),Tabela1[Turno],$F23,Tabela1[Mês],G$3),"") | H23: =IFERROR(AVERAGEIFS(INDIRECT("Tabela1["&$D23&"]"),Tabela1[Turno],$F23,Tabela1[Mês],H$3),"") | I23: =IFERROR(AVERAGEIFS(INDIRECT("Tabela1["&$D23&"]"),Tabela1[Turno],$F23,Tabela1[Mês],I$3),"") | J23: =IFERROR(AVERAGEIFS(INDIRECT("Tabela1["&$D23&"]"),Tabela1[Turno],$F23,Tabela1[Mês],J$3),"") | K23: =IFERROR(AVERAGEIFS(INDIRECT("Tabela1["&$D23&"]"),Tabela1[Turno],$F23,Tabela1[Mês],K$3),"") | L23: =IFERROR(AVERAGEIFS(INDIRECT("Tabela1["&$D23&"]"),Tabela1[Turno],$F23,Tabela1[Mês],L$3),"") | M23: =IFERROR(AVERAGEIFS(INDIRECT("Tabela1["&$D23&"]"),Tabela1[Turno],$F23,Tabela1[Mês],M$3),"") | N23: =IFERROR(AVERAGEIFS(INDIRECT("Tabela1["&$D23&"]"),Tabela1[Turno],$F23,Tabela1[Mês],N$3),"") -> 6.5072464 | ... R23: =IFERROR(AVERAGEIFS(INDIRECT("Tabela1["&$D23&"]"),Tabela1[Turno],$F23,Tabela1[Mês],R$3),"") | U23: =IFERROR(AVERAGEIFS(INDIRECT("Tabela1["&$D23&"]"),Tabela1[Turno],$F23,Tabela1[Data],U$3),"") -> 6 | V23: =IFERROR(AVERAGEIFS(INDIRECT("Tabela1["&$D23&"]"),Tabela1[Turno],$F23,Tabela1[Data],V$3),"") -> 6 | W23: =IFERROR(AVERAGEIFS(INDIRECT("Tabela1["&$D23&"]"),Tabela1[Turno],$F23,Tabela1[Data],W$3),"") -> 6.3333333 | X23: =IFERROR(AVERAGEIFS(INDIRECT("Tabela1["&$D23&"]"),Tabela1[Turno],$F23,Tabela1[Data],X$3),"") -> 7 | Y23: =IFERROR(AVERAGEIFS(INDIRECT("Tabela1["&$D23&"]"),Tabela1[Turno],$F23,Tabela1[Data],Y$3),"") -> 7 | Z23: =IFERROR(AVERAGEIFS(INDIRECT("Tabela1["&$D23&"]"),Tabela1[Turno],$F23,Tabela1[Data],Z$3),"") -> 7 | AA23: =IFERROR(AVERAGEIFS(INDIRECT("Tabela1["&$D23&"]"),Tabela1[Turno],$F23,Tabela1[Data],AA$3),"") -> 6.5 | AB23: =IFERROR(AVERAGEIFS(INDIRECT("Tabela1["&$D23&"]"),Tabela1[Turno],$F23,Tabela1[Data],AB$3),"") | ... AR23: =IFERROR(AVERAGEIFS(INDIRECT("Tabela1["&$D23&"]"),Tabela1[Turno],$F23,Tabela1[Data],AR$3),"")
A24: Cone | B24: =F24 -> Unidade | C24: Perna | D24: =IF(E24=0,D23,E24) -> Corte Perna Cone | F24: Unidade | G24: =IFERROR(AVERAGEIFS(INDIRECT("Tabela1["&$D24&"]"),Tabela1[Mês],G$3),"") | H24: =IFERROR(AVERAGEIFS(INDIRECT("Tabela1["&$D24&"]"),Tabela1[Mês],H$3),"") | I24: =IFERROR(AVERAGEIFS(INDIRECT("Tabela1["&$D24&"]"),Tabela1[Mês],I$3),"") | J24: =IFERROR(AVERAGEIFS(INDIRECT("Tabela1["&$D24&"]"),Tabela1[Mês],J$3),"") | K24: =IFERROR(AVERAGEIFS(INDIRECT("Tabela1["&$D24&"]"),Tabela1[Mês],K$3),"") | L24: =IFERROR(AVERAGEIFS(INDIRECT("Tabela1["&$D24&"]"),Tabela1[Mês],L$3),"") | M24: =IFERROR(AVERAGEIFS(INDIRECT("Tabela1["&$D24&"]"),Tabela1[Mês],M$3),"") | N24: =IFERROR(AVERAGEIFS(INDIRECT("Tabela1["&$D24&"]"),Tabela1[Mês],N$3),"") -> 6.6266667 | ... R24: =IFERROR(AVERAGEIFS(INDIRECT("Tabela1["&$D24&"]"),Tabela1[Mês],R$3),"") | U24: =IFERROR(AVERAGEIFS(INDIRECT("Tabela1["&$D24&"]"),Tabela1[Data],U$3),"") -> 6 | V24: =IFERROR(AVERAGEIFS(INDIRECT("Tabela1["&$D24&"]"),Tabela1[Data],V$3),"") -> 6 | W24: =IFERROR(AVERAGEIFS(INDIRECT("Tabela1["&$D24&"]"),Tabela1[Data],W$3),"") -> 6.3333333 | X24: =IFERROR(AVERAGEIFS(INDIRECT("Tabela1["&$D24&"]"),Tabela1[Data],X$3),"") -> 7 | Y24: =IFERROR(AVERAGEIFS(INDIRECT("Tabela1["&$D24&"]"),Tabela1[Data],Y$3),"") -> 7 | Z24: =IFERROR(AVERAGEIFS(INDIRECT("Tabela1["&$D24&"]"),Tabela1[Data],Z$3),"") -> 7 | AA24: =IFERROR(AVERAGEIFS(INDIRECT("Tabela1["&$D24&"]"),Tabela1[Data],AA$3),"") -> 6.5 | AB24: =IFERROR(AVERAGEIFS(INDIRECT("Tabela1["&$D24&"]"),Tabela1[Data],AB$3),"") | ... AR24: =IFERROR(AVERAGEIFS(INDIRECT("Tabela1["&$D24&"]"),Tabela1[Data],AR$3),"")
A25: Cone | B25: =F25 -> 1 | C25: Peito | D25: =IF(E25=0,D24,E25) -> Peito na Asa Cone | E25: =Coleta!Q1 -> Peito na Asa Cone | F25: 1 | G25: =IFERROR(AVERAGEIFS(INDIRECT("Tabela1["&$D25&"]"),Tabela1[Turno],$F25,Tabela1[Mês],G$3),"") | H25: =IFERROR(AVERAGEIFS(INDIRECT("Tabela1["&$D25&"]"),Tabela1[Turno],$F25,Tabela1[Mês],H$3),"") | I25: =IFERROR(AVERAGEIFS(INDIRECT("Tabela1["&$D25&"]"),Tabela1[Turno],$F25,Tabela1[Mês],I$3),"") | J25: =IFERROR(AVERAGEIFS(INDIRECT("Tabela1["&$D25&"]"),Tabela1[Turno],$F25,Tabela1[Mês],J$3),"") | K25: =IFERROR(AVERAGEIFS(INDIRECT("Tabela1["&$D25&"]"),Tabela1[Turno],$F25,Tabela1[Mês],K$3),"") | L25: =IFERROR(AVERAGEIFS(INDIRECT("Tabela1["&$D25&"]"),Tabela1[Turno],$F25,Tabela1[Mês],L$3),"") | M25: =IFERROR(AVERAGEIFS(INDIRECT("Tabela1["&$D25&"]"),Tabela1[Turno],$F25,Tabela1[Mês],M$3),"") | N25: =IFERROR(AVERAGEIFS(INDIRECT("Tabela1["&$D25&"]"),Tabela1[Turno],$F25,Tabela1[Mês],N$3),"") -> 9.4 | ... R25: =IFERROR(AVERAGEIFS(INDIRECT("Tabela1["&$D25&"]"),Tabela1[Turno],$F25,Tabela1[Mês],R$3),"") | S25: 10 | U25: =IFERROR(AVERAGEIFS(INDIRECT("Tabela1["&$D25&"]"),Tabela1[Turno],$F25,Tabela1[Data],U$3),"") | V25: =IFERROR(AVERAGEIFS(INDIRECT("Tabela1["&$D25&"]"),Tabela1[Turno],$F25,Tabela1[Data],V$3),"") | W25: =IFERROR(AVERAGEIFS(INDIRECT("Tabela1["&$D25&"]"),Tabela1[Turno],$F25,Tabela1[Data],W$3),"") | X25: =IFERROR(AVERAGEIFS(INDIRECT("Tabela1["&$D25&"]"),Tabela1[Turno],$F25,Tabela1[Data],X$3),"") | Y25: =IFERROR(AVERAGEIFS(INDIRECT("Tabela1["&$D25&"]"),Tabela1[Turno],$F25,Tabela1[Data],Y$3),"") | Z25: =IFERROR(AVERAGEIFS(INDIRECT("Tabela1["&$D25&"]"),Tabela1[Turno],$F25,Tabela1[Data],Z$3),"") | AA25: =IFERROR(AVERAGEIFS(INDIRECT("Tabela1["&$D25&"]"),Tabela1[Turno],$F25,Tabela1[Data],AA$3),"") | AB25: =IFERROR(AVERAGEIFS(INDIRECT("Tabela1["&$D25&"]"),Tabela1[Turno],$F25,Tabela1[Data],AB$3),"") | ... AR25: =IFERROR(AVERAGEIFS(INDIRECT("Tabela1["&$D25&"]"),Tabela1[Turno],$F25,Tabela1[Data],AR$3),"")
A26: Cone | B26: =F26 -> 2 | C26: Peito | D26: =IF(E26=0,D25,E26) -> Peito na Asa Cone | F26: 2 | G26: =IFERROR(AVERAGEIFS(INDIRECT("Tabela1["&$D26&"]"),Tabela1[Turno],$F26,Tabela1[Mês],G$3),"") | H26: =IFERROR(AVERAGEIFS(INDIRECT("Tabela1["&$D26&"]"),Tabela1[Turno],$F26,Tabela1[Mês],H$3),"") | I26: =IFERROR(AVERAGEIFS(INDIRECT("Tabela1["&$D26&"]"),Tabela1[Turno],$F26,Tabela1[Mês],I$3),"") | J26: =IFERROR(AVERAGEIFS(INDIRECT("Tabela1["&$D26&"]"),Tabela1[Turno],$F26,Tabela1[Mês],J$3),"") | K26: =IFERROR(AVERAGEIFS(INDIRECT("Tabela1["&$D26&"]"),Tabela1[Turno],$F26,Tabela1[Mês],K$3),"") | L26: =IFERROR(AVERAGEIFS(INDIRECT("Tabela1["&$D26&"]"),Tabela1[Turno],$F26,Tabela1[Mês],L$3),"") | M26: =IFERROR(AVERAGEIFS(INDIRECT("Tabela1["&$D26&"]"),Tabela1[Turno],$F26,Tabela1[Mês],M$3),"") | N26: =IFERROR(AVERAGEIFS(INDIRECT("Tabela1["&$D26&"]"),Tabela1[Turno],$F26,Tabela1[Mês],N$3),"") -> 6.6029412 | ... R26: =IFERROR(AVERAGEIFS(INDIRECT("Tabela1["&$D26&"]"),Tabela1[Turno],$F26,Tabela1[Mês],R$3),"") | U26: =IFERROR(AVERAGEIFS(INDIRECT("Tabela1["&$D26&"]"),Tabela1[Turno],$F26,Tabela1[Data],U$3),"") -> 7.75 | V26: =IFERROR(AVERAGEIFS(INDIRECT("Tabela1["&$D26&"]"),Tabela1[Turno],$F26,Tabela1[Data],V$3),"") -> 7 | W26: =IFERROR(AVERAGEIFS(INDIRECT("Tabela1["&$D26&"]"),Tabela1[Turno],$F26,Tabela1[Data],W$3),"") -> 7 | X26: =IFERROR(AVERAGEIFS(INDIRECT("Tabela1["&$D26&"]"),Tabela1[Turno],$F26,Tabela1[Data],X$3),"") -> 7 | Y26: =IFERROR(AVERAGEIFS(INDIRECT("Tabela1["&$D26&"]"),Tabela1[Turno],$F26,Tabela1[Data],Y$3),"") -> 7 | Z26: =IFERROR(AVERAGEIFS(INDIRECT("Tabela1["&$D26&"]"),Tabela1[Turno],$F26,Tabela1[Data],Z$3),"") -> 7 | AA26: =IFERROR(AVERAGEIFS(INDIRECT("Tabela1["&$D26&"]"),Tabela1[Turno],$F26,Tabela1[Data],AA$3),"") -> 7 | AB26: =IFERROR(AVERAGEIFS(INDIRECT("Tabela1["&$D26&"]"),Tabela1[Turno],$F26,Tabela1[Data],AB$3),"") | ... AR26: =IFERROR(AVERAGEIFS(INDIRECT("Tabela1["&$D26&"]"),Tabela1[Turno],$F26,Tabela1[Data],AR$3),"")
A27: Cone | B27: =F27 -> Unidade | C27: Peito | D27: =IF(E27=0,D26,E27) -> Peito na Asa Cone | F27: Unidade | G27: =IFERROR(AVERAGEIFS(INDIRECT("Tabela1["&$D27&"]"),Tabela1[Mês],G$3),"") | H27: =IFERROR(AVERAGEIFS(INDIRECT("Tabela1["&$D27&"]"),Tabela1[Mês],H$3),"") | I27: =IFERROR(AVERAGEIFS(INDIRECT("Tabela1["&$D27&"]"),Tabela1[Mês],I$3),"") | J27: =IFERROR(AVERAGEIFS(INDIRECT("Tabela1["&$D27&"]"),Tabela1[Mês],J$3),"") | K27: =IFERROR(AVERAGEIFS(INDIRECT("Tabela1["&$D27&"]"),Tabela1[Mês],K$3),"") | L27: =IFERROR(AVERAGEIFS(INDIRECT("Tabela1["&$D27&"]"),Tabela1[Mês],L$3),"") | M27: =IFERROR(AVERAGEIFS(INDIRECT("Tabela1["&$D27&"]"),Tabela1[Mês],M$3),"") | N27: =IFERROR(AVERAGEIFS(INDIRECT("Tabela1["&$D27&"]"),Tabela1[Mês],N$3),"") -> 6.7972973 | ... R27: =IFERROR(AVERAGEIFS(INDIRECT("Tabela1["&$D27&"]"),Tabela1[Mês],R$3),"") | U27: =IFERROR(AVERAGEIFS(INDIRECT("Tabela1["&$D27&"]"),Tabela1[Data],U$3),"") -> 7.75 | V27: =IFERROR(AVERAGEIFS(INDIRECT("Tabela1["&$D27&"]"),Tabela1[Data],V$3),"") -> 7 | W27: =IFERROR(AVERAGEIFS(INDIRECT("Tabela1["&$D27&"]"),Tabela1[Data],W$3),"") -> 7 | X27: =IFERROR(AVERAGEIFS(INDIRECT("Tabela1["&$D27&"]"),Tabela1[Data],X$3),"") -> 7 | Y27: =IFERROR(AVERAGEIFS(INDIRECT("Tabela1["&$D27&"]"),Tabela1[Data],Y$3),"") -> 7 | Z27: =IFERROR(AVERAGEIFS(INDIRECT("Tabela1["&$D27&"]"),Tabela1[Data],Z$3),"") -> 7 | AA27: =IFERROR(AVERAGEIFS(INDIRECT("Tabela1["&$D27&"]"),Tabela1[Data],AA$3),"") -> 7 | AB27: =IFERROR(AVERAGEIFS(INDIRECT("Tabela1["&$D27&"]"),Tabela1[Data],AB$3),"") | ... AR27: =IFERROR(AVERAGEIFS(INDIRECT("Tabela1["&$D27&"]"),Tabela1[Data],AR$3),"")
A28: Cone | B28: =F28 -> 1 | C28: Asa | D28: =IF(E28=0,D27,E28) -> Medalhão na Asa Cone | E28: =Coleta!R1 -> Medalhão na Asa Cone | F28: 1 | G28: =IFERROR(AVERAGEIFS(INDIRECT("Tabela1["&$D28&"]"),Tabela1[Turno],$F28,Tabela1[Mês],G$3),"") | H28: =IFERROR(AVERAGEIFS(INDIRECT("Tabela1["&$D28&"]"),Tabela1[Turno],$F28,Tabela1[Mês],H$3),"") | I28: =IFERROR(AVERAGEIFS(INDIRECT("Tabela1["&$D28&"]"),Tabela1[Turno],$F28,Tabela1[Mês],I$3),"") | J28: =IFERROR(AVERAGEIFS(INDIRECT("Tabela1["&$D28&"]"),Tabela1[Turno],$F28,Tabela1[Mês],J$3),"") | K28: =IFERROR(AVERAGEIFS(INDIRECT("Tabela1["&$D28&"]"),Tabela1[Turno],$F28,Tabela1[Mês],K$3),"") | L28: =IFERROR(AVERAGEIFS(INDIRECT("Tabela1["&$D28&"]"),Tabela1[Turno],$F28,Tabela1[Mês],L$3),"") | M28: =IFERROR(AVERAGEIFS(INDIRECT("Tabela1["&$D28&"]"),Tabela1[Turno],$F28,Tabela1[Mês],M$3),"") | N28: =IFERROR(AVERAGEIFS(INDIRECT("Tabela1["&$D28&"]"),Tabela1[Turno],$F28,Tabela1[Mês],N$3),"") -> 8.2 | ... R28: =IFERROR(AVERAGEIFS(INDIRECT("Tabela1["&$D28&"]"),Tabela1[Turno],$F28,Tabela1[Mês],R$3),"") | S28: 10 | U28: =IFERROR(AVERAGEIFS(INDIRECT("Tabela1["&$D28&"]"),Tabela1[Turno],$F28,Tabela1[Data],U$3),"") | V28: =IFERROR(AVERAGEIFS(INDIRECT("Tabela1["&$D28&"]"),Tabela1[Turno],$F28,Tabela1[Data],V$3),"") | W28: =IFERROR(AVERAGEIFS(INDIRECT("Tabela1["&$D28&"]"),Tabela1[Turno],$F28,Tabela1[Data],W$3),"") | X28: =IFERROR(AVERAGEIFS(INDIRECT("Tabela1["&$D28&"]"),Tabela1[Turno],$F28,Tabela1[Data],X$3),"") | Y28: =IFERROR(AVERAGEIFS(INDIRECT("Tabela1["&$D28&"]"),Tabela1[Turno],$F28,Tabela1[Data],Y$3),"") | Z28: =IFERROR(AVERAGEIFS(INDIRECT("Tabela1["&$D28&"]"),Tabela1[Turno],$F28,Tabela1[Data],Z$3),"") | AA28: =IFERROR(AVERAGEIFS(INDIRECT("Tabela1["&$D28&"]"),Tabela1[Turno],$F28,Tabela1[Data],AA$3),"") | AB28: =IFERROR(AVERAGEIFS(INDIRECT("Tabela1["&$D28&"]"),Tabela1[Turno],$F28,Tabela1[Data],AB$3),"") | ... AR28: =IFERROR(AVERAGEIFS(INDIRECT("Tabela1["&$D28&"]"),Tabela1[Turno],$F28,Tabela1[Data],AR$3),"")
A29: Cone | B29: =F29 -> 2 | C29: Asa | D29: =IF(E29=0,D28,E29) -> Medalhão na Asa Cone | F29: 2 | G29: =IFERROR(AVERAGEIFS(INDIRECT("Tabela1["&$D29&"]"),Tabela1[Turno],$F29,Tabela1[Mês],G$3),"") | H29: =IFERROR(AVERAGEIFS(INDIRECT("Tabela1["&$D29&"]"),Tabela1[Turno],$F29,Tabela1[Mês],H$3),"") | I29: =IFERROR(AVERAGEIFS(INDIRECT("Tabela1["&$D29&"]"),Tabela1[Turno],$F29,Tabela1[Mês],I$3),"") | J29: =IFERROR(AVERAGEIFS(INDIRECT("Tabela1["&$D29&"]"),Tabela1[Turno],$F29,Tabela1[Mês],J$3),"") | K29: =IFERROR(AVERAGEIFS(INDIRECT("Tabela1["&$D29&"]"),Tabela1[Turno],$F29,Tabela1[Mês],K$3),"") | L29: =IFERROR(AVERAGEIFS(INDIRECT("Tabela1["&$D29&"]"),Tabela1[Turno],$F29,Tabela1[Mês],L$3),"") | M29: =IFERROR(AVERAGEIFS(INDIRECT("Tabela1["&$D29&"]"),Tabela1[Turno],$F29,Tabela1[Mês],M$3),"") | N29: =IFERROR(AVERAGEIFS(INDIRECT("Tabela1["&$D29&"]"),Tabela1[Turno],$F29,Tabela1[Mês],N$3),"") -> 6.9285714 | ... R29: =IFERROR(AVERAGEIFS(INDIRECT("Tabela1["&$D29&"]"),Tabela1[Turno],$F29,Tabela1[Mês],R$3),"") | U29: =IFERROR(AVERAGEIFS(INDIRECT("Tabela1["&$D29&"]"),Tabela1[Turno],$F29,Tabela1[Data],U$3),"") -> 7 | V29: =IFERROR(AVERAGEIFS(INDIRECT("Tabela1["&$D29&"]"),Tabela1[Turno],$F29,Tabela1[Data],V$3),"") -> 7 | W29: =IFERROR(AVERAGEIFS(INDIRECT("Tabela1["&$D29&"]"),Tabela1[Turno],$F29,Tabela1[Data],W$3),"") -> 7 | X29: =IFERROR(AVERAGEIFS(INDIRECT("Tabela1["&$D29&"]"),Tabela1[Turno],$F29,Tabela1[Data],X$3),"") -> 7 | Y29: =IFERROR(AVERAGEIFS(INDIRECT("Tabela1["&$D29&"]"),Tabela1[Turno],$F29,Tabela1[Data],Y$3),"") -> 7 | Z29: =IFERROR(AVERAGEIFS(INDIRECT("Tabela1["&$D29&"]"),Tabela1[Turno],$F29,Tabela1[Data],Z$3),"") -> 7 | AA29: =IFERROR(AVERAGEIFS(INDIRECT("Tabela1["&$D29&"]"),Tabela1[Turno],$F29,Tabela1[Data],AA$3),"") -> 7 | AB29: =IFERROR(AVERAGEIFS(INDIRECT("Tabela1["&$D29&"]"),Tabela1[Turno],$F29,Tabela1[Data],AB$3),"") | ... AR29: =IFERROR(AVERAGEIFS(INDIRECT("Tabela1["&$D29&"]"),Tabela1[Turno],$F29,Tabela1[Data],AR$3),"")
A30: Cone | B30: =F30 -> Unidade | C30: Asa | D30: =IF(E30=0,D29,E30) -> Medalhão na Asa Cone | F30: Unidade | G30: =IFERROR(AVERAGEIFS(INDIRECT("Tabela1["&$D30&"]"),Tabela1[Mês],G$3),"") | H30: =IFERROR(AVERAGEIFS(INDIRECT("Tabela1["&$D30&"]"),Tabela1[Mês],H$3),"") | I30: =IFERROR(AVERAGEIFS(INDIRECT("Tabela1["&$D30&"]"),Tabela1[Mês],I$3),"") | J30: =IFERROR(AVERAGEIFS(INDIRECT("Tabela1["&$D30&"]"),Tabela1[Mês],J$3),"") | K30: =IFERROR(AVERAGEIFS(INDIRECT("Tabela1["&$D30&"]"),Tabela1[Mês],K$3),"") | L30: =IFERROR(AVERAGEIFS(INDIRECT("Tabela1["&$D30&"]"),Tabela1[Mês],L$3),"") | M30: =IFERROR(AVERAGEIFS(INDIRECT("Tabela1["&$D30&"]"),Tabela1[Mês],M$3),"") | N30: =IFERROR(AVERAGEIFS(INDIRECT("Tabela1["&$D30&"]"),Tabela1[Mês],N$3),"") -> 7.0131579 | ... R30: =IFERROR(AVERAGEIFS(INDIRECT("Tabela1["&$D30&"]"),Tabela1[Mês],R$3),"") | U30: =IFERROR(AVERAGEIFS(INDIRECT("Tabela1["&$D30&"]"),Tabela1[Data],U$3),"") -> 7 | V30: =IFERROR(AVERAGEIFS(INDIRECT("Tabela1["&$D30&"]"),Tabela1[Data],V$3),"") -> 7 | W30: =IFERROR(AVERAGEIFS(INDIRECT("Tabela1["&$D30&"]"),Tabela1[Data],W$3),"") -> 7 | X30: =IFERROR(AVERAGEIFS(INDIRECT("Tabela1["&$D30&"]"),Tabela1[Data],X$3),"") -> 7 | Y30: =IFERROR(AVERAGEIFS(INDIRECT("Tabela1["&$D30&"]"),Tabela1[Data],Y$3),"") -> 7 | Z30: =IFERROR(AVERAGEIFS(INDIRECT("Tabela1["&$D30&"]"),Tabela1[Data],Z$3),"") -> 7 | AA30: =IFERROR(AVERAGEIFS(INDIRECT("Tabela1["&$D30&"]"),Tabela1[Data],AA$3),"") -> 7 | AB30: =IFERROR(AVERAGEIFS(INDIRECT("Tabela1["&$D30&"]"),Tabela1[Data],AB$3),"") | ... AR30: =IFERROR(AVERAGEIFS(INDIRECT("Tabela1["&$D30&"]"),Tabela1[Data],AR$3),"")
A31: Cone | B31: =F31 -> 1 | C31: Peito | D31: =IF(E31=0,D30,E31) -> Corte Peito Cone | E31: =Coleta!S1 -> Corte Peito Cone | F31: 1 | G31: =IFERROR(AVERAGEIFS(INDIRECT("Tabela1["&$D31&"]"),Tabela1[Turno],$F31,Tabela1[Mês],G$3),"") | H31: =IFERROR(AVERAGEIFS(INDIRECT("Tabela1["&$D31&"]"),Tabela1[Turno],$F31,Tabela1[Mês],H$3),"") | I31: =IFERROR(AVERAGEIFS(INDIRECT("Tabela1["&$D31&"]"),Tabela1[Turno],$F31,Tabela1[Mês],I$3),"") | J31: =IFERROR(AVERAGEIFS(INDIRECT("Tabela1["&$D31&"]"),Tabela1[Turno],$F31,Tabela1[Mês],J$3),"") | K31: =IFERROR(AVERAGEIFS(INDIRECT("Tabela1["&$D31&"]"),Tabela1[Turno],$F31,Tabela1[Mês],K$3),"") | L31: =IFERROR(AVERAGEIFS(INDIRECT("Tabela1["&$D31&"]"),Tabela1[Turno],$F31,Tabela1[Mês],L$3),"") | M31: =IFERROR(AVERAGEIFS(INDIRECT("Tabela1["&$D31&"]"),Tabela1[Turno],$F31,Tabela1[Mês],M$3),"") | N31: =IFERROR(AVERAGEIFS(INDIRECT("Tabela1["&$D31&"]"),Tabela1[Turno],$F31,Tabela1[Mês],N$3),"") -> 7.8 | ... R31: =IFERROR(AVERAGEIFS(INDIRECT("Tabela1["&$D31&"]"),Tabela1[Turno],$F31,Tabela1[Mês],R$3),"") | S31: 10 | U31: =IFERROR(AVERAGEIFS(INDIRECT("Tabela1["&$D31&"]"),Tabela1[Turno],$F31,Tabela1[Data],U$3),"") | V31: =IFERROR(AVERAGEIFS(INDIRECT("Tabela1["&$D31&"]"),Tabela1[Turno],$F31,Tabela1[Data],V$3),"") | W31: =IFERROR(AVERAGEIFS(INDIRECT("Tabela1["&$D31&"]"),Tabela1[Turno],$F31,Tabela1[Data],W$3),"") | X31: =IFERROR(AVERAGEIFS(INDIRECT("Tabela1["&$D31&"]"),Tabela1[Turno],$F31,Tabela1[Data],X$3),"") | Y31: =IFERROR(AVERAGEIFS(INDIRECT("Tabela1["&$D31&"]"),Tabela1[Turno],$F31,Tabela1[Data],Y$3),"") | Z31: =IFERROR(AVERAGEIFS(INDIRECT("Tabela1["&$D31&"]"),Tabela1[Turno],$F31,Tabela1[Data],Z$3),"") | AA31: =IFERROR(AVERAGEIFS(INDIRECT("Tabela1["&$D31&"]"),Tabela1[Turno],$F31,Tabela1[Data],AA$3),"") | AB31: =IFERROR(AVERAGEIFS(INDIRECT("Tabela1["&$D31&"]"),Tabela1[Turno],$F31,Tabela1[Data],AB$3),"") | ... AR31: =IFERROR(AVERAGEIFS(INDIRECT("Tabela1["&$D31&"]"),Tabela1[Turno],$F31,Tabela1[Data],AR$3),"")
A32: Cone | B32: =F32 -> 2 | C32: Peito | D32: =IF(E32=0,D31,E32) -> Corte Peito Cone | F32: 2 | G32: =IFERROR(AVERAGEIFS(INDIRECT("Tabela1["&$D32&"]"),Tabela1[Turno],$F32,Tabela1[Mês],G$3),"") | H32: =IFERROR(AVERAGEIFS(INDIRECT("Tabela1["&$D32&"]"),Tabela1[Turno],$F32,Tabela1[Mês],H$3),"") | I32: =IFERROR(AVERAGEIFS(INDIRECT("Tabela1["&$D32&"]"),Tabela1[Turno],$F32,Tabela1[Mês],I$3),"") | J32: =IFERROR(AVERAGEIFS(INDIRECT("Tabela1["&$D32&"]"),Tabela1[Turno],$F32,Tabela1[Mês],J$3),"") | K32: =IFERROR(AVERAGEIFS(INDIRECT("Tabela1["&$D32&"]"),Tabela1[Turno],$F32,Tabela1[Mês],K$3),"") | L32: =IFERROR(AVERAGEIFS(INDIRECT("Tabela1["&$D32&"]"),Tabela1[Turno],$F32,Tabela1[Mês],L$3),"") | M32: =IFERROR(AVERAGEIFS(INDIRECT("Tabela1["&$D32&"]"),Tabela1[Turno],$F32,Tabela1[Mês],M$3),"") | N32: =IFERROR(AVERAGEIFS(INDIRECT("Tabela1["&$D32&"]"),Tabela1[Turno],$F32,Tabela1[Mês],N$3),"") -> 6.9275362 | ... R32: =IFERROR(AVERAGEIFS(INDIRECT("Tabela1["&$D32&"]"),Tabela1[Turno],$F32,Tabela1[Mês],R$3),"") | U32: =IFERROR(AVERAGEIFS(INDIRECT("Tabela1["&$D32&"]"),Tabela1[Turno],$F32,Tabela1[Data],U$3),"") -> 7 | V32: =IFERROR(AVERAGEIFS(INDIRECT("Tabela1["&$D32&"]"),Tabela1[Turno],$F32,Tabela1[Data],V$3),"") -> 7 | W32: =IFERROR(AVERAGEIFS(INDIRECT("Tabela1["&$D32&"]"),Tabela1[Turno],$F32,Tabela1[Data],W$3),"") -> 6.3333333 | X32: =IFERROR(AVERAGEIFS(INDIRECT("Tabela1["&$D32&"]"),Tabela1[Turno],$F32,Tabela1[Data],X$3),"") -> 7 | Y32: =IFERROR(AVERAGEIFS(INDIRECT("Tabela1["&$D32&"]"),Tabela1[Turno],$F32,Tabela1[Data],Y$3),"") -> 7 | Z32: =IFERROR(AVERAGEIFS(INDIRECT("Tabela1["&$D32&"]"),Tabela1[Turno],$F32,Tabela1[Data],Z$3),"") -> 7 | AA32: =IFERROR(AVERAGEIFS(INDIRECT("Tabela1["&$D32&"]"),Tabela1[Turno],$F32,Tabela1[Data],AA$3),"") -> 7 | AB32: =IFERROR(AVERAGEIFS(INDIRECT("Tabela1["&$D32&"]"),Tabela1[Turno],$F32,Tabela1[Data],AB$3),"") | ... AR32: =IFERROR(AVERAGEIFS(INDIRECT("Tabela1["&$D32&"]"),Tabela1[Turno],$F32,Tabela1[Data],AR$3),"")
A33: Cone | B33: =F33 -> Unidade | C33: Peito | D33: =IF(E33=0,D32,E33) -> Corte Peito Cone | F33: Unidade | G33: =IFERROR(AVERAGEIFS(INDIRECT("Tabela1["&$D33&"]"),Tabela1[Mês],G$3),"") | H33: =IFERROR(AVERAGEIFS(INDIRECT("Tabela1["&$D33&"]"),Tabela1[Mês],H$3),"") | I33: =IFERROR(AVERAGEIFS(INDIRECT("Tabela1["&$D33&"]"),Tabela1[Mês],I$3),"") | J33: =IFERROR(AVERAGEIFS(INDIRECT("Tabela1["&$D33&"]"),Tabela1[Mês],J$3),"") | K33: =IFERROR(AVERAGEIFS(INDIRECT("Tabela1["&$D33&"]"),Tabela1[Mês],K$3),"") | L33: =IFERROR(AVERAGEIFS(INDIRECT("Tabela1["&$D33&"]"),Tabela1[Mês],L$3),"") | M33: =IFERROR(AVERAGEIFS(INDIRECT("Tabela1["&$D33&"]"),Tabela1[Mês],M$3),"") | N33: =IFERROR(AVERAGEIFS(INDIRECT("Tabela1["&$D33&"]"),Tabela1[Mês],N$3),"") -> 6.9866667 | ... R33: =IFERROR(AVERAGEIFS(INDIRECT("Tabela1["&$D33&"]"),Tabela1[Mês],R$3),"") | U33: =IFERROR(AVERAGEIFS(INDIRECT("Tabela1["&$D33&"]"),Tabela1[Data],U$3),"") -> 7 | V33: =IFERROR(AVERAGEIFS(INDIRECT("Tabela1["&$D33&"]"),Tabela1[Data],V$3),"") -> 7 | W33: =IFERROR(AVERAGEIFS(INDIRECT("Tabela1["&$D33&"]"),Tabela1[Data],W$3),"") -> 6.3333333 | X33: =IFERROR(AVERAGEIFS(INDIRECT("Tabela1["&$D33&"]"),Tabela1[Data],X$3),"") -> 7 | Y33: =IFERROR(AVERAGEIFS(INDIRECT("Tabela1["&$D33&"]"),Tabela1[Data],Y$3),"") -> 7 | Z33: =IFERROR(AVERAGEIFS(INDIRECT("Tabela1["&$D33&"]"),Tabela1[Data],Z$3),"") -> 7 | AA33: =IFERROR(AVERAGEIFS(INDIRECT("Tabela1["&$D33&"]"),Tabela1[Data],AA$3),"") -> 7 | AB33: =IFERROR(AVERAGEIFS(INDIRECT("Tabela1["&$D33&"]"),Tabela1[Data],AB$3),"") | ... AR33: =IFERROR(AVERAGEIFS(INDIRECT("Tabela1["&$D33&"]"),Tabela1[Data],AR$3),"")
A34: Cone | B34: =F34 -> 1 | C34: Sassami | D34: =IF(E34=0,D33,E34) -> Corte Sassami Cone | E34: =Coleta!T1 -> Corte Sassami Cone | F34: 1 | G34: =IFERROR(AVERAGEIFS(INDIRECT("Tabela1["&$D34&"]"),Tabela1[Turno],$F34,Tabela1[Mês],G$3),"") | H34: =IFERROR(AVERAGEIFS(INDIRECT("Tabela1["&$D34&"]"),Tabela1[Turno],$F34,Tabela1[Mês],H$3),"") | I34: =IFERROR(AVERAGEIFS(INDIRECT("Tabela1["&$D34&"]"),Tabela1[Turno],$F34,Tabela1[Mês],I$3),"") | J34: =IFERROR(AVERAGEIFS(INDIRECT("Tabela1["&$D34&"]"),Tabela1[Turno],$F34,Tabela1[Mês],J$3),"") | K34: =IFERROR(AVERAGEIFS(INDIRECT("Tabela1["&$D34&"]"),Tabela1[Turno],$F34,Tabela1[Mês],K$3),"") | L34: =IFERROR(AVERAGEIFS(INDIRECT("Tabela1["&$D34&"]"),Tabela1[Turno],$F34,Tabela1[Mês],L$3),"") | M34: =IFERROR(AVERAGEIFS(INDIRECT("Tabela1["&$D34&"]"),Tabela1[Turno],$F34,Tabela1[Mês],M$3),"") | N34: =IFERROR(AVERAGEIFS(INDIRECT("Tabela1["&$D34&"]"),Tabela1[Turno],$F34,Tabela1[Mês],N$3),"") -> 7.2 | ... R34: =IFERROR(AVERAGEIFS(INDIRECT("Tabela1["&$D34&"]"),Tabela1[Turno],$F34,Tabela1[Mês],R$3),"") | S34: 10 | U34: =IFERROR(AVERAGEIFS(INDIRECT("Tabela1["&$D34&"]"),Tabela1[Turno],$F34,Tabela1[Data],U$3),"") | V34: =IFERROR(AVERAGEIFS(INDIRECT("Tabela1["&$D34&"]"),Tabela1[Turno],$F34,Tabela1[Data],V$3),"") | W34: =IFERROR(AVERAGEIFS(INDIRECT("Tabela1["&$D34&"]"),Tabela1[Turno],$F34,Tabela1[Data],W$3),"") | X34: =IFERROR(AVERAGEIFS(INDIRECT("Tabela1["&$D34&"]"),Tabela1[Turno],$F34,Tabela1[Data],X$3),"") | Y34: =IFERROR(AVERAGEIFS(INDIRECT("Tabela1["&$D34&"]"),Tabela1[Turno],$F34,Tabela1[Data],Y$3),"") | Z34: =IFERROR(AVERAGEIFS(INDIRECT("Tabela1["&$D34&"]"),Tabela1[Turno],$F34,Tabela1[Data],Z$3),"") | AA34: =IFERROR(AVERAGEIFS(INDIRECT("Tabela1["&$D34&"]"),Tabela1[Turno],$F34,Tabela1[Data],AA$3),"") | AB34: =IFERROR(AVERAGEIFS(INDIRECT("Tabela1["&$D34&"]"),Tabela1[Turno],$F34,Tabela1[Data],AB$3),"") | ... AR34: =IFERROR(AVERAGEIFS(INDIRECT("Tabela1["&$D34&"]"),Tabela1[Turno],$F34,Tabela1[Data],AR$3),"")
A35: Cone | B35: =F35 -> 2 | C35: Sassami | D35: =IF(E35=0,D34,E35) -> Corte Sassami Cone | F35: 2 | G35: =IFERROR(AVERAGEIFS(INDIRECT("Tabela1["&$D35&"]"),Tabela1[Turno],$F35,Tabela1[Mês],G$3),"") | H35: =IFERROR(AVERAGEIFS(INDIRECT("Tabela1["&$D35&"]"),Tabela1[Turno],$F35,Tabela1[Mês],H$3),"") | I35: =IFERROR(AVERAGEIFS(INDIRECT("Tabela1["&$D35&"]"),Tabela1[Turno],$F35,Tabela1[Mês],I$3),"") | J35: =IFERROR(AVERAGEIFS(INDIRECT("Tabela1["&$D35&"]"),Tabela1[Turno],$F35,Tabela1[Mês],J$3),"") | K35: =IFERROR(AVERAGEIFS(INDIRECT("Tabela1["&$D35&"]"),Tabela1[Turno],$F35,Tabela1[Mês],K$3),"") | L35: =IFERROR(AVERAGEIFS(INDIRECT("Tabela1["&$D35&"]"),Tabela1[Turno],$F35,Tabela1[Mês],L$3),"") | M35: =IFERROR(AVERAGEIFS(INDIRECT("Tabela1["&$D35&"]"),Tabela1[Turno],$F35,Tabela1[Mês],M$3),"") | N35: =IFERROR(AVERAGEIFS(INDIRECT("Tabela1["&$D35&"]"),Tabela1[Turno],$F35,Tabela1[Mês],N$3),"") -> 6.9714286 | ... R35: =IFERROR(AVERAGEIFS(INDIRECT("Tabela1["&$D35&"]"),Tabela1[Turno],$F35,Tabela1[Mês],R$3),"") | U35: =IFERROR(AVERAGEIFS(INDIRECT("Tabela1["&$D35&"]"),Tabela1[Turno],$F35,Tabela1[Data],U$3),"") -> 7 | V35: =IFERROR(AVERAGEIFS(INDIRECT("Tabela1["&$D35&"]"),Tabela1[Turno],$F35,Tabela1[Data],V$3),"") -> 7 | W35: =IFERROR(AVERAGEIFS(INDIRECT("Tabela1["&$D35&"]"),Tabela1[Turno],$F35,Tabela1[Data],W$3),"") -> 7 | X35: =IFERROR(AVERAGEIFS(INDIRECT("Tabela1["&$D35&"]"),Tabela1[Turno],$F35,Tabela1[Data],X$3),"") -> 7 | Y35: =IFERROR(AVERAGEIFS(INDIRECT("Tabela1["&$D35&"]"),Tabela1[Turno],$F35,Tabela1[Data],Y$3),"") -> 7 | Z35: =IFERROR(AVERAGEIFS(INDIRECT("Tabela1["&$D35&"]"),Tabela1[Turno],$F35,Tabela1[Data],Z$3),"") -> 7 | AA35: =IFERROR(AVERAGEIFS(INDIRECT("Tabela1["&$D35&"]"),Tabela1[Turno],$F35,Tabela1[Data],AA$3),"") -> 7 | AB35: =IFERROR(AVERAGEIFS(INDIRECT("Tabela1["&$D35&"]"),Tabela1[Turno],$F35,Tabela1[Data],AB$3),"") | ... AR35: =IFERROR(AVERAGEIFS(INDIRECT("Tabela1["&$D35&"]"),Tabela1[Turno],$F35,Tabela1[Data],AR$3),"")
A36: Cone | B36: =F36 -> Unidade | C36: Sassami | D36: =IF(E36=0,D35,E36) -> Corte Sassami Cone | F36: Unidade | G36: =IFERROR(AVERAGEIFS(INDIRECT("Tabela1["&$D36&"]"),Tabela1[Mês],G$3),"") | H36: =IFERROR(AVERAGEIFS(INDIRECT("Tabela1["&$D36&"]"),Tabela1[Mês],H$3),"") | I36: =IFERROR(AVERAGEIFS(INDIRECT("Tabela1["&$D36&"]"),Tabela1[Mês],I$3),"") | J36: =IFERROR(AVERAGEIFS(INDIRECT("Tabela1["&$D36&"]"),Tabela1[Mês],J$3),"") | K36: =IFERROR(AVERAGEIFS(INDIRECT("Tabela1["&$D36&"]"),Tabela1[Mês],K$3),"") | L36: =IFERROR(AVERAGEIFS(INDIRECT("Tabela1["&$D36&"]"),Tabela1[Mês],L$3),"") | M36: =IFERROR(AVERAGEIFS(INDIRECT("Tabela1["&$D36&"]"),Tabela1[Mês],M$3),"") | N36: =IFERROR(AVERAGEIFS(INDIRECT("Tabela1["&$D36&"]"),Tabela1[Mês],N$3),"") -> 6.9868421 | ... R36: =IFERROR(AVERAGEIFS(INDIRECT("Tabela1["&$D36&"]"),Tabela1[Mês],R$3),"") | U36: =IFERROR(AVERAGEIFS(INDIRECT("Tabela1["&$D36&"]"),Tabela1[Data],U$3),"") -> 7 | V36: =IFERROR(AVERAGEIFS(INDIRECT("Tabela1["&$D36&"]"),Tabela1[Data],V$3),"") -> 7 | W36: =IFERROR(AVERAGEIFS(INDIRECT("Tabela1["&$D36&"]"),Tabela1[Data],W$3),"") -> 7 | X36: =IFERROR(AVERAGEIFS(INDIRECT("Tabela1["&$D36&"]"),Tabela1[Data],X$3),"") -> 7 | Y36: =IFERROR(AVERAGEIFS(INDIRECT("Tabela1["&$D36&"]"),Tabela1[Data],Y$3),"") -> 7 | Z36: =IFERROR(AVERAGEIFS(INDIRECT("Tabela1["&$D36&"]"),Tabela1[Data],Z$3),"") -> 7 | AA36: =IFERROR(AVERAGEIFS(INDIRECT("Tabela1["&$D36&"]"),Tabela1[Data],AA$3),"") -> 7 | AB36: =IFERROR(AVERAGEIFS(INDIRECT("Tabela1["&$D36&"]"),Tabela1[Data],AB$3),"") | ... AR36: =IFERROR(AVERAGEIFS(INDIRECT("Tabela1["&$D36&"]"),Tabela1[Data],AR$3),"")
A37: Cone | B37: =F37 -> 1 | C37: Cartilagem | D37: =IF(E37=0,D36,E37) -> Corte Cartilagem Cone | E37: =Coleta!U1 -> Corte Cartilagem Cone | F37: 1 | G37: =IFERROR(AVERAGEIFS(INDIRECT("Tabela1["&$D37&"]"),Tabela1[Turno],$F37,Tabela1[Mês],G$3),"") | H37: =IFERROR(AVERAGEIFS(INDIRECT("Tabela1["&$D37&"]"),Tabela1[Turno],$F37,Tabela1[Mês],H$3),"") | I37: =IFERROR(AVERAGEIFS(INDIRECT("Tabela1["&$D37&"]"),Tabela1[Turno],$F37,Tabela1[Mês],I$3),"") | J37: =IFERROR(AVERAGEIFS(INDIRECT("Tabela1["&$D37&"]"),Tabela1[Turno],$F37,Tabela1[Mês],J$3),"") | K37: =IFERROR(AVERAGEIFS(INDIRECT("Tabela1["&$D37&"]"),Tabela1[Turno],$F37,Tabela1[Mês],K$3),"") | L37: =IFERROR(AVERAGEIFS(INDIRECT("Tabela1["&$D37&"]"),Tabela1[Turno],$F37,Tabela1[Mês],L$3),"") | M37: =IFERROR(AVERAGEIFS(INDIRECT("Tabela1["&$D37&"]"),Tabela1[Turno],$F37,Tabela1[Mês],M$3),"") | N37: =IFERROR(AVERAGEIFS(INDIRECT("Tabela1["&$D37&"]"),Tabela1[Turno],$F37,Tabela1[Mês],N$3),"") -> 6.4 | ... R37: =IFERROR(AVERAGEIFS(INDIRECT("Tabela1["&$D37&"]"),Tabela1[Turno],$F37,Tabela1[Mês],R$3),"") | S37: 10 | U37: =IFERROR(AVERAGEIFS(INDIRECT("Tabela1["&$D37&"]"),Tabela1[Turno],$F37,Tabela1[Data],U$3),"") | V37: =IFERROR(AVERAGEIFS(INDIRECT("Tabela1["&$D37&"]"),Tabela1[Turno],$F37,Tabela1[Data],V$3),"") | W37: =IFERROR(AVERAGEIFS(INDIRECT("Tabela1["&$D37&"]"),Tabela1[Turno],$F37,Tabela1[Data],W$3),"") | X37: =IFERROR(AVERAGEIFS(INDIRECT("Tabela1["&$D37&"]"),Tabela1[Turno],$F37,Tabela1[Data],X$3),"") | Y37: =IFERROR(AVERAGEIFS(INDIRECT("Tabela1["&$D37&"]"),Tabela1[Turno],$F37,Tabela1[Data],Y$3),"") | Z37: =IFERROR(AVERAGEIFS(INDIRECT("Tabela1["&$D37&"]"),Tabela1[Turno],$F37,Tabela1[Data],Z$3),"") | AA37: =IFERROR(AVERAGEIFS(INDIRECT("Tabela1["&$D37&"]"),Tabela1[Turno],$F37,Tabela1[Data],AA$3),"") | AB37: =IFERROR(AVERAGEIFS(INDIRECT("Tabela1["&$D37&"]"),Tabela1[Turno],$F37,Tabela1[Data],AB$3),"") | ... AR37: =IFERROR(AVERAGEIFS(INDIRECT("Tabela1["&$D37&"]"),Tabela1[Turno],$F37,Tabela1[Data],AR$3),"")
A38: Cone | B38: =F38 -> 2 | C38: Cartilagem | D38: =IF(E38=0,D37,E38) -> Corte Cartilagem Cone | F38: 2 | G38: =IFERROR(AVERAGEIFS(INDIRECT("Tabela1["&$D38&"]"),Tabela1[Turno],$F38,Tabela1[Mês],G$3),"") | H38: =IFERROR(AVERAGEIFS(INDIRECT("Tabela1["&$D38&"]"),Tabela1[Turno],$F38,Tabela1[Mês],H$3),"") | I38: =IFERROR(AVERAGEIFS(INDIRECT("Tabela1["&$D38&"]"),Tabela1[Turno],$F38,Tabela1[Mês],I$3),"") | J38: =IFERROR(AVERAGEIFS(INDIRECT("Tabela1["&$D38&"]"),Tabela1[Turno],$F38,Tabela1[Mês],J$3),"") | K38: =IFERROR(AVERAGEIFS(INDIRECT("Tabela1["&$D38&"]"),Tabela1[Turno],$F38,Tabela1[Mês],K$3),"") | L38: =IFERROR(AVERAGEIFS(INDIRECT("Tabela1["&$D38&"]"),Tabela1[Turno],$F38,Tabela1[Mês],L$3),"") | M38: =IFERROR(AVERAGEIFS(INDIRECT("Tabela1["&$D38&"]"),Tabela1[Turno],$F38,Tabela1[Mês],M$3),"") | N38: =IFERROR(AVERAGEIFS(INDIRECT("Tabela1["&$D38&"]"),Tabela1[Turno],$F38,Tabela1[Mês],N$3),"") -> 6.2 | ... R38: =IFERROR(AVERAGEIFS(INDIRECT("Tabela1["&$D38&"]"),Tabela1[Turno],$F38,Tabela1[Mês],R$3),"") | U38: =IFERROR(AVERAGEIFS(INDIRECT("Tabela1["&$D38&"]"),Tabela1[Turno],$F38,Tabela1[Data],U$3),"") -> 6.5 | V38: =IFERROR(AVERAGEIFS(INDIRECT("Tabela1["&$D38&"]"),Tabela1[Turno],$F38,Tabela1[Data],V$3),"") -> 5.6666667 | W38: =IFERROR(AVERAGEIFS(INDIRECT("Tabela1["&$D38&"]"),Tabela1[Turno],$F38,Tabela1[Data],W$3),"") -> 6.3333333 | X38: =IFERROR(AVERAGEIFS(INDIRECT("Tabela1["&$D38&"]"),Tabela1[Turno],$F38,Tabela1[Data],X$3),"") -> 7 | Y38: =IFERROR(AVERAGEIFS(INDIRECT("Tabela1["&$D38&"]"),Tabela1[Turno],$F38,Tabela1[Data],Y$3),"") -> 6.5 | Z38: =IFERROR(AVERAGEIFS(INDIRECT("Tabela1["&$D38&"]"),Tabela1[Turno],$F38,Tabela1[Data],Z$3),"") -> 7 | AA38: =IFERROR(AVERAGEIFS(INDIRECT("Tabela1["&$D38&"]"),Tabela1[Turno],$F38,Tabela1[Data],AA$3),"") -> 7 | AB38: =IFERROR(AVERAGEIFS(INDIRECT("Tabela1["&$D38&"]"),Tabela1[Turno],$F38,Tabela1[Data],AB$3),"") | ... AR38: =IFERROR(AVERAGEIFS(INDIRECT("Tabela1["&$D38&"]"),Tabela1[Turno],$F38,Tabela1[Data],AR$3),"")
A39: Cone | B39: =F39 -> Unidade | C39: Cartilagem | D39: =IF(E39=0,D38,E39) -> Corte Cartilagem Cone | F39: Unidade | G39: =IFERROR(AVERAGEIFS(INDIRECT("Tabela1["&$D39&"]"),Tabela1[Mês],G$3),"") | H39: =IFERROR(AVERAGEIFS(INDIRECT("Tabela1["&$D39&"]"),Tabela1[Mês],H$3),"") | I39: =IFERROR(AVERAGEIFS(INDIRECT("Tabela1["&$D39&"]"),Tabela1[Mês],I$3),"") | J39: =IFERROR(AVERAGEIFS(INDIRECT("Tabela1["&$D39&"]"),Tabela1[Mês],J$3),"") | K39: =IFERROR(AVERAGEIFS(INDIRECT("Tabela1["&$D39&"]"),Tabela1[Mês],K$3),"") | L39: =IFERROR(AVERAGEIFS(INDIRECT("Tabela1["&$D39&"]"),Tabela1[Mês],L$3),"") | M39: =IFERROR(AVERAGEIFS(INDIRECT("Tabela1["&$D39&"]"),Tabela1[Mês],M$3),"") | N39: =IFERROR(AVERAGEIFS(INDIRECT("Tabela1["&$D39&"]"),Tabela1[Mês],N$3),"") -> 6.2253521 | ... R39: =IFERROR(AVERAGEIFS(INDIRECT("Tabela1["&$D39&"]"),Tabela1[Mês],R$3),"") | U39: =IFERROR(AVERAGEIFS(INDIRECT("Tabela1["&$D39&"]"),Tabela1[Data],U$3),"") -> 6.5 | V39: =IFERROR(AVERAGEIFS(INDIRECT("Tabela1["&$D39&"]"),Tabela1[Data],V$3),"") -> 5.6666667 | W39: =IFERROR(AVERAGEIFS(INDIRECT("Tabela1["&$D39&"]"),Tabela1[Data],W$3),"") -> 6.3333333 | X39: =IFERROR(AVERAGEIFS(INDIRECT("Tabela1["&$D39&"]"),Tabela1[Data],X$3),"") -> 7 | Y39: =IFERROR(AVERAGEIFS(INDIRECT("Tabela1["&$D39&"]"),Tabela1[Data],Y$3),"") -> 6.5 | Z39: =IFERROR(AVERAGEIFS(INDIRECT("Tabela1["&$D39&"]"),Tabela1[Data],Z$3),"") -> 7 | AA39: =IFERROR(AVERAGEIFS(INDIRECT("Tabela1["&$D39&"]"),Tabela1[Data],AA$3),"") -> 7 | AB39: =IFERROR(AVERAGEIFS(INDIRECT("Tabela1["&$D39&"]"),Tabela1[Data],AB$3),"") | ... AR39: =IFERROR(AVERAGEIFS(INDIRECT("Tabela1["&$D39&"]"),Tabela1[Data],AR$3),"")
A40: Perna | B40: =F40 -> 1 | C40: Perna | D40: =IF(E40=0,D39,E40) -> Carne no Osso Perna Direita | E40: =Coleta!W1 -> Carne no Osso Perna Direita | F40: 1 | G40: =IFERROR(AVERAGEIFS(INDIRECT("Tabela1["&$D40&"]"),Tabela1[Turno],$F40,Tabela1[Mês],G$3),"") | H40: =IFERROR(AVERAGEIFS(INDIRECT("Tabela1["&$D40&"]"),Tabela1[Turno],$F40,Tabela1[Mês],H$3),"") | I40: =IFERROR(AVERAGEIFS(INDIRECT("Tabela1["&$D40&"]"),Tabela1[Turno],$F40,Tabela1[Mês],I$3),"") | J40: =IFERROR(AVERAGEIFS(INDIRECT("Tabela1["&$D40&"]"),Tabela1[Turno],$F40,Tabela1[Mês],J$3),"") | K40: =IFERROR(AVERAGEIFS(INDIRECT("Tabela1["&$D40&"]"),Tabela1[Turno],$F40,Tabela1[Mês],K$3),"") | L40: =IFERROR(AVERAGEIFS(INDIRECT("Tabela1["&$D40&"]"),Tabela1[Turno],$F40,Tabela1[Mês],L$3),"") | M40: =IFERROR(AVERAGEIFS(INDIRECT("Tabela1["&$D40&"]"),Tabela1[Turno],$F40,Tabela1[Mês],M$3),"") | N40: =IFERROR(AVERAGEIFS(INDIRECT("Tabela1["&$D40&"]"),Tabela1[Turno],$F40,Tabela1[Mês],N$3),"") -> 8.8 | ... R40: =IFERROR(AVERAGEIFS(INDIRECT("Tabela1["&$D40&"]"),Tabela1[Turno],$F40,Tabela1[Mês],R$3),"") | S40: 10 | U40: =IFERROR(AVERAGEIFS(INDIRECT("Tabela1["&$D40&"]"),Tabela1[Turno],$F40,Tabela1[Data],U$3),"") | V40: =IFERROR(AVERAGEIFS(INDIRECT("Tabela1["&$D40&"]"),Tabela1[Turno],$F40,Tabela1[Data],V$3),"") | W40: =IFERROR(AVERAGEIFS(INDIRECT("Tabela1["&$D40&"]"),Tabela1[Turno],$F40,Tabela1[Data],W$3),"") | X40: =IFERROR(AVERAGEIFS(INDIRECT("Tabela1["&$D40&"]"),Tabela1[Turno],$F40,Tabela1[Data],X$3),"") | Y40: =IFERROR(AVERAGEIFS(INDIRECT("Tabela1["&$D40&"]"),Tabela1[Turno],$F40,Tabela1[Data],Y$3),"") | Z40: =IFERROR(AVERAGEIFS(INDIRECT("Tabela1["&$D40&"]"),Tabela1[Turno],$F40,Tabela1[Data],Z$3),"") | AA40: =IFERROR(AVERAGEIFS(INDIRECT("Tabela1["&$D40&"]"),Tabela1[Turno],$F40,Tabela1[Data],AA$3),"") | AB40: =IFERROR(AVERAGEIFS(INDIRECT("Tabela1["&$D40&"]"),Tabela1[Turno],$F40,Tabela1[Data],AB$3),"") | ... AR40: =IFERROR(AVERAGEIFS(INDIRECT("Tabela1["&$D40&"]"),Tabela1[Turno],$F40,Tabela1[Data],AR$3),"")
A41: Perna | B41: =F41 -> 2 | C41: Perna | D41: =IF(E41=0,D40,E41) -> Carne no Osso Perna Direita | F41: 2 | G41: =IFERROR(AVERAGEIFS(INDIRECT("Tabela1["&$D41&"]"),Tabela1[Turno],$F41,Tabela1[Mês],G$3),"") | H41: =IFERROR(AVERAGEIFS(INDIRECT("Tabela1["&$D41&"]"),Tabela1[Turno],$F41,Tabela1[Mês],H$3),"") | I41: =IFERROR(AVERAGEIFS(INDIRECT("Tabela1["&$D41&"]"),Tabela1[Turno],$F41,Tabela1[Mês],I$3),"") | J41: =IFERROR(AVERAGEIFS(INDIRECT("Tabela1["&$D41&"]"),Tabela1[Turno],$F41,Tabela1[Mês],J$3),"") | K41: =IFERROR(AVERAGEIFS(INDIRECT("Tabela1["&$D41&"]"),Tabela1[Turno],$F41,Tabela1[Mês],K$3),"") | L41: =IFERROR(AVERAGEIFS(INDIRECT("Tabela1["&$D41&"]"),Tabela1[Turno],$F41,Tabela1[Mês],L$3),"") | M41: =IFERROR(AVERAGEIFS(INDIRECT("Tabela1["&$D41&"]"),Tabela1[Turno],$F41,Tabela1[Mês],M$3),"") | N41: =IFERROR(AVERAGEIFS(INDIRECT("Tabela1["&$D41&"]"),Tabela1[Turno],$F41,Tabela1[Mês],N$3),"") -> 8.469697 | ... R41: =IFERROR(AVERAGEIFS(INDIRECT("Tabela1["&$D41&"]"),Tabela1[Turno],$F41,Tabela1[Mês],R$3),"") | U41: =IFERROR(AVERAGEIFS(INDIRECT("Tabela1["&$D41&"]"),Tabela1[Turno],$F41,Tabela1[Data],U$3),"") -> 8.5 | V41: =IFERROR(AVERAGEIFS(INDIRECT("Tabela1["&$D41&"]"),Tabela1[Turno],$F41,Tabela1[Data],V$3),"") -> 7 | W41: =IFERROR(AVERAGEIFS(INDIRECT("Tabela1["&$D41&"]"),Tabela1[Turno],$F41,Tabela1[Data],W$3),"") -> 9 | X41: =IFERROR(AVERAGEIFS(INDIRECT("Tabela1["&$D41&"]"),Tabela1[Turno],$F41,Tabela1[Data],X$3),"") -> 9 | Y41: =IFERROR(AVERAGEIFS(INDIRECT("Tabela1["&$D41&"]"),Tabela1[Turno],$F41,Tabela1[Data],Y$3),"") -> 8.5 | Z41: =IFERROR(AVERAGEIFS(INDIRECT("Tabela1["&$D41&"]"),Tabela1[Turno],$F41,Tabela1[Data],Z$3),"") -> 10 | AA41: =IFERROR(AVERAGEIFS(INDIRECT("Tabela1["&$D41&"]"),Tabela1[Turno],$F41,Tabela1[Data],AA$3),"") -> 8 | AB41: =IFERROR(AVERAGEIFS(INDIRECT("Tabela1["&$D41&"]"),Tabela1[Turno],$F41,Tabela1[Data],AB$3),"") | ... AR41: =IFERROR(AVERAGEIFS(INDIRECT("Tabela1["&$D41&"]"),Tabela1[Turno],$F41,Tabela1[Data],AR$3),"")
A42: Perna | B42: =F42 -> Unidade | C42: Perna | D42: =IF(E42=0,D41,E42) -> Carne no Osso Perna Direita | F42: Unidade | G42: =IFERROR(AVERAGEIFS(INDIRECT("Tabela1["&$D42&"]"),Tabela1[Mês],G$3),"") | H42: =IFERROR(AVERAGEIFS(INDIRECT("Tabela1["&$D42&"]"),Tabela1[Mês],H$3),"") | I42: =IFERROR(AVERAGEIFS(INDIRECT("Tabela1["&$D42&"]"),Tabela1[Mês],I$3),"") | J42: =IFERROR(AVERAGEIFS(INDIRECT("Tabela1["&$D42&"]"),Tabela1[Mês],J$3),"") | K42: =IFERROR(AVERAGEIFS(INDIRECT("Tabela1["&$D42&"]"),Tabela1[Mês],K$3),"") | L42: =IFERROR(AVERAGEIFS(INDIRECT("Tabela1["&$D42&"]"),Tabela1[Mês],L$3),"") | M42: =IFERROR(AVERAGEIFS(INDIRECT("Tabela1["&$D42&"]"),Tabela1[Mês],M$3),"") | N42: =IFERROR(AVERAGEIFS(INDIRECT("Tabela1["&$D42&"]"),Tabela1[Mês],N$3),"") -> 8.4722222 | ... R42: =IFERROR(AVERAGEIFS(INDIRECT("Tabela1["&$D42&"]"),Tabela1[Mês],R$3),"") | U42: =IFERROR(AVERAGEIFS(INDIRECT("Tabela1["&$D42&"]"),Tabela1[Data],U$3),"") -> 8.5 | V42: =IFERROR(AVERAGEIFS(INDIRECT("Tabela1["&$D42&"]"),Tabela1[Data],V$3),"") -> 7 | W42: =IFERROR(AVERAGEIFS(INDIRECT("Tabela1["&$D42&"]"),Tabela1[Data],W$3),"") -> 9 | X42: =IFERROR(AVERAGEIFS(INDIRECT("Tabela1["&$D42&"]"),Tabela1[Data],X$3),"") -> 9 | Y42: =IFERROR(AVERAGEIFS(INDIRECT("Tabela1["&$D42&"]"),Tabela1[Data],Y$3),"") -> 8.5 | Z42: =IFERROR(AVERAGEIFS(INDIRECT("Tabela1["&$D42&"]"),Tabela1[Data],Z$3),"") -> 10 | AA42: =IFERROR(AVERAGEIFS(INDIRECT("Tabela1["&$D42&"]"),Tabela1[Data],AA$3),"") -> 8 | AB42: =IFERROR(AVERAGEIFS(INDIRECT("Tabela1["&$D42&"]"),Tabela1[Data],AB$3),"") | ... AR42: =IFERROR(AVERAGEIFS(INDIRECT("Tabela1["&$D42&"]"),Tabela1[Data],AR$3),"")
A43: Perna | B43: =F43 -> 1 | C43: Perna | D43: =IF(E43=0,D42,E43) -> Carne no Osso Perna Esquerda | E43: =Coleta!X1 -> Carne no Osso Perna Esquerda | F43: 1 | G43: =IFERROR(AVERAGEIFS(INDIRECT("Tabela1["&$D43&"]"),Tabela1[Turno],$F43,Tabela1[Mês],G$3),"") | H43: =IFERROR(AVERAGEIFS(INDIRECT("Tabela1["&$D43&"]"),Tabela1[Turno],$F43,Tabela1[Mês],H$3),"") | I43: =IFERROR(AVERAGEIFS(INDIRECT("Tabela1["&$D43&"]"),Tabela1[Turno],$F43,Tabela1[Mês],I$3),"") | J43: =IFERROR(AVERAGEIFS(INDIRECT("Tabela1["&$D43&"]"),Tabela1[Turno],$F43,Tabela1[Mês],J$3),"") | K43: =IFERROR(AVERAGEIFS(INDIRECT("Tabela1["&$D43&"]"),Tabela1[Turno],$F43,Tabela1[Mês],K$3),"") | L43: =IFERROR(AVERAGEIFS(INDIRECT("Tabela1["&$D43&"]"),Tabela1[Turno],$F43,Tabela1[Mês],L$3),"") | M43: =IFERROR(AVERAGEIFS(INDIRECT("Tabela1["&$D43&"]"),Tabela1[Turno],$F43,Tabela1[Mês],M$3),"") | N43: =IFERROR(AVERAGEIFS(INDIRECT("Tabela1["&$D43&"]"),Tabela1[Turno],$F43,Tabela1[Mês],N$3),"") -> 8.8 | ... R43: =IFERROR(AVERAGEIFS(INDIRECT("Tabela1["&$D43&"]"),Tabela1[Turno],$F43,Tabela1[Mês],R$3),"") | S43: 10 | U43: =IFERROR(AVERAGEIFS(INDIRECT("Tabela1["&$D43&"]"),Tabela1[Turno],$F43,Tabela1[Data],U$3),"") | V43: =IFERROR(AVERAGEIFS(INDIRECT("Tabela1["&$D43&"]"),Tabela1[Turno],$F43,Tabela1[Data],V$3),"") | W43: =IFERROR(AVERAGEIFS(INDIRECT("Tabela1["&$D43&"]"),Tabela1[Turno],$F43,Tabela1[Data],W$3),"") | X43: =IFERROR(AVERAGEIFS(INDIRECT("Tabela1["&$D43&"]"),Tabela1[Turno],$F43,Tabela1[Data],X$3),"") | Y43: =IFERROR(AVERAGEIFS(INDIRECT("Tabela1["&$D43&"]"),Tabela1[Turno],$F43,Tabela1[Data],Y$3),"") | Z43: =IFERROR(AVERAGEIFS(INDIRECT("Tabela1["&$D43&"]"),Tabela1[Turno],$F43,Tabela1[Data],Z$3),"") | AA43: =IFERROR(AVERAGEIFS(INDIRECT("Tabela1["&$D43&"]"),Tabela1[Turno],$F43,Tabela1[Data],AA$3),"") | AB43: =IFERROR(AVERAGEIFS(INDIRECT("Tabela1["&$D43&"]"),Tabela1[Turno],$F43,Tabela1[Data],AB$3),"") | ... AR43: =IFERROR(AVERAGEIFS(INDIRECT("Tabela1["&$D43&"]"),Tabela1[Turno],$F43,Tabela1[Data],AR$3),"")
A44: Perna | B44: =F44 -> 2 | C44: Perna | D44: =IF(E44=0,D43,E44) -> Carne no Osso Perna Esquerda | F44: 2 | G44: =IFERROR(AVERAGEIFS(INDIRECT("Tabela1["&$D44&"]"),Tabela1[Turno],$F44,Tabela1[Mês],G$3),"") | H44: =IFERROR(AVERAGEIFS(INDIRECT("Tabela1["&$D44&"]"),Tabela1[Turno],$F44,Tabela1[Mês],H$3),"") | I44: =IFERROR(AVERAGEIFS(INDIRECT("Tabela1["&$D44&"]"),Tabela1[Turno],$F44,Tabela1[Mês],I$3),"") | J44: =IFERROR(AVERAGEIFS(INDIRECT("Tabela1["&$D44&"]"),Tabela1[Turno],$F44,Tabela1[Mês],J$3),"") | K44: =IFERROR(AVERAGEIFS(INDIRECT("Tabela1["&$D44&"]"),Tabela1[Turno],$F44,Tabela1[Mês],K$3),"") | L44: =IFERROR(AVERAGEIFS(INDIRECT("Tabela1["&$D44&"]"),Tabela1[Turno],$F44,Tabela1[Mês],L$3),"") | M44: =IFERROR(AVERAGEIFS(INDIRECT("Tabela1["&$D44&"]"),Tabela1[Turno],$F44,Tabela1[Mês],M$3),"") | N44: =IFERROR(AVERAGEIFS(INDIRECT("Tabela1["&$D44&"]"),Tabela1[Turno],$F44,Tabela1[Mês],N$3),"") -> 8.469697 | ... R44: =IFERROR(AVERAGEIFS(INDIRECT("Tabela1["&$D44&"]"),Tabela1[Turno],$F44,Tabela1[Mês],R$3),"") | U44: =IFERROR(AVERAGEIFS(INDIRECT("Tabela1["&$D44&"]"),Tabela1[Turno],$F44,Tabela1[Data],U$3),"") -> 7 | V44: =IFERROR(AVERAGEIFS(INDIRECT("Tabela1["&$D44&"]"),Tabela1[Turno],$F44,Tabela1[Data],V$3),"") -> 7 | W44: =IFERROR(AVERAGEIFS(INDIRECT("Tabela1["&$D44&"]"),Tabela1[Turno],$F44,Tabela1[Data],W$3),"") -> 8 | X44: =IFERROR(AVERAGEIFS(INDIRECT("Tabela1["&$D44&"]"),Tabela1[Turno],$F44,Tabela1[Data],X$3),"") -> 7 | Y44: =IFERROR(AVERAGEIFS(INDIRECT("Tabela1["&$D44&"]"),Tabela1[Turno],$F44,Tabela1[Data],Y$3),"") -> 7 | Z44: =IFERROR(AVERAGEIFS(INDIRECT("Tabela1["&$D44&"]"),Tabela1[Turno],$F44,Tabela1[Data],Z$3),"") -> 8 | AA44: =IFERROR(AVERAGEIFS(INDIRECT("Tabela1["&$D44&"]"),Tabela1[Turno],$F44,Tabela1[Data],AA$3),"") -> 7 | AB44: =IFERROR(AVERAGEIFS(INDIRECT("Tabela1["&$D44&"]"),Tabela1[Turno],$F44,Tabela1[Data],AB$3),"") | ... AR44: =IFERROR(AVERAGEIFS(INDIRECT("Tabela1["&$D44&"]"),Tabela1[Turno],$F44,Tabela1[Data],AR$3),"")
A45: Perna | B45: =F45 -> Unidade | C45: Perna | D45: =IF(E45=0,D44,E45) -> Carne no Osso Perna Esquerda | F45: Unidade | G45: =IFERROR(AVERAGEIFS(INDIRECT("Tabela1["&$D45&"]"),Tabela1[Mês],G$3),"") | H45: =IFERROR(AVERAGEIFS(INDIRECT("Tabela1["&$D45&"]"),Tabela1[Mês],H$3),"") | I45: =IFERROR(AVERAGEIFS(INDIRECT("Tabela1["&$D45&"]"),Tabela1[Mês],I$3),"") | J45: =IFERROR(AVERAGEIFS(INDIRECT("Tabela1["&$D45&"]"),Tabela1[Mês],J$3),"") | K45: =IFERROR(AVERAGEIFS(INDIRECT("Tabela1["&$D45&"]"),Tabela1[Mês],K$3),"") | L45: =IFERROR(AVERAGEIFS(INDIRECT("Tabela1["&$D45&"]"),Tabela1[Mês],L$3),"") | M45: =IFERROR(AVERAGEIFS(INDIRECT("Tabela1["&$D45&"]"),Tabela1[Mês],M$3),"") | N45: =IFERROR(AVERAGEIFS(INDIRECT("Tabela1["&$D45&"]"),Tabela1[Mês],N$3),"") -> 8.4722222 | ... R45: =IFERROR(AVERAGEIFS(INDIRECT("Tabela1["&$D45&"]"),Tabela1[Mês],R$3),"") | U45: =IFERROR(AVERAGEIFS(INDIRECT("Tabela1["&$D45&"]"),Tabela1[Data],U$3),"") -> 7 | V45: =IFERROR(AVERAGEIFS(INDIRECT("Tabela1["&$D45&"]"),Tabela1[Data],V$3),"") -> 7 | W45: =IFERROR(AVERAGEIFS(INDIRECT("Tabela1["&$D45&"]"),Tabela1[Data],W$3),"") -> 8 | X45: =IFERROR(AVERAGEIFS(INDIRECT("Tabela1["&$D45&"]"),Tabela1[Data],X$3),"") -> 7 | Y45: =IFERROR(AVERAGEIFS(INDIRECT("Tabela1["&$D45&"]"),Tabela1[Data],Y$3),"") -> 7 | Z45: =IFERROR(AVERAGEIFS(INDIRECT("Tabela1["&$D45&"]"),Tabela1[Data],Z$3),"") -> 8 | AA45: =IFERROR(AVERAGEIFS(INDIRECT("Tabela1["&$D45&"]"),Tabela1[Data],AA$3),"") -> 7 | AB45: =IFERROR(AVERAGEIFS(INDIRECT("Tabela1["&$D45&"]"),Tabela1[Data],AB$3),"") | ... AR45: =IFERROR(AVERAGEIFS(INDIRECT("Tabela1["&$D45&"]"),Tabela1[Data],AR$3),"")
A46: Perna | B46: =F46 -> 1 | C46: Perna | D46: =IF(E46=0,#REF!,E46) -> % Carne Refile Perna | E46: =Coleta!Z1 -> % Carne Refile Perna | F46: 1 | G46: =IFERROR(AVERAGEIFS(INDIRECT("Tabela1["&$D46&"]"),Tabela1[Turno],$F46,Tabela1[Mês],G$3)/100,"") -> 0.42 | H46: =IFERROR(AVERAGEIFS(INDIRECT("Tabela1["&$D46&"]"),Tabela1[Turno],$F46,Tabela1[Mês],H$3)/100,"") -> 0.315 | I46: =IFERROR(AVERAGEIFS(INDIRECT("Tabela1["&$D46&"]"),Tabela1[Turno],$F46,Tabela1[Mês],I$3)/100,"") -> 0.29 | J46: =IFERROR(AVERAGEIFS(INDIRECT("Tabela1["&$D46&"]"),Tabela1[Turno],$F46,Tabela1[Mês],J$3)/100,"") -> 0.2472 | K46: =IFERROR(AVERAGEIFS(INDIRECT("Tabela1["&$D46&"]"),Tabela1[Turno],$F46,Tabela1[Mês],K$3)/100,"") -> 0.2526 | L46: =IFERROR(AVERAGEIFS(INDIRECT("Tabela1["&$D46&"]"),Tabela1[Turno],$F46,Tabela1[Mês],L$3)/100,"") -> 0.2436 | M46: =IFERROR(AVERAGEIFS(INDIRECT("Tabela1["&$D46&"]"),Tabela1[Turno],$F46,Tabela1[Mês],M$3)/100,"") -> 0.2913 | N46: =IFERROR(AVERAGEIFS(INDIRECT("Tabela1["&$D46&"]"),Tabela1[Turno],$F46,Tabela1[Mês],N$3)/100,"") -> 0.31375 | ... R46: =IFERROR(AVERAGEIFS(INDIRECT("Tabela1["&$D46&"]"),Tabela1[Turno],$F46,Tabela1[Mês],R$3)/100,"") | S46: 0.2 | U46: =IFERROR(AVERAGEIFS(INDIRECT("Tabela1["&$D46&"]"),Tabela1[Turno],$F46,Tabela1[Data],U$3)/100,"") | V46: =IFERROR(AVERAGEIFS(INDIRECT("Tabela1["&$D46&"]"),Tabela1[Turno],$F46,Tabela1[Data],V$3)/100,"") | W46: =IFERROR(AVERAGEIFS(INDIRECT("Tabela1["&$D46&"]"),Tabela1[Turno],$F46,Tabela1[Data],W$3)/100,"") | X46: =IFERROR(AVERAGEIFS(INDIRECT("Tabela1["&$D46&"]"),Tabela1[Turno],$F46,Tabela1[Data],X$3)/100,"") | Y46: =IFERROR(AVERAGEIFS(INDIRECT("Tabela1["&$D46&"]"),Tabela1[Turno],$F46,Tabela1[Data],Y$3)/100,"") | Z46: =IFERROR(AVERAGEIFS(INDIRECT("Tabela1["&$D46&"]"),Tabela1[Turno],$F46,Tabela1[Data],Z$3)/100,"") | AA46: =IFERROR(AVERAGEIFS(INDIRECT("Tabela1["&$D46&"]"),Tabela1[Turno],$F46,Tabela1[Data],AA$3)/100,"") | AB46: =IFERROR(AVERAGEIFS(INDIRECT("Tabela1["&$D46&"]"),Tabela1[Turno],$F46,Tabela1[Data],AB$3)/100,"") | ... AR46: =IFERROR(AVERAGEIFS(INDIRECT("Tabela1["&$D46&"]"),Tabela1[Turno],$F46,Tabela1[Data],AR$3)/100,"")
A47: Perna | B47: =F47 -> 2 | C47: Perna | D47: =IF(E47=0,D46,E47) -> % Carne Refile Perna | F47: 2 | G47: =IFERROR(AVERAGEIFS(INDIRECT("Tabela1["&$D47&"]"),Tabela1[Turno],$F47,Tabela1[Mês],G$3)/100,"") -> 0.45 | H47: =IFERROR(AVERAGEIFS(INDIRECT("Tabela1["&$D47&"]"),Tabela1[Turno],$F47,Tabela1[Mês],H$3)/100,"") -> 0.424 | I47: =IFERROR(AVERAGEIFS(INDIRECT("Tabela1["&$D47&"]"),Tabela1[Turno],$F47,Tabela1[Mês],I$3)/100,"") -> 0.455 | J47: =IFERROR(AVERAGEIFS(INDIRECT("Tabela1["&$D47&"]"),Tabela1[Turno],$F47,Tabela1[Mês],J$3)/100,"") -> 0.3911 | K47: =IFERROR(AVERAGEIFS(INDIRECT("Tabela1["&$D47&"]"),Tabela1[Turno],$F47,Tabela1[Mês],K$3)/100,"") -> 0.3672 | L47: =IFERROR(AVERAGEIFS(INDIRECT("Tabela1["&$D47&"]"),Tabela1[Turno],$F47,Tabela1[Mês],L$3)/100,"") -> 0.2791 | M47: =IFERROR(AVERAGEIFS(INDIRECT("Tabela1["&$D47&"]"),Tabela1[Turno],$F47,Tabela1[Mês],M$3)/100,"") -> 0.2475 | N47: =IFERROR(AVERAGEIFS(INDIRECT("Tabela1["&$D47&"]"),Tabela1[Turno],$F47,Tabela1[Mês],N$3)/100,"") -> 0.21214286 | ... R47: =IFERROR(AVERAGEIFS(INDIRECT("Tabela1["&$D47&"]"),Tabela1[Turno],$F47,Tabela1[Mês],R$3)/100,"") | U47: =IFERROR(AVERAGEIFS(INDIRECT("Tabela1["&$D47&"]"),Tabela1[Turno],$F47,Tabela1[Data],U$3)/100,"") -> 0.30166667 | V47: =IFERROR(AVERAGEIFS(INDIRECT("Tabela1["&$D47&"]"),Tabela1[Turno],$F47,Tabela1[Data],V$3)/100,"") -> 0.235 | W47: =IFERROR(AVERAGEIFS(INDIRECT("Tabela1["&$D47&"]"),Tabela1[Turno],$F47,Tabela1[Data],W$3)/100,"") -> 0.225 | X47: =IFERROR(AVERAGEIFS(INDIRECT("Tabela1["&$D47&"]"),Tabela1[Turno],$F47,Tabela1[Data],X$3)/100,"") -> 0.21875 | Y47: =IFERROR(AVERAGEIFS(INDIRECT("Tabela1["&$D47&"]"),Tabela1[Turno],$F47,Tabela1[Data],Y$3)/100,"") -> 0.22625 | Z47: =IFERROR(AVERAGEIFS(INDIRECT("Tabela1["&$D47&"]"),Tabela1[Turno],$F47,Tabela1[Data],Z$3)/100,"") -> 0.255 | AA47: =IFERROR(AVERAGEIFS(INDIRECT("Tabela1["&$D47&"]"),Tabela1[Turno],$F47,Tabela1[Data],AA$3)/100,"") -> 0.26625 | AB47: =IFERROR(AVERAGEIFS(INDIRECT("Tabela1["&$D47&"]"),Tabela1[Turno],$F47,Tabela1[Data],AB$3)/100,"") | ... AR47: =IFERROR(AVERAGEIFS(INDIRECT("Tabela1["&$D47&"]"),Tabela1[Turno],$F47,Tabela1[Data],AR$3)/100,"")
A48: Perna | B48: =F48 -> Unidade | C48: Perna | D48: =IF(E48=0,D47,E48) -> % Carne Refile Perna | F48: Unidade | G48: =IFERROR(AVERAGEIFS(INDIRECT("Tabela1["&$D48&"]"),Tabela1[Mês],G$3)/100,"") -> 0.435 | H48: =IFERROR(AVERAGEIFS(INDIRECT("Tabela1["&$D48&"]"),Tabela1[Mês],H$3)/100,"") -> 0.3695 | I48: =IFERROR(AVERAGEIFS(INDIRECT("Tabela1["&$D48&"]"),Tabela1[Mês],I$3)/100,"") -> 0.3725 | J48: =IFERROR(AVERAGEIFS(INDIRECT("Tabela1["&$D48&"]"),Tabela1[Mês],J$3)/100,"") -> 0.31915 | K48: =IFERROR(AVERAGEIFS(INDIRECT("Tabela1["&$D48&"]"),Tabela1[Mês],K$3)/100,"") -> 0.3099 | L48: =IFERROR(AVERAGEIFS(INDIRECT("Tabela1["&$D48&"]"),Tabela1[Mês],L$3)/100,"") -> 0.26135 | M48: =IFERROR(AVERAGEIFS(INDIRECT("Tabela1["&$D48&"]"),Tabela1[Mês],M$3)/100,"") -> 0.2694 | N48: =IFERROR(AVERAGEIFS(INDIRECT("Tabela1["&$D48&"]"),Tabela1[Mês],N$3)/100,"") -> 0.2184 | ... R48: =IFERROR(AVERAGEIFS(INDIRECT("Tabela1["&$D48&"]"),Tabela1[Mês],R$3)/100,"") | U48: =IFERROR(AVERAGEIFS(INDIRECT("Tabela1["&$D48&"]"),Tabela1[Data],U$3)/100,"") -> 0.30166667 | V48: =IFERROR(AVERAGEIFS(INDIRECT("Tabela1["&$D48&"]"),Tabela1[Data],V$3)/100,"") -> 0.235 | W48: =IFERROR(AVERAGEIFS(INDIRECT("Tabela1["&$D48&"]"),Tabela1[Data],W$3)/100,"") -> 0.225 | X48: =IFERROR(AVERAGEIFS(INDIRECT("Tabela1["&$D48&"]"),Tabela1[Data],X$3)/100,"") -> 0.21875 | Y48: =IFERROR(AVERAGEIFS(INDIRECT("Tabela1["&$D48&"]"),Tabela1[Data],Y$3)/100,"") -> 0.22625 | Z48: =IFERROR(AVERAGEIFS(INDIRECT("Tabela1["&$D48&"]"),Tabela1[Data],Z$3)/100,"") -> 0.255 | AA48: =IFERROR(AVERAGEIFS(INDIRECT("Tabela1["&$D48&"]"),Tabela1[Data],AA$3)/100,"") -> 0.26625 | AB48: =IFERROR(AVERAGEIFS(INDIRECT("Tabela1["&$D48&"]"),Tabela1[Data],AB$3)/100,"") | ... AR48: =IFERROR(AVERAGEIFS(INDIRECT("Tabela1["&$D48&"]"),Tabela1[Data],AR$3)/100,"")
A49: Peito | B49: =F49 -> 1 | C49: Peito | D49: =IF(E49=0,#REF!,E49) -> % Carne Refile Peito | E49: =Coleta!AC1 -> % Carne Refile Peito | F49: 1 | G49: =IFERROR(AVERAGEIFS(INDIRECT("Tabela1["&$D49&"]"),Tabela1[Turno],$F49,Tabela1[Mês],G$3)/100,"") -> 0.57 | H49: =IFERROR(AVERAGEIFS(INDIRECT("Tabela1["&$D49&"]"),Tabela1[Turno],$F49,Tabela1[Mês],H$3)/100,"") -> 0.56 | I49: =IFERROR(AVERAGEIFS(INDIRECT("Tabela1["&$D49&"]"),Tabela1[Turno],$F49,Tabela1[Mês],I$3)/100,"") -> 0.54 | J49: =IFERROR(AVERAGEIFS(INDIRECT("Tabela1["&$D49&"]"),Tabela1[Turno],$F49,Tabela1[Mês],J$3)/100,"") -> 0.39 | K49: =IFERROR(AVERAGEIFS(INDIRECT("Tabela1["&$D49&"]"),Tabela1[Turno],$F49,Tabela1[Mês],K$3)/100,"") -> 0.39 | L49: =IFERROR(AVERAGEIFS(INDIRECT("Tabela1["&$D49&"]"),Tabela1[Turno],$F49,Tabela1[Mês],L$3)/100,"") -> 0.31 | M49: =IFERROR(AVERAGEIFS(INDIRECT("Tabela1["&$D49&"]"),Tabela1[Turno],$F49,Tabela1[Mês],M$3)/100,"") -> 0.23 | N49: =IFERROR(AVERAGEIFS(INDIRECT("Tabela1["&$D49&"]"),Tabela1[Turno],$F49,Tabela1[Mês],N$3)/100,"") -> 0.29666667 | ... R49: =IFERROR(AVERAGEIFS(INDIRECT("Tabela1["&$D49&"]"),Tabela1[Turno],$F49,Tabela1[Mês],R$3)/100,"") | S49: 0.15 | U49: =IFERROR(AVERAGEIFS(INDIRECT("Tabela1["&$D49&"]"),Tabela1[Turno],$F49,Tabela1[Data],U$3)/100,"") | V49: =IFERROR(AVERAGEIFS(INDIRECT("Tabela1["&$D49&"]"),Tabela1[Turno],$F49,Tabela1[Data],V$3)/100,"") | W49: =IFERROR(AVERAGEIFS(INDIRECT("Tabela1["&$D49&"]"),Tabela1[Turno],$F49,Tabela1[Data],W$3)/100,"") | X49: =IFERROR(AVERAGEIFS(INDIRECT("Tabela1["&$D49&"]"),Tabela1[Turno],$F49,Tabela1[Data],X$3)/100,"") | Y49: =IFERROR(AVERAGEIFS(INDIRECT("Tabela1["&$D49&"]"),Tabela1[Turno],$F49,Tabela1[Data],Y$3)/100,"") | Z49: =IFERROR(AVERAGEIFS(INDIRECT("Tabela1["&$D49&"]"),Tabela1[Turno],$F49,Tabela1[Data],Z$3)/100,"") | AA49: =IFERROR(AVERAGEIFS(INDIRECT("Tabela1["&$D49&"]"),Tabela1[Turno],$F49,Tabela1[Data],AA$3)/100,"") | AB49: =IFERROR(AVERAGEIFS(INDIRECT("Tabela1["&$D49&"]"),Tabela1[Turno],$F49,Tabela1[Data],AB$3)/100,"") | ... AR49: =IFERROR(AVERAGEIFS(INDIRECT("Tabela1["&$D49&"]"),Tabela1[Turno],$F49,Tabela1[Data],AR$3)/100,"")
A50: Peito | B50: =F50 -> 2 | C50: Peito | D50: =IF(E50=0,D49,E50) -> % Carne Refile Peito | F50: 2 | G50: =IFERROR(AVERAGEIFS(INDIRECT("Tabela1["&$D50&"]"),Tabela1[Turno],$F50,Tabela1[Mês],G$3)/100,"") -> 0.52 | H50: =IFERROR(AVERAGEIFS(INDIRECT("Tabela1["&$D50&"]"),Tabela1[Turno],$F50,Tabela1[Mês],H$3)/100,"") -> 0.56 | I50: =IFERROR(AVERAGEIFS(INDIRECT("Tabela1["&$D50&"]"),Tabela1[Turno],$F50,Tabela1[Mês],I$3)/100,"") -> 0.58 | J50: =IFERROR(AVERAGEIFS(INDIRECT("Tabela1["&$D50&"]"),Tabela1[Turno],$F50,Tabela1[Mês],J$3)/100,"") -> 0.48 | K50: =IFERROR(AVERAGEIFS(INDIRECT("Tabela1["&$D50&"]"),Tabela1[Turno],$F50,Tabela1[Mês],K$3)/100,"") -> 0.43 | L50: =IFERROR(AVERAGEIFS(INDIRECT("Tabela1["&$D50&"]"),Tabela1[Turno],$F50,Tabela1[Mês],L$3)/100,"") -> 0.3 | M50: =IFERROR(AVERAGEIFS(INDIRECT("Tabela1["&$D50&"]"),Tabela1[Turno],$F50,Tabela1[Mês],M$3)/100,"") -> 0.2 | N50: =IFERROR(AVERAGEIFS(INDIRECT("Tabela1["&$D50&"]"),Tabela1[Turno],$F50,Tabela1[Mês],N$3)/100,"") -> 0.22246479 | ... R50: =IFERROR(AVERAGEIFS(INDIRECT("Tabela1["&$D50&"]"),Tabela1[Turno],$F50,Tabela1[Mês],R$3)/100,"") | U50: =IFERROR(AVERAGEIFS(INDIRECT("Tabela1["&$D50&"]"),Tabela1[Turno],$F50,Tabela1[Data],U$3)/100,"") -> 0.26375 | V50: =IFERROR(AVERAGEIFS(INDIRECT("Tabela1["&$D50&"]"),Tabela1[Turno],$F50,Tabela1[Data],V$3)/100,"") -> 0.255 | W50: =IFERROR(AVERAGEIFS(INDIRECT("Tabela1["&$D50&"]"),Tabela1[Turno],$F50,Tabela1[Data],W$3)/100,"") -> 0.21333333 | X50: =IFERROR(AVERAGEIFS(INDIRECT("Tabela1["&$D50&"]"),Tabela1[Turno],$F50,Tabela1[Data],X$3)/100,"") -> 0.23 | Y50: =IFERROR(AVERAGEIFS(INDIRECT("Tabela1["&$D50&"]"),Tabela1[Turno],$F50,Tabela1[Data],Y$3)/100,"") -> 0.2025 | Z50: =IFERROR(AVERAGEIFS(INDIRECT("Tabela1["&$D50&"]"),Tabela1[Turno],$F50,Tabela1[Data],Z$3)/100,"") -> 0.23625 | AA50: =IFERROR(AVERAGEIFS(INDIRECT("Tabela1["&$D50&"]"),Tabela1[Turno],$F50,Tabela1[Data],AA$3)/100,"") -> 0.30375 | AB50: =IFERROR(AVERAGEIFS(INDIRECT("Tabela1["&$D50&"]"),Tabela1[Turno],$F50,Tabela1[Data],AB$3)/100,"") | ... AR50: =IFERROR(AVERAGEIFS(INDIRECT("Tabela1["&$D50&"]"),Tabela1[Turno],$F50,Tabela1[Data],AR$3)/100,"")
A51: Peito | B51: =F51 -> Unidade | C51: Peito | D51: =IF(E51=0,D50,E51) -> % Carne Refile Peito | F51: Unidade | G51: =IFERROR(AVERAGEIFS(INDIRECT("Tabela1["&$D51&"]"),Tabela1[Mês],G$3)/100,"") -> 0.545 | H51: =IFERROR(AVERAGEIFS(INDIRECT("Tabela1["&$D51&"]"),Tabela1[Mês],H$3)/100,"") -> 0.56 | I51: =IFERROR(AVERAGEIFS(INDIRECT("Tabela1["&$D51&"]"),Tabela1[Mês],I$3)/100,"") -> 0.56 | J51: =IFERROR(AVERAGEIFS(INDIRECT("Tabela1["&$D51&"]"),Tabela1[Mês],J$3)/100,"") -> 0.435 | K51: =IFERROR(AVERAGEIFS(INDIRECT("Tabela1["&$D51&"]"),Tabela1[Mês],K$3)/100,"") -> 0.41 | L51: =IFERROR(AVERAGEIFS(INDIRECT("Tabela1["&$D51&"]"),Tabela1[Mês],L$3)/100,"") -> 0.305 | M51: =IFERROR(AVERAGEIFS(INDIRECT("Tabela1["&$D51&"]"),Tabela1[Mês],M$3)/100,"") -> 0.215 | N51: =IFERROR(AVERAGEIFS(INDIRECT("Tabela1["&$D51&"]"),Tabela1[Mês],N$3)/100,"") -> 0.22526667 | ... R51: =IFERROR(AVERAGEIFS(INDIRECT("Tabela1["&$D51&"]"),Tabela1[Mês],R$3)/100,"") | U51: =IFERROR(AVERAGEIFS(INDIRECT("Tabela1["&$D51&"]"),Tabela1[Data],U$3)/100,"") -> 0.26375 | V51: =IFERROR(AVERAGEIFS(INDIRECT("Tabela1["&$D51&"]"),Tabela1[Data],V$3)/100,"") -> 0.255 | W51: =IFERROR(AVERAGEIFS(INDIRECT("Tabela1["&$D51&"]"),Tabela1[Data],W$3)/100,"") -> 0.21333333 | X51: =IFERROR(AVERAGEIFS(INDIRECT("Tabela1["&$D51&"]"),Tabela1[Data],X$3)/100,"") -> 0.23 | Y51: =IFERROR(AVERAGEIFS(INDIRECT("Tabela1["&$D51&"]"),Tabela1[Data],Y$3)/100,"") -> 0.2025 | Z51: =IFERROR(AVERAGEIFS(INDIRECT("Tabela1["&$D51&"]"),Tabela1[Data],Z$3)/100,"") -> 0.23625 | AA51: =IFERROR(AVERAGEIFS(INDIRECT("Tabela1["&$D51&"]"),Tabela1[Data],AA$3)/100,"") -> 0.30375 | AB51: =IFERROR(AVERAGEIFS(INDIRECT("Tabela1["&$D51&"]"),Tabela1[Data],AB$3)/100,"") | ... AR51: =IFERROR(AVERAGEIFS(INDIRECT("Tabela1["&$D51&"]"),Tabela1[Data],AR$3)/100,"")
A52: Peito | B52: =F52 -> 1 | C52: Peito | D52: =IF(E52=0,D51,E52) -> % Peito Limpo na esteira | E52: =Coleta!AD1 -> % Peito Limpo na esteira | F52: 1 | G52: =IFERROR(AVERAGEIFS(INDIRECT("Tabela1["&$D52&"]"),Tabela1[Turno],$F52,Tabela1[Mês],G$3)/100,"") -> 0.66 | H52: =IFERROR(AVERAGEIFS(INDIRECT("Tabela1["&$D52&"]"),Tabela1[Turno],$F52,Tabela1[Mês],H$3)/100,"") -> 0.73 | I52: =IFERROR(AVERAGEIFS(INDIRECT("Tabela1["&$D52&"]"),Tabela1[Turno],$F52,Tabela1[Mês],I$3)/100,"") -> 0.65 | J52: =IFERROR(AVERAGEIFS(INDIRECT("Tabela1["&$D52&"]"),Tabela1[Turno],$F52,Tabela1[Mês],J$3)/100,"") -> 0.67 | K52: =IFERROR(AVERAGEIFS(INDIRECT("Tabela1["&$D52&"]"),Tabela1[Turno],$F52,Tabela1[Mês],K$3)/100,"") -> 0.69 | L52: =IFERROR(AVERAGEIFS(INDIRECT("Tabela1["&$D52&"]"),Tabela1[Turno],$F52,Tabela1[Mês],L$3)/100,"") -> 0.72 | M52: =IFERROR(AVERAGEIFS(INDIRECT("Tabela1["&$D52&"]"),Tabela1[Turno],$F52,Tabela1[Mês],M$3)/100,"") -> 0.7 | N52: =IFERROR(AVERAGEIFS(INDIRECT("Tabela1["&$D52&"]"),Tabela1[Turno],$F52,Tabela1[Mês],N$3)/100,"") -> 0.47 | ... R52: =IFERROR(AVERAGEIFS(INDIRECT("Tabela1["&$D52&"]"),Tabela1[Turno],$F52,Tabela1[Mês],R$3)/100,"") | S52: 0.7 | U52: =IFERROR(AVERAGEIFS(INDIRECT("Tabela1["&$D52&"]"),Tabela1[Turno],$F52,Tabela1[Data],U$3)/100,"") | V52: =IFERROR(AVERAGEIFS(INDIRECT("Tabela1["&$D52&"]"),Tabela1[Turno],$F52,Tabela1[Data],V$3)/100,"") | W52: =IFERROR(AVERAGEIFS(INDIRECT("Tabela1["&$D52&"]"),Tabela1[Turno],$F52,Tabela1[Data],W$3)/100,"") | X52: =IFERROR(AVERAGEIFS(INDIRECT("Tabela1["&$D52&"]"),Tabela1[Turno],$F52,Tabela1[Data],X$3)/100,"") | Y52: =IFERROR(AVERAGEIFS(INDIRECT("Tabela1["&$D52&"]"),Tabela1[Turno],$F52,Tabela1[Data],Y$3)/100,"") | Z52: =IFERROR(AVERAGEIFS(INDIRECT("Tabela1["&$D52&"]"),Tabela1[Turno],$F52,Tabela1[Data],Z$3)/100,"") | AA52: =IFERROR(AVERAGEIFS(INDIRECT("Tabela1["&$D52&"]"),Tabela1[Turno],$F52,Tabela1[Data],AA$3)/100,"") | AB52: =IFERROR(AVERAGEIFS(INDIRECT("Tabela1["&$D52&"]"),Tabela1[Turno],$F52,Tabela1[Data],AB$3)/100,"") | ... AR52: =IFERROR(AVERAGEIFS(INDIRECT("Tabela1["&$D52&"]"),Tabela1[Turno],$F52,Tabela1[Data],AR$3)/100,"")
A53: Peito | B53: =F53 -> 2 | C53: Peito | D53: =IF(E53=0,D52,E53) -> % Peito Limpo na esteira | F53: 2 | G53: =IFERROR(AVERAGEIFS(INDIRECT("Tabela1["&$D53&"]"),Tabela1[Turno],$F53,Tabela1[Mês],G$3)/100,"") -> 0.64 | H53: =IFERROR(AVERAGEIFS(INDIRECT("Tabela1["&$D53&"]"),Tabela1[Turno],$F53,Tabela1[Mês],H$3)/100,"") -> 0.79 | I53: =IFERROR(AVERAGEIFS(INDIRECT("Tabela1["&$D53&"]"),Tabela1[Turno],$F53,Tabela1[Mês],I$3)/100,"") -> 0.68 | J53: =IFERROR(AVERAGEIFS(INDIRECT("Tabela1["&$D53&"]"),Tabela1[Turno],$F53,Tabela1[Mês],J$3)/100,"") -> 0.57 | K53: =IFERROR(AVERAGEIFS(INDIRECT("Tabela1["&$D53&"]"),Tabela1[Turno],$F53,Tabela1[Mês],K$3)/100,"") -> 0.55 | L53: =IFERROR(AVERAGEIFS(INDIRECT("Tabela1["&$D53&"]"),Tabela1[Turno],$F53,Tabela1[Mês],L$3)/100,"") -> 0.66 | M53: =IFERROR(AVERAGEIFS(INDIRECT("Tabela1["&$D53&"]"),Tabela1[Turno],$F53,Tabela1[Mês],M$3)/100,"") -> 0.7 | N53: =IFERROR(AVERAGEIFS(INDIRECT("Tabela1["&$D53&"]"),Tabela1[Turno],$F53,Tabela1[Mês],N$3)/100,"") -> 0.75 | ... R53: =IFERROR(AVERAGEIFS(INDIRECT("Tabela1["&$D53&"]"),Tabela1[Turno],$F53,Tabela1[Mês],R$3)/100,"") | U53: =IFERROR(AVERAGEIFS(INDIRECT("Tabela1["&$D53&"]"),Tabela1[Turno],$F53,Tabela1[Data],U$3)/100,"") -> 0.675 | V53: =IFERROR(AVERAGEIFS(INDIRECT("Tabela1["&$D53&"]"),Tabela1[Turno],$F53,Tabela1[Data],V$3)/100,"") -> 0.6375 | W53: =IFERROR(AVERAGEIFS(INDIRECT("Tabela1["&$D53&"]"),Tabela1[Turno],$F53,Tabela1[Data],W$3)/100,"") -> 0.65 | X53: =IFERROR(AVERAGEIFS(INDIRECT("Tabela1["&$D53&"]"),Tabela1[Turno],$F53,Tabela1[Data],X$3)/100,"") -> 0.6375 | Y53: =IFERROR(AVERAGEIFS(INDIRECT("Tabela1["&$D53&"]"),Tabela1[Turno],$F53,Tabela1[Data],Y$3)/100,"") -> 0.675 | Z53: =IFERROR(AVERAGEIFS(INDIRECT("Tabela1["&$D53&"]"),Tabela1[Turno],$F53,Tabela1[Data],Z$3)/100,"") -> 0.725 | AA53: =IFERROR(AVERAGEIFS(INDIRECT("Tabela1["&$D53&"]"),Tabela1[Turno],$F53,Tabela1[Data],AA$3)/100,"") -> 0.7 | AB53: =IFERROR(AVERAGEIFS(INDIRECT("Tabela1["&$D53&"]"),Tabela1[Turno],$F53,Tabela1[Data],AB$3)/100,"") | ... AR53: =IFERROR(AVERAGEIFS(INDIRECT("Tabela1["&$D53&"]"),Tabela1[Turno],$F53,Tabela1[Data],AR$3)/100,"")
A54: Peito | B54: =F54 -> Unidade | C54: Peito | D54: =IF(E54=0,D53,E54) -> % Peito Limpo na esteira | F54: Unidade | G54: =IFERROR(AVERAGEIFS(INDIRECT("Tabela1["&$D54&"]"),Tabela1[Mês],G$3)/100,"") -> 0.65 | H54: =IFERROR(AVERAGEIFS(INDIRECT("Tabela1["&$D54&"]"),Tabela1[Mês],H$3)/100,"") -> 0.76 | I54: =IFERROR(AVERAGEIFS(INDIRECT("Tabela1["&$D54&"]"),Tabela1[Mês],I$3)/100,"") -> 0.665 | J54: =IFERROR(AVERAGEIFS(INDIRECT("Tabela1["&$D54&"]"),Tabela1[Mês],J$3)/100,"") -> 0.62 | K54: =IFERROR(AVERAGEIFS(INDIRECT("Tabela1["&$D54&"]"),Tabela1[Mês],K$3)/100,"") -> 0.62 | L54: =IFERROR(AVERAGEIFS(INDIRECT("Tabela1["&$D54&"]"),Tabela1[Mês],L$3)/100,"") -> 0.69 | M54: =IFERROR(AVERAGEIFS(INDIRECT("Tabela1["&$D54&"]"),Tabela1[Mês],M$3)/100,"") -> 0.7 | N54: =IFERROR(AVERAGEIFS(INDIRECT("Tabela1["&$D54&"]"),Tabela1[Mês],N$3)/100,"") -> 0.73133333 | ... R54: =IFERROR(AVERAGEIFS(INDIRECT("Tabela1["&$D54&"]"),Tabela1[Mês],R$3)/100,"") | U54: =IFERROR(AVERAGEIFS(INDIRECT("Tabela1["&$D54&"]"),Tabela1[Data],U$3)/100,"") -> 0.675 | V54: =IFERROR(AVERAGEIFS(INDIRECT("Tabela1["&$D54&"]"),Tabela1[Data],V$3)/100,"") -> 0.6375 | W54: =IFERROR(AVERAGEIFS(INDIRECT("Tabela1["&$D54&"]"),Tabela1[Data],W$3)/100,"") -> 0.65 | X54: =IFERROR(AVERAGEIFS(INDIRECT("Tabela1["&$D54&"]"),Tabela1[Data],X$3)/100,"") -> 0.6375 | Y54: =IFERROR(AVERAGEIFS(INDIRECT("Tabela1["&$D54&"]"),Tabela1[Data],Y$3)/100,"") -> 0.675 | Z54: =IFERROR(AVERAGEIFS(INDIRECT("Tabela1["&$D54&"]"),Tabela1[Data],Z$3)/100,"") -> 0.725 | AA54: =IFERROR(AVERAGEIFS(INDIRECT("Tabela1["&$D54&"]"),Tabela1[Data],AA$3)/100,"") -> 0.7 | AB54: =IFERROR(AVERAGEIFS(INDIRECT("Tabela1["&$D54&"]"),Tabela1[Data],AB$3)/100,"") | ... AR54: =IFERROR(AVERAGEIFS(INDIRECT("Tabela1["&$D54&"]"),Tabela1[Data],AR$3)/100,"")
A55: Asa | B55: =F55 -> 1 | C55: Asa | D55: =IF(E55=0,#REF!,E55) -> % Erro de Corte da Porcionadora | E55: =Coleta!AF1 -> % Erro de Corte da Porcionadora | F55: 1 | G55: =IFERROR(AVERAGEIFS(INDIRECT("Tabela1["&$D55&"]"),Tabela1[Turno],$F55,Tabela1[Mês],G$3)/100,"") -> 0.05 | H55: =IFERROR(AVERAGEIFS(INDIRECT("Tabela1["&$D55&"]"),Tabela1[Turno],$F55,Tabela1[Mês],H$3)/100,"") -> 0.0717 | I55: =IFERROR(AVERAGEIFS(INDIRECT("Tabela1["&$D55&"]"),Tabela1[Turno],$F55,Tabela1[Mês],I$3)/100,"") -> 0.19 | J55: =IFERROR(AVERAGEIFS(INDIRECT("Tabela1["&$D55&"]"),Tabela1[Turno],$F55,Tabela1[Mês],J$3)/100,"") -> 0.21 | K55: =IFERROR(AVERAGEIFS(INDIRECT("Tabela1["&$D55&"]"),Tabela1[Turno],$F55,Tabela1[Mês],K$3)/100,"") -> 0.21 | L55: =IFERROR(AVERAGEIFS(INDIRECT("Tabela1["&$D55&"]"),Tabela1[Turno],$F55,Tabela1[Mês],L$3)/100,"") -> 0.25 | M55: =IFERROR(AVERAGEIFS(INDIRECT("Tabela1["&$D55&"]"),Tabela1[Turno],$F55,Tabela1[Mês],M$3)/100,"") -> 0.16 | N55: =IFERROR(AVERAGEIFS(INDIRECT("Tabela1["&$D55&"]"),Tabela1[Turno],$F55,Tabela1[Mês],N$3)/100,"") -> 0.1 | ... R55: =IFERROR(AVERAGEIFS(INDIRECT("Tabela1["&$D55&"]"),Tabela1[Turno],$F55,Tabela1[Mês],R$3)/100,"") | S55: 0.05 | U55: =IFERROR(AVERAGEIFS(INDIRECT("Tabela1["&$D55&"]"),Tabela1[Turno],$F55,Tabela1[Data],U$3)/100,"") | V55: =IFERROR(AVERAGEIFS(INDIRECT("Tabela1["&$D55&"]"),Tabela1[Turno],$F55,Tabela1[Data],V$3)/100,"") | W55: =IFERROR(AVERAGEIFS(INDIRECT("Tabela1["&$D55&"]"),Tabela1[Turno],$F55,Tabela1[Data],W$3)/100,"") | X55: =IFERROR(AVERAGEIFS(INDIRECT("Tabela1["&$D55&"]"),Tabela1[Turno],$F55,Tabela1[Data],X$3)/100,"") | Y55: =IFERROR(AVERAGEIFS(INDIRECT("Tabela1["&$D55&"]"),Tabela1[Turno],$F55,Tabela1[Data],Y$3)/100,"") | Z55: =IFERROR(AVERAGEIFS(INDIRECT("Tabela1["&$D55&"]"),Tabela1[Turno],$F55,Tabela1[Data],Z$3)/100,"") | AA55: =IFERROR(AVERAGEIFS(INDIRECT("Tabela1["&$D55&"]"),Tabela1[Turno],$F55,Tabela1[Data],AA$3)/100,"") | AB55: =IFERROR(AVERAGEIFS(INDIRECT("Tabela1["&$D55&"]"),Tabela1[Turno],$F55,Tabela1[Data],AB$3)/100,"") | ... AR55: =IFERROR(AVERAGEIFS(INDIRECT("Tabela1["&$D55&"]"),Tabela1[Turno],$F55,Tabela1[Data],AR$3)/100,"")
A56: Asa | B56: =F56 -> 2 | C56: Asa | D56: =IF(E56=0,D55,E56) -> % Erro de Corte da Porcionadora | F56: 2 | G56: =IFERROR(AVERAGEIFS(INDIRECT("Tabela1["&$D56&"]"),Tabela1[Turno],$F56,Tabela1[Mês],G$3)/100,"") -> 0.08 | H56: =IFERROR(AVERAGEIFS(INDIRECT("Tabela1["&$D56&"]"),Tabela1[Turno],$F56,Tabela1[Mês],H$3)/100,"") -> 0.1357 | I56: =IFERROR(AVERAGEIFS(INDIRECT("Tabela1["&$D56&"]"),Tabela1[Turno],$F56,Tabela1[Mês],I$3)/100,"") -> 0.35 | J56: =IFERROR(AVERAGEIFS(INDIRECT("Tabela1["&$D56&"]"),Tabela1[Turno],$F56,Tabela1[Mês],J$3)/100,"") -> 0.5 | K56: =IFERROR(AVERAGEIFS(INDIRECT("Tabela1["&$D56&"]"),Tabela1[Turno],$F56,Tabela1[Mês],K$3)/100,"") -> 0.46 | L56: =IFERROR(AVERAGEIFS(INDIRECT("Tabela1["&$D56&"]"),Tabela1[Turno],$F56,Tabela1[Mês],L$3)/100,"") -> 0.38 | M56: =IFERROR(AVERAGEIFS(INDIRECT("Tabela1["&$D56&"]"),Tabela1[Turno],$F56,Tabela1[Mês],M$3)/100,"") -> 0.24 | N56: =IFERROR(AVERAGEIFS(INDIRECT("Tabela1["&$D56&"]"),Tabela1[Turno],$F56,Tabela1[Mês],N$3)/100,"") -> 0.27714286 | ... R56: =IFERROR(AVERAGEIFS(INDIRECT("Tabela1["&$D56&"]"),Tabela1[Turno],$F56,Tabela1[Mês],R$3)/100,"") | U56: =IFERROR(AVERAGEIFS(INDIRECT("Tabela1["&$D56&"]"),Tabela1[Turno],$F56,Tabela1[Data],U$3)/100,"") -> 0.15 | V56: =IFERROR(AVERAGEIFS(INDIRECT("Tabela1["&$D56&"]"),Tabela1[Turno],$F56,Tabela1[Data],V$3)/100,"") -> 0.1375 | W56: =IFERROR(AVERAGEIFS(INDIRECT("Tabela1["&$D56&"]"),Tabela1[Turno],$F56,Tabela1[Data],W$3)/100,"") -> 0.15 | X56: =IFERROR(AVERAGEIFS(INDIRECT("Tabela1["&$D56&"]"),Tabela1[Turno],$F56,Tabela1[Data],X$3)/100,"") -> 0.225 | Y56: =IFERROR(AVERAGEIFS(INDIRECT("Tabela1["&$D56&"]"),Tabela1[Turno],$F56,Tabela1[Data],Y$3)/100,"") -> 0.25 | Z56: =IFERROR(AVERAGEIFS(INDIRECT("Tabela1["&$D56&"]"),Tabela1[Turno],$F56,Tabela1[Data],Z$3)/100,"") -> 0.2125 | AA56: =IFERROR(AVERAGEIFS(INDIRECT("Tabela1["&$D56&"]"),Tabela1[Turno],$F56,Tabela1[Data],AA$3)/100,"") -> 0.2375 | AB56: =IFERROR(AVERAGEIFS(INDIRECT("Tabela1["&$D56&"]"),Tabela1[Turno],$F56,Tabela1[Data],AB$3)/100,"") | ... AR56: =IFERROR(AVERAGEIFS(INDIRECT("Tabela1["&$D56&"]"),Tabela1[Turno],$F56,Tabela1[Data],AR$3)/100,"")
A57: Asa | B57: =F57 -> Unidade | C57: Asa | D57: =IF(E57=0,D56,E57) -> % Erro de Corte da Porcionadora | F57: Unidade | G57: =IFERROR(AVERAGEIFS(INDIRECT("Tabela1["&$D57&"]"),Tabela1[Mês],G$3)/100,"") -> 0.065 | H57: =IFERROR(AVERAGEIFS(INDIRECT("Tabela1["&$D57&"]"),Tabela1[Mês],H$3)/100,"") -> 0.1037 | I57: =IFERROR(AVERAGEIFS(INDIRECT("Tabela1["&$D57&"]"),Tabela1[Mês],I$3)/100,"") -> 0.27 | J57: =IFERROR(AVERAGEIFS(INDIRECT("Tabela1["&$D57&"]"),Tabela1[Mês],J$3)/100,"") -> 0.355 | K57: =IFERROR(AVERAGEIFS(INDIRECT("Tabela1["&$D57&"]"),Tabela1[Mês],K$3)/100,"") -> 0.335 | L57: =IFERROR(AVERAGEIFS(INDIRECT("Tabela1["&$D57&"]"),Tabela1[Mês],L$3)/100,"") -> 0.315 | M57: =IFERROR(AVERAGEIFS(INDIRECT("Tabela1["&$D57&"]"),Tabela1[Mês],M$3)/100,"") -> 0.2 | N57: =IFERROR(AVERAGEIFS(INDIRECT("Tabela1["&$D57&"]"),Tabela1[Mês],N$3)/100,"") -> 0.26513158 | ... R57: =IFERROR(AVERAGEIFS(INDIRECT("Tabela1["&$D57&"]"),Tabela1[Mês],R$3)/100,"") | U57: =IFERROR(AVERAGEIFS(INDIRECT("Tabela1["&$D57&"]"),Tabela1[Data],U$3)/100,"") -> 0.15 | V57: =IFERROR(AVERAGEIFS(INDIRECT("Tabela1["&$D57&"]"),Tabela1[Data],V$3)/100,"") -> 0.1375 | W57: =IFERROR(AVERAGEIFS(INDIRECT("Tabela1["&$D57&"]"),Tabela1[Data],W$3)/100,"") -> 0.15 | X57: =IFERROR(AVERAGEIFS(INDIRECT("Tabela1["&$D57&"]"),Tabela1[Data],X$3)/100,"") -> 0.225 | Y57: =IFERROR(AVERAGEIFS(INDIRECT("Tabela1["&$D57&"]"),Tabela1[Data],Y$3)/100,"") -> 0.25 | Z57: =IFERROR(AVERAGEIFS(INDIRECT("Tabela1["&$D57&"]"),Tabela1[Data],Z$3)/100,"") -> 0.2125 | AA57: =IFERROR(AVERAGEIFS(INDIRECT("Tabela1["&$D57&"]"),Tabela1[Data],AA$3)/100,"") -> 0.2375 | AB57: =IFERROR(AVERAGEIFS(INDIRECT("Tabela1["&$D57&"]"),Tabela1[Data],AB$3)/100,"") | ... AR57: =IFERROR(AVERAGEIFS(INDIRECT("Tabela1["&$D57&"]"),Tabela1[Data],AR$3)/100,"")
A58: Paletização | B58: =F58 -> 1 | C58: Paletização | D58: =IF(E58=0,D57,E58) -> Qualidade Acomodação | E58: =Coleta!AG1 -> Qualidade Acomodação | F58: 1 | G58: =IFERROR(AVERAGEIFS(INDIRECT("Tabela1["&$D58&"]"),Tabela1[Turno],$F58,Tabela1[Mês],G$3),"") | H58: =IFERROR(AVERAGEIFS(INDIRECT("Tabela1["&$D58&"]"),Tabela1[Turno],$F58,Tabela1[Mês],H$3),"") | I58: =IFERROR(AVERAGEIFS(INDIRECT("Tabela1["&$D58&"]"),Tabela1[Turno],$F58,Tabela1[Mês],I$3),"") | J58: =IFERROR(AVERAGEIFS(INDIRECT("Tabela1["&$D58&"]"),Tabela1[Turno],$F58,Tabela1[Mês],J$3),"") | K58: =IFERROR(AVERAGEIFS(INDIRECT("Tabela1["&$D58&"]"),Tabela1[Turno],$F58,Tabela1[Mês],K$3),"") | L58: =IFERROR(AVERAGEIFS(INDIRECT("Tabela1["&$D58&"]"),Tabela1[Turno],$F58,Tabela1[Mês],L$3),"") | M58: =IFERROR(AVERAGEIFS(INDIRECT("Tabela1["&$D58&"]"),Tabela1[Turno],$F58,Tabela1[Mês],M$3),"") | N58: =IFERROR(AVERAGEIFS(INDIRECT("Tabela1["&$D58&"]"),Tabela1[Turno],$F58,Tabela1[Mês],N$3),"") | ... R58: =IFERROR(AVERAGEIFS(INDIRECT("Tabela1["&$D58&"]"),Tabela1[Turno],$F58,Tabela1[Mês],R$3),"") | S58: 10 | U58: =IFERROR(AVERAGEIFS(INDIRECT("Tabela1["&$D58&"]"),Tabela1[Turno],$F58,Tabela1[Data],U$3),"") | V58: =IFERROR(AVERAGEIFS(INDIRECT("Tabela1["&$D58&"]"),Tabela1[Turno],$F58,Tabela1[Data],V$3),"") | W58: =IFERROR(AVERAGEIFS(INDIRECT("Tabela1["&$D58&"]"),Tabela1[Turno],$F58,Tabela1[Data],W$3),"") | X58: =IFERROR(AVERAGEIFS(INDIRECT("Tabela1["&$D58&"]"),Tabela1[Turno],$F58,Tabela1[Data],X$3),"") | Y58: =IFERROR(AVERAGEIFS(INDIRECT("Tabela1["&$D58&"]"),Tabela1[Turno],$F58,Tabela1[Data],Y$3),"") | Z58: =IFERROR(AVERAGEIFS(INDIRECT("Tabela1["&$D58&"]"),Tabela1[Turno],$F58,Tabela1[Data],Z$3),"") | AA58: =IFERROR(AVERAGEIFS(INDIRECT("Tabela1["&$D58&"]"),Tabela1[Turno],$F58,Tabela1[Data],AA$3),"") | AB58: =IFERROR(AVERAGEIFS(INDIRECT("Tabela1["&$D58&"]"),Tabela1[Turno],$F58,Tabela1[Data],AB$3),"") | ... AR58: =IFERROR(AVERAGEIFS(INDIRECT("Tabela1["&$D58&"]"),Tabela1[Turno],$F58,Tabela1[Data],AR$3),"")
A59: Paletização | B59: =F59 -> 2 | C59: Paletização | D59: =IF(E59=0,D58,E59) -> Qualidade Acomodação | F59: 2 | G59: =IFERROR(AVERAGEIFS(INDIRECT("Tabela1["&$D59&"]"),Tabela1[Turno],$F59,Tabela1[Mês],G$3),"") | H59: =IFERROR(AVERAGEIFS(INDIRECT("Tabela1["&$D59&"]"),Tabela1[Turno],$F59,Tabela1[Mês],H$3),"") | I59: =IFERROR(AVERAGEIFS(INDIRECT("Tabela1["&$D59&"]"),Tabela1[Turno],$F59,Tabela1[Mês],I$3),"") | J59: =IFERROR(AVERAGEIFS(INDIRECT("Tabela1["&$D59&"]"),Tabela1[Turno],$F59,Tabela1[Mês],J$3),"") | K59: =IFERROR(AVERAGEIFS(INDIRECT("Tabela1["&$D59&"]"),Tabela1[Turno],$F59,Tabela1[Mês],K$3),"") | L59: =IFERROR(AVERAGEIFS(INDIRECT("Tabela1["&$D59&"]"),Tabela1[Turno],$F59,Tabela1[Mês],L$3),"") | M59: =IFERROR(AVERAGEIFS(INDIRECT("Tabela1["&$D59&"]"),Tabela1[Turno],$F59,Tabela1[Mês],M$3),"") | N59: =IFERROR(AVERAGEIFS(INDIRECT("Tabela1["&$D59&"]"),Tabela1[Turno],$F59,Tabela1[Mês],N$3),"") -> 6.9230769 | ... R59: =IFERROR(AVERAGEIFS(INDIRECT("Tabela1["&$D59&"]"),Tabela1[Turno],$F59,Tabela1[Mês],R$3),"") | U59: =IFERROR(AVERAGEIFS(INDIRECT("Tabela1["&$D59&"]"),Tabela1[Turno],$F59,Tabela1[Data],U$3),"") -> 9 | V59: =IFERROR(AVERAGEIFS(INDIRECT("Tabela1["&$D59&"]"),Tabela1[Turno],$F59,Tabela1[Data],V$3),"") -> 9.25 | W59: =IFERROR(AVERAGEIFS(INDIRECT("Tabela1["&$D59&"]"),Tabela1[Turno],$F59,Tabela1[Data],W$3),"") -> 8 | X59: =IFERROR(AVERAGEIFS(INDIRECT("Tabela1["&$D59&"]"),Tabela1[Turno],$F59,Tabela1[Data],X$3),"") -> 8.5 | Y59: =IFERROR(AVERAGEIFS(INDIRECT("Tabela1["&$D59&"]"),Tabela1[Turno],$F59,Tabela1[Data],Y$3),"") -> 8.5 | Z59: =IFERROR(AVERAGEIFS(INDIRECT("Tabela1["&$D59&"]"),Tabela1[Turno],$F59,Tabela1[Data],Z$3),"") -> 8.5 | AA59: =IFERROR(AVERAGEIFS(INDIRECT("Tabela1["&$D59&"]"),Tabela1[Turno],$F59,Tabela1[Data],AA$3),"") -> 8.5 | AB59: =IFERROR(AVERAGEIFS(INDIRECT("Tabela1["&$D59&"]"),Tabela1[Turno],$F59,Tabela1[Data],AB$3),"") | ... AR59: =IFERROR(AVERAGEIFS(INDIRECT("Tabela1["&$D59&"]"),Tabela1[Turno],$F59,Tabela1[Data],AR$3),"")
A60: Paletização | B60: =F60 -> Unidade | C60: Paletização | D60: =IF(E60=0,D59,E60) -> Qualidade Acomodação | F60: Unidade | G60: =IFERROR(AVERAGEIFS(INDIRECT("Tabela1["&$D60&"]"),Tabela1[Mês],G$3),"") | H60: =IFERROR(AVERAGEIFS(INDIRECT("Tabela1["&$D60&"]"),Tabela1[Mês],H$3),"") | I60: =IFERROR(AVERAGEIFS(INDIRECT("Tabela1["&$D60&"]"),Tabela1[Mês],I$3),"") | J60: =IFERROR(AVERAGEIFS(INDIRECT("Tabela1["&$D60&"]"),Tabela1[Mês],J$3),"") | K60: =IFERROR(AVERAGEIFS(INDIRECT("Tabela1["&$D60&"]"),Tabela1[Mês],K$3),"") | L60: =IFERROR(AVERAGEIFS(INDIRECT("Tabela1["&$D60&"]"),Tabela1[Mês],L$3),"") | M60: =IFERROR(AVERAGEIFS(INDIRECT("Tabela1["&$D60&"]"),Tabela1[Mês],M$3),"") | N60: =IFERROR(AVERAGEIFS(INDIRECT("Tabela1["&$D60&"]"),Tabela1[Mês],N$3),"") -> 6.969697 | ... R60: =IFERROR(AVERAGEIFS(INDIRECT("Tabela1["&$D60&"]"),Tabela1[Mês],R$3),"") | U60: =IFERROR(AVERAGEIFS(INDIRECT("Tabela1["&$D60&"]"),Tabela1[Data],U$3),"") -> 9 | V60: =IFERROR(AVERAGEIFS(INDIRECT("Tabela1["&$D60&"]"),Tabela1[Data],V$3),"") -> 9.25 | W60: =IFERROR(AVERAGEIFS(INDIRECT("Tabela1["&$D60&"]"),Tabela1[Data],W$3),"") -> 8 | X60: =IFERROR(AVERAGEIFS(INDIRECT("Tabela1["&$D60&"]"),Tabela1[Data],X$3),"") -> 8.5 | Y60: =IFERROR(AVERAGEIFS(INDIRECT("Tabela1["&$D60&"]"),Tabela1[Data],Y$3),"") -> 8.5 | Z60: =IFERROR(AVERAGEIFS(INDIRECT("Tabela1["&$D60&"]"),Tabela1[Data],Z$3),"") -> 8.5 | AA60: =IFERROR(AVERAGEIFS(INDIRECT("Tabela1["&$D60&"]"),Tabela1[Data],AA$3),"") -> 8.5 | AB60: =IFERROR(AVERAGEIFS(INDIRECT("Tabela1["&$D60&"]"),Tabela1[Data],AB$3),"") | ... AR60: =IFERROR(AVERAGEIFS(INDIRECT("Tabela1["&$D60&"]"),Tabela1[Data],AR$3),"")
U117: Rótulos de Coluna
U118: 01/10/2026 | V118: 02/10/2026 | W118: 05/10/2026 | X118: 06/10/2026 | Y118: 07/10/2026 | Z118: 08/10/2026 | AA118: 09/10/2026

Sheet Coleta
A1: Mês | B1: ID | C1: Data e Hora | D1: Data recebimento | E1: Usuário | F1: Data | G1: Turno | H1: Carne no Back | I1: Peito na Asa Meyn | J1: Medalhão na Asa Meyn | K1: Carne no Front | L1: 2.2 Pinçagem | M1: 2.3 Cartilagem | N1: % Eficiência da Pinçagem | O1: % Eficiência remoção cartilagem | P1: Corte Perna Cone | Q1: Peito na Asa Cone | R1: Medalhão na Asa Cone | S1: Corte Peito Cone | T1: Corte Sassami Cone | U1: Corte Cartilagem Cone | V1: Atividades na Linha de Cone | W1: Carne no Osso Perna Direita | X1: Carne no Osso Perna Esquerda | Y1: Refile Perna | Z1: % Carne Refile Perna | AA1: 5.1 Carne no Refile | AB1: 5.2 Peito Limpo | AC1: % Carne Refile Peito | AD1: % Peito Limpo na esteira | AE1: 6.1 Erro de Corte | AF1: % Erro de Corte da Porcionadora | AG1: Qualidade Acomodação | AH1: SKU | AI1: Check list Acomodação | AJ1: Assinatura do Supervisor Responsável | AK1: Assinatura do Supervisor Responsável2 | AL1: Tempo de resposta
A2: =UPPER(TEXT(Tabela1[[#This Row],[Data]],"MMM")) -> JAN | F2: 46023 | G2: 1 | N2: 60 | Z2: 42 | AC2: 57 | AD2: 66 | AF2: 5
A3: =UPPER(TEXT(Tabela1[[#This Row],[Data]],"MMM")) -> JAN | F3: 46023 | G3: 2 | N3: 58 | Z3: 45 | AC3: 52 | AD3: 64 | AF3: 8
A4: FEV | F4: 46054 | G4: 1 | N4: 53 | Z4: 31.5 | AC4: 56 | AD4: 73 | AF4: 7.17
A5: FEV | F5: 46054 | G5: 2 | N5: 56 | Z5: 42.4 | AC5: 56 | AD5: 79 | AF5: 13.57
A6: MAR | F6: 46082 | G6: 1 | N6: 44 | Z6: 29 | AC6: 54 | AD6: 65 | AF6: 19
A7: MAR | F7: 46082 | G7: 2 | N7: 44 | Z7: 45.5 | AC7: 58 | AD7: 68 | AF7: 35
A8: ABR | F8: 46113 | G8: 1 | N8: 23 | Z8: 24.72 | AC8: 39 | AD8: 67 | AF8: 21
A9: ABR | F9: 46113 | G9: 2 | N9: 19 | Z9: 39.11 | AC9: 48 | AD9: 57 | AF9: 50
A10: MAI | F10: 46143 | G10: 1 | N10: 49 | Z10: 25.26 | AC10: 39 | AD10: 69 | AF10: 21
A11: MAI | F11: 46143 | G11: 2 | N11: 57 | Z11: 36.72 | AC11: 43 | AD11: 55 | AF11: 46
A12: JUN | F12: 46174 | G12: 1 | N12: 64 | Z12: 24.36 | AC12: 31 | AD12: 72 | AF12: 25
A13: JUN | F13: 46174 | G13: 2 | N13: 60 | Z13: 27.91 | AC13: 30 | AD13: 66 | AF13: 38
A14: JUL | F14: 46204 | G14: 1 | N14: 54 | Z14: 29.13 | AC14: 23 | AD14: 70 | AF14: 16
A15: JUL | F15: 46204 | G15: 2 | N15: 66 | Z15: 24.75 | AC15: 20 | AD15: 70 | AF15: 24
A16: =UPPER(TEXT(Tabela1[[#This Row],[Data]],"MMM")) -> AGO | B16: 6a7fe9ddacd6cb3b421e1b6e | C16: 15/08/2026 00:24:18 | D16: 15/08/2026 01:23:57 | E16: Ranieli | F16: 14/08/2026 | G16: 2 | H16: 7 | I16: 7 | J16: 7 | K16: 5 | L16: 39 | M16: 35 | N16: 61 | O16: 65 | P16: 7 | Q16: 7 | R16: 7 | S16: 7 | T16: 7 | U16: 7 | V16: Riscou o Sassami em X, Retirou a Cartilagem | W16: 10 | X16: 10 | Y16: 48 | Z16: 24 | AA16: 43 | AB16: 4 | AC16: 21.5 | AD16: 80 | AE16: 5 | AF16: 25 | AG16: 5 | AH16: 42820 | AI16: Caixa está sem rasgos e seca, Data de validade e produção estão de acordo | AJ16: assinatura | AK16: assinatura | AL16: 142
A17: =UPPER(TEXT(Tabela1[[#This Row],[Data]],"MMM")) -> AGO | B17: 6a7fe9ddacd6cb3b421e1b5c | C17: 14/08/2026 21:48:16 | D17: 15/08/2026 01:23:57 | E17: Ranieli | F17: 14/08/2026 | G17: 2 | H17: 7 | I17: 7 | J17: 7 | K17: 5 | L17: 28 | M17: 30 | N17: 72 | O17: 70 | P17: 7 | Q17: 7 | R17: 7 | S17: 7 | T17: 7 | U17: 7 | V17: Riscou o Sassami em X, Retirou a Cartilagem | W17: 7 | X17: 7 | Y17: 61 | Z17: 30.5 | AA17: 43 | AB17: 5 | AC17: 21.5 | AD17: 75 | AE17: 4 | AF17: 20 | AG17: 5 | AH17: 42820 | AI17: Caixa está sem rasgos e seca, Data de validade e produção estão de acordo | AJ17: assinatura | AK17: assinatura | AL17: 4705
A18: =UPPER(TEXT(Tabela1[[#This Row],[Data]],"MMM")) -> AGO | B18: 6a7fe9dcacd6cb3b421e1b56 | C18: 14/08/2026 19:01:59 | D18: 15/08/2026 01:23:56 | E18: Ranieli | F18: 14/08/2026 | G18: 2 | H18: 7 | I18: 7 | J18: 7 | L18: 46 | M18: 41 | N18: 54 | O18: 59 | P18: 7 | Q18: 7 | R18: 7 | S18: 7 | T18: 7 | U18: 7 | V18: Riscou o Sassami em X, Retirou a Cartilagem | W18: 10 | X18: 10 | Y18: 39 | Z18: 19.5 | AA18: 38 | AB18: 3 | AC18: 19 | AD18: 85 | AE18: 5 | AF18: 25 | AG18: 5 | AH18: 42854 | AI18: Caixa está sem rasgos e seca, Data de validade e produção estão de acordo | AJ18: assinatura | AK18: assinatura | AL18: 2933
A19: =UPPER(TEXT(Tabela1[[#This Row],[Data]],"MMM")) -> AGO | B19: 6a7fe9dcacd6cb3b421e1b14 | C19: 14/08/2026 16:41:44 | D19: 15/08/2026 01:23:56 | E19: Ranieli | F19: 14/08/2026 | G19: 2 | H19: 7 | I19: 7 | J19: 7 | K19: 5 | L19: 31 | M19: 40 | N19: 69 | O19: 60 | P19: 7 | Q19: 7 | R19: 7 | S19: 7 | T19: 7 | U19: 7 | V19: Riscou o Sassami em X, Retirou a Cartilagem | W19: 10 | X19: 10 | Y19: 41 | Z19: 20.5 | AA19: 32 | AB19: 7 | AC19: 16 | AD19: 65 | AE19: 5 | AF19: 25 | AG19: 5 | AH19: 42838 | AI19: Data de validade e produção estão de acordo, Caixa está sem rasgos e seca | AJ19: assinatura | AK19: assinatura | AL19: 3502
A20: =UPPER(TEXT(Tabela1[[#This Row],[Data]],"MMM")) -> AGO | B20: 6a7ea368f68f6f3a4276cac7 | C20: 14/08/2026 00:35:32 | D20: 14/08/2026 02:11:04 | E20: Ranieli | F20: 13/08/2026 | G20: 2 | H20: 7 | I20: 7 | J20: 7 | K20: 5 | L20: 39 | M20: 33 | N20: 61 | O20: 67 | P20: 5 | R20: 7 | S20: 7 | T20: 7 | U20: 5 | V20: Riscou o Sassami em X, Retirou a Cartilagem | W20: 10 | X20: 10 | Y20: 41 | Z20: 20.5 | AA20: 43 | AB20: 4 | AC20: 21.5 | AD20: 80 | AE20: 6 | AF20: 30 | AG20: 5 | AH20: 42838 | AI20: Caixa está sem rasgos e seca, Data de validade e produção estão de acordo, Selagem está conforme | AJ20: assinatura | AK20: assinatura | AL20: 559
A21: =UPPER(TEXT(Tabela1[[#This Row],[Data]],"MMM")) -> AGO | B21: 6a7ea367f68f6f3a4276cac1 | C21: 13/08/2026 22:02:31 | D21: 14/08/2026 02:11:03 | E21: Ranieli | F21: 13/08/2026 | G21: 2 | H21: 7 | I21: 7 | J21: 7 | K21: 7 | L21: 39 | M21: 30 | N21: 61 | O21: 70 | P21: 7 | Q21: 7 | R21: 7 | S21: 7 | T21: 7 | U21: 5 | V21: Riscou o Sassami em X, Retirou a Cartilagem | W21: 10 | X21: 10 | Y21: 46 | Z21: 23 | AA21: 42 | AB21: 3 | AC21: 21 | AD21: 85 | AE21: 8 | AF21: 40 | AG21: 5 | AH21: 42862 | AI21: Caixa está sem rasgos e seca, Data de validade e produção estão de acordo, Selagem está conforme | AJ21: assinatura | AK21: assinatura | AL21: 7125
A22: =UPPER(TEXT(Tabela1[[#This Row],[Data]],"MMM")) -> AGO | B22: 6a7ea367f68f6f3a4276cab9 | C22: 13/08/2026 18:17:04 | D22: 14/08/2026 02:11:03 | E22: Ranieli | F22: 13/08/2026 | G22: 2 | H22: 7 | I22: 7 | J22: 7 | K22: 5 | L22: 33 | M22: 29 | N22: 67 | O22: 71 | P22: 7 | Q22: 7 | R22: 7 | S22: 5 | T22: 7 | U22: 7 | V22: Riscou o Sassami em X, Retirou a Cartilagem | W22: 10 | X22: 10 | Y22: 38 | Z22: 19 | AA22: 43 | AB22: 9 | AC22: 21.5 | AD22: 55 | AE22: 5 | AF22: 25 | AG22: 5 | AH22: 42862 | AI22: Caixa está sem rasgos e seca, Data de validade e produção estão de acordo, Selagem está conforme | AJ22: assinatura | AK22: assinatura | AL22: 1265
A23: =UPPER(TEXT(Tabela1[[#This Row],[Data]],"MMM")) -> AGO | B23: 6a7ea367f68f6f3a4276ca89 | C23: 13/08/2026 16:20:53 | D23: 14/08/2026 02:11:03 | E23: Ranieli | F23: 13/08/2026 | G23: 2 | H23: 7 | I23: 7 | J23: 7 | K23: 5 | L23: 33 | M23: 35 | N23: 67 | O23: 65 | P23: 7 | Q23: 5 | R23: 7 | S23: 7 | T23: 7 | U23: 5 | V23: Riscou o Sassami em X, Retirou a Cartilagem | W23: 10 | X23: 10 | Y23: 37 | Z23: 18.5 | AA23: 41 | AB23: 7 | AC23: 20.5 | AD23: 65 | AE23: 5 | AF23: 25 | AG23: 5 | AH23: 42846 | AI23: Selagem está conforme, Data de validade e produção estão de acordo, Caixa está sem rasgos e seca | AJ23: assinatura | AK23: assinatura | AL23: 3987
A24: =UPPER(TEXT(Tabela1[[#This Row],[Data]],"MMM")) -> AGO | B24: 6a7d4daf8646cdc8463d571d | C24: 13/08/2026 00:11:57 | D24: 13/08/2026 01:53:03 | E24: Ranieli | F24: 12/08/2026 | G24: 2 | H24: 5 | I24: 7 | J24: 7 | K24: 5 | L24: 39 | M24: 38 | N24: 61 | O24: 62 | P24: 7 | Q24: 7 | R24: 7 | S24: 7 | T24: 7 | U24: 7 | V24: Riscou o Sassami em X, Retirou a Cartilagem | W24: 7 | X24: 7 | Y24: 38 | Z24: 19 | AA24: 42 | AB24: 4 | AC24: 21 | AD24: 80 | AE24: 4 | AF24: 20 | AG24: 5 | AH24: 42820 | AI24: Caixa está sem rasgos e seca, Data de validade e produção estão de acordo | AJ24: assinatura | AK24: assinatura | AL24: 1786
A25: =UPPER(TEXT(Tabela1[[#This Row],[Data]],"MMM")) -> AGO | B25: 6a7d4daf8646cdc8463d570b | C25: 12/08/2026 21:13:46 | D25: 13/08/2026 01:53:03 | E25: Ranieli | F25: 11/08/2026 | G25: 2 | H25: 7 | I25: 7 | J25: 7 | K25: 5 | L25: 27 | M25: 28 | N25: 73 | O25: 72 | P25: 5 | Q25: 7 | R25: 7 | S25: 7 | T25: 7 | U25: 10 | V25: Riscou o Sassami em X, Retirou a Cartilagem | W25: 7 | X25: 7 | Y25: 69 | Z25: 34.5 | AA25: 40 | AB25: 4 | AC25: 20 | AD25: 80 | AE25: 4 | AF25: 20 | AG25: 5 | AH25: 42854 | AI25: Caixa está sem rasgos e seca, Data de validade e produção estão de acordo | AJ25: assinatura | AK25: assinatura | AL25: 4603
A26: =UPPER(TEXT(Tabela1[[#This Row],[Data]],"MMM")) -> AGO | B26: 6a7d4daf8646cdc8463d5703 | C26: 12/08/2026 19:06:09 | D26: 13/08/2026 01:53:03 | E26: Ranieli | F26: 12/08/2026 | G26: 2 | H26: 7 | I26: 7 | J26: 7 | K26: 5 | L26: 35 | M26: 42 | N26: 65 | O26: 58 | P26: 7 | Q26: 5 | R26: 7 | S26: 7 | T26: 7 | U26: 7 | V26: Riscou o Sassami em X, Retirou a Cartilagem | W26: 10 | X26: 10 | Y26: 38 | Z26: 19 | AA26: 39 | AB26: 4 | AC26: 19.5 | AD26: 80 | AE26: 5 | AF26: 25 | AG26: 5 | AH26: 42862 | AI26: Caixa está sem rasgos e seca, Data de validade e produção estão de acordo | AJ26: assinatura | AK26: assinatura | AL26: 7653
A27: =UPPER(TEXT(Tabela1[[#This Row],[Data]],"MMM")) -> AGO | B27: 6a7d4dae8646cdc8463d56c7 | C27: 12/08/2026 16:28:57 | D27: 13/08/2026 01:53:02 | E27: Ranieli | F27: 12/08/2026 | G27: 2 | H27: 7 | I27: 7 | J27: 7 | K27: 7 | L27: 32 | M27: 38 | N27: 68 | O27: 62 | P27: 7 | Q27: 5 | R27: 7 | S27: 7 | T27: 7 | U27: 7 | V27: Riscou o Sassami em X, Retirou a Cartilagem | W27: 10 | X27: 10 | Y27: 32 | Z27: 16 | AA27: 43 | AB27: 6 | AC27: 21.5 | AD27: 70 | AE27: 7 | AF27: 35 | AG27: 5 | AH27: 42854 | AI27: Caixa está sem rasgos e seca, Data de validade e produção estão de acordo | AJ27: assinatura | AK27: assinatura | AL27: 4698
A28: =UPPER(TEXT(Tabela1[[#This Row],[Data]],"MMM")) -> AGO | B28: 6a7c03a9f77da7ef002a624c | C28: 11/08/2026 23:00:32 | D28: 12/08/2026 02:24:57 | E28: Ranieli | F28: 11/08/2026 | G28: 2 | H28: 7 | I28: 7 | J28: 7 | K28: 5 | L28: 35 | M28: 39 | N28: 65 | O28: 61 | P28: 7 | Q28: 7 | R28: 7 | S28: 7 | T28: 7 | U28: 7 | V28: Riscou o Sassami em X, Retirou a Cartilagem | W28: 10 | X28: 10 | Y28: 47 | Z28: 23.5 | AA28: 45 | AB28: 4 | AC28: 22.5 | AD28: 80 | AE28: 5 | AF28: 25 | AG28: 7 | AH28: 42820 | AI28: Data de validade e produção estão de acordo, Caixa está sem rasgos e seca | AJ28: assinatura | AK28: assinatura | AL28: 4014
A29: =UPPER(TEXT(Tabela1[[#This Row],[Data]],"MMM")) -> AGO | B29: 6a7c03a8f77da7ef002a6246 | C29: 11/08/2026 21:35:15 | D29: 12/08/2026 02:24:56 | E29: Ranieli | F29: 11/08/2026 | G29: 2 | H29: 7 | I29: 7 | J29: 7 | K29: 5 | L29: 33 | M29: 33 | N29: 67 | O29: 67 | P29: 7 | Q29: 7 | R29: 7 | S29: 7 | T29: 7 | U29: 7 | V29: Riscou o Sassami em X, Retirou a Cartilagem | W29: 10 | X29: 10 | Y29: 47 | Z29: 23.5 | AA29: 48 | AB29: 3 | AC29: 24 | AD29: 85 | AE29: 5 | AF29: 25 | AG29: 10 | AH29: 13188 | AI29: Acomodação do produto está conforme especificação, Caixa está sem rasgos e seca, Data de validade e produção estão de acordo, Selagem está conforme | AJ29: assinatura | AK29: assinatura | AL29: 5115
A30: =UPPER(TEXT(Tabela1[[#This Row],[Data]],"MMM")) -> AGO | B30: 6a7c03a8f77da7ef002a6240 | C30: 11/08/2026 19:00:16 | D30: 12/08/2026 02:24:56 | E30: Ranieli | F30: 11/08/2026 | G30: 2 | H30: 7 | I30: 5 | J30: 7 | K30: 5 | L30: 25 | M30: 34 | N30: 75 | O30: 66 | P30: 5 | Q30: 5 | R30: 7 | S30: 7 | T30: 7 | U30: 7 | V30: Riscou o Sassami em X, Retirou a Cartilagem | W30: 10 | X30: 10 | Y30: 49 | Z30: 24.5 | AA30: 38 | AB30: 5 | AC30: 19 | AD30: 75 | AE30: 5 | AF30: 25 | AH30: 46854 | AI30: Caixa está sem rasgos e seca, Data de validade e produção estão de acordo | AJ30: assinatura | AK30: assinatura | AL30: 1083
A31: =UPPER(TEXT(Tabela1[[#This Row],[Data]],"MMM")) -> AGO | B31: 6a7c03a8f77da7ef002a6202 | C31: 11/08/2026 16:35:23 | D31: 12/08/2026 02:24:56 | E31: Ranieli | F31: 11/08/2026 | G31: 2 | H31: 7 | I31: 7 | J31: 7 | K31: 5 | L31: 23 | M31: 30 | N31: 77 | O31: 70 | P31: 5 | Q31: 5 | R31: 10 | S31: 7 | T31: 7 | U31: 10 | V31: Riscou o Sassami em X, Retirou a Cartilagem | W31: 10 | X31: 10 | Y31: 83 | Z31: 41.5 | AA31: 32 | AB31: 7 | AC31: 16 | AD31: 65 | AE31: 7 | AF31: 35 | AG31: 5 | AH31: 42846 | AI31: Caixa está sem rasgos e seca, Data de validade e produção estão de acordo | AJ31: assinatura | AK31: assinatura | AL31: 4821
A32: =UPPER(TEXT(Tabela1[[#This Row],[Data]],"MMM")) -> AGO | B32: 6a7ab13af77da7ef00271bf7 | C32: 10/08/2026 23:47:49 | D32: 11/08/2026 02:20:58 | E32: Ranieli | F32: 10/08/2026 | G32: 2 | H32: 7 | I32: 7 | J32: 7 | K32: 5 | L32: 23 | M32: 29 | N32: 77 | O32: 71 | P32: 7 | Q32: 7 | R32: 7 | S32: 7 | T32: 7 | U32: 7 | V32: Riscou o Sassami em X, Retirou a Cartilagem | W32: 10 | X32: 10 | Y32: 39 | Z32: 19.5 | AA32: 48 | AB32: 4 | AC32: 24 | AD32: 80 | AE32: 5 | AF32: 25 | AG32: 7 | AH32: 42820 | AI32: Caixa está sem rasgos e seca, Data de validade e produção estão de acordo, Selagem está conforme | AJ32: assinatura | AK32: assinatura | AL32: 196
A33: =UPPER(TEXT(Tabela1[[#This Row],[Data]],"MMM")) -> AGO | B33: 6a7ab139f77da7ef00271beb | C33: 10/08/2026 21:52:25 | D33: 11/08/2026 02:20:57 | E33: Ranieli | F33: 10/08/2026 | G33: 2 | H33: 7 | I33: 7 | J33: 7 | K33: 5 | L33: 18 | M33: 34 | N33: 82 | O33: 66 | Q33: 5 | R33: 7 | S33: 7 | T33: 7 | U33: 7 | V33: Riscou o Sassami em X, Retirou a Cartilagem | W33: 10 | X33: 10 | Y33: 39 | Z33: 19.5 | AA33: 48 | AB33: 5 | AC33: 24 | AD33: 75 | AE33: 6 | AF33: 30 | AG33: 7 | AH33: 42854 | AI33: Acomodação do produto está conforme especificação, Caixa está sem rasgos e seca, Data de validade e produção estão de acordo, Selagem está conforme | AJ33: assinatura | AK33: assinatura | AL33: 3031
A34: =UPPER(TEXT(Tabela1[[#This Row],[Data]],"MMM")) -> AGO | B34: 6a7ab139f77da7ef00271be5 | C34: 10/08/2026 18:40:18 | D34: 11/08/2026 02:20:57 | E34: Ranieli | F34: 10/08/2026 | G34: 2 | H34: 5 | I34: 7 | J34: 7 | K34: 5 | L34: 23 | M34: 35 | N34: 77 | O34: 65 | P34: 7 | Q34: 7 | R34: 7 | S34: 7 | T34: 7 | U34: 5 | V34: Riscou o Sassami em X, Retirou a Cartilagem | W34: 10 | X34: 10 | Y34: 38 | Z34: 19 | AA34: 49 | AB34: 3 | AC34: 24.5 | AD34: 85 | AE34: 5 | AF34: 25 | AG34: 10 | AH34: 13188 | AI34: Acomodação do produto está conforme especificação, Caixa está sem rasgos e seca, Data de validade e produção estão de acordo, Selagem está conforme | AJ34: assinatura | AK34: assinatura | AL34: 2951
A35: =UPPER(TEXT(Tabela1[[#This Row],[Data]],"MMM")) -> AGO | B35: 6a7ab139f77da7ef00271baf | C35: 10/08/2026 16:20:24 | D35: 11/08/2026 02:20:57 | E35: Ranieli | F35: 10/08/2026 | G35: 2 | H35: 5 | I35: 7 | J35: 7 | K35: 5 | L35: 25 | M35: 34 | N35: 75 | O35: 66 | P35: 7 | Q35: 7 | R35: 7 | S35: 7 | T35: 7 | U35: 5 | V35: Riscou o Sassami em X, Retirou a Cartilagem | W35: 7 | X35: 7 | Y35: 46 | Z35: 23 | AA35: 43 | AB35: 6 | AC35: 21.5 | AD35: 70 | AE35: 7 | AF35: 35 | AG35: 5 | AH35: 42838 | AI35: Caixa está sem rasgos e seca, Data de validade e produção estão de acordo, Selagem está conforme | AJ35: assinatura | AK35: assinatura | AL35: 4870
A36: =UPPER(TEXT(Tabela1[[#This Row],[Data]],"MMM")) -> AGO | B36: 6a79aef54b165449d5bfd7f7 | C36: 07/08/2026 21:44:33 | D36: 10/08/2026 07:59:01 | E36: Ranieli | F36: 07/08/2026 | G36: 2 | H36: 5 | I36: 5 | J36: 5 | K36: 5 | L36: 30 | M36: 38 | N36: 70 | O36: 62 | P36: 5 | Q36: 5 | R36: 5 | S36: 5 | T36: 7 | U36: 5 | V36: Riscou o Sassami em X, Retirou a Cartilagem | W36: 7 | X36: 7 | Y36: 41 | Z36: 20.5 | AA36: 49 | AB36: 4 | AC36: 24.5 | AD36: 80 | AE36: 8 | AF36: 40 | AG36: 5 | AH36: 42862 | AI36: Caixa está sem rasgos e seca, Selagem está conforme | AJ36: assinatura | AK36: assinatura | AL36: 4717
A37: =UPPER(TEXT(Tabela1[[#This Row],[Data]],"MMM")) -> AGO | B37: 6a79aef54b165449d5bfd7f1 | C37: 07/08/2026 20:53:40 | D37: 10/08/2026 07:59:01 | E37: Ranieli | F37: 07/08/2026 | G37: 2 | H37: 7 | I37: 7 | J37: 7 | K37: 5 | L37: 38 | M37: 33 | N37: 62 | O37: 67 | P37: 5 | Q37: 5 | R37: 5 | S37: 7 | T37: 7 | U37: 5 | V37: Riscou o Sassami em X, Retirou a Cartilagem | W37: 7 | X37: 7 | Y37: 47 | Z37: 23.5 | AA37: 46 | AB37: 4 | AC37: 23 | AD37: 80 | AE37: 9 | AF37: 45 | AG37: 5 | AH37: 42838 | AI37: Data de validade e produção estão de acordo, Caixa está sem rasgos e seca | AJ37: assinatura | AK37: assinatura | AL37: 3007
A38: =UPPER(TEXT(Tabela1[[#This Row],[Data]],"MMM")) -> AGO | B38: 6a79aef54b165449d5bfd7eb | C38: 07/08/2026 19:06:52 | D38: 10/08/2026 07:59:01 | E38: Ranieli | F38: 07/08/2026 | G38: 2 | H38: 5 | I38: 7 | J38: 7 | K38: 5 | L38: 26 | M38: 28 | N38: 74 | O38: 72 | P38: 5 | Q38: 7 | R38: 7 | S38: 7 | T38: 7 | U38: 7 | V38: Riscou o Sassami em X, Retirou a Cartilagem | W38: 10 | X38: 10 | Y38: 39 | Z38: 19.5 | AA38: 48 | AB38: 5 | AC38: 24 | AD38: 75 | AE38: 8 | AF38: 40 | AG38: 5 | AH38: 42854 | AI38: Caixa está sem rasgos e seca, Data de validade e produção estão de acordo | AJ38: assinatura | AK38: assinatura | AL38: 206
A39: =UPPER(TEXT(Tabela1[[#This Row],[Data]],"MMM")) -> AGO | B39: 6a764355a3bac2e5bc7b2e4c | C39: 07/08/2026 16:36:59 | D39: 07/08/2026 17:43:01 | E39: Ranieli | F39: 07/08/2026 | G39: 2 | H39: 5 | I39: 7 | J39: 7 | K39: 5 | L39: 23 | M39: 30 | N39: 77 | O39: 70 | P39: 5 | Q39: 7 | R39: 7 | S39: 7 | T39: 7 | U39: 7 | V39: Riscou o Sassami em X, Retirou a Cartilagem | W39: 10 | X39: 10 | Y39: 43 | Z39: 21.5 | AA39: 46 | AB39: 5 | AC39: 23 | AD39: 75 | AE39: 8 | AF39: 40 | AG39: 5 | AH39: 42562 | AI39: Caixa está sem rasgos e seca, Data de validade e produção estão de acordo | AJ39: assinatura | AK39: assinatura | AL39: 3950
A40: =UPPER(TEXT(Tabela1[[#This Row],[Data]],"MMM")) -> AGO | B40: 6a754299b671965c6513a1af | C40: 06/08/2026 23:23:31 | D40: 06/08/2026 23:27:37 | E40: - - | F40: 06/08/2026 | G40: 2 | H40: 7 | I40: 5 | J40: 7 | L40: 29 | M40: 35 | N40: 71 | O40: 65 | P40: 7 | Q40: 5 | R40: 7 | S40: 5 | T40: 7 | U40: 5 | V40: Riscou o Sassami em X, Retirou a Cartilagem | W40: 7 | X40: 7 | Y40: 39 | Z40: 19.5 | AA40: 55 | AB40: 4 | AC40: 27.5 | AD40: 80 | AE40: 8 | AF40: 40 | AG40: 7 | AH40: 42862 | AI40: Data de validade e produção estão de acordo, Caixa está sem rasgos e seca | AJ40: assinatura | AK40: assinatura | AL40: 245
A41: =UPPER(TEXT(Tabela1[[#This Row],[Data]],"MMM")) -> AGO | B41: 6a7530c3699f1db349453506 | C41: 06/08/2026 22:03:17 | D41: 06/08/2026 22:11:31 | E41: - - | F41: 06/08/2026 | G41: 2 | H41: 5 | I41: 7 | J41: 7 | K41: 7 | L41: 29 | M41: 36 | N41: 71 | O41: 64 | P41: 5 | Q41: 7 | R41: 7 | S41: 7 | T41: 7 | U41: 5 | V41: Retirou a Cartilagem, Riscou o Sassami em X | W41: 7 | X41: 7 | Y41: 43 | Z41: 21.5 | AA41: 49 | AB41: 5 | AC41: 24.5 | AD41: 75 | AE41: 6 | AF41: 30 | AG41: 7 | AH41: 42838 | AI41: Data de validade e produção estão de acordo, Caixa está sem rasgos e seca | AJ41: assinatura | AK41: assinatura | AL41: 492
A42: =UPPER(TEXT(Tabela1[[#This Row],[Data]],"MMM")) -> AGO | B42: 6a74fce0b671965c65138a23 | C42: 06/08/2026 18:26:42 | D42: 06/08/2026 18:30:08 | E42: - - | F42: 06/08/2026 | G42: 2 | H42: 7 | I42: 5 | J42: 5 | K42: 7 | L42: 34 | M42: 28 | N42: 66 | O42: 72 | P42: 5 | Q42: 7 | R42: 5 | S42: 5 | T42: 5 | U42: 7 | V42: Riscou o Sassami em X, Retirou a Cartilagem | W42: 7 | X42: 7 | Y42: 28 | Z42: 14 | AA42: 62 | AB42: 4 | AC42: 31 | AD42: 80 | AE42: 6 | AF42: 30 | AI42: Data de validade e produção estão de acordo, Caixa está sem rasgos e seca | AJ42: assinatura | AK42: assinatura | AL42: 206
A43: =UPPER(TEXT(Tabela1[[#This Row],[Data]],"MMM")) -> AGO | B43: 6a7401d2e190e085c2b1f783 | C43: 06/08/2026 00:34:34 | D43: 06/08/2026 00:38:58 | E43: - - | F43: 05/08/2026 | G43: 2 | AA43: 54 | AB43: 6 | AC43: 27 | AD43: 70 | AJ43: assinatura | AK43: assinatura | AL43: 263
A44: =UPPER(TEXT(Tabela1[[#This Row],[Data]],"MMM")) -> AGO | B44: 6a73ea40e190e085c2b1ef5b | C44: 05/08/2026 22:51:02 | D44: 05/08/2026 22:58:24 | E44: - - | F44: 05/08/2026 | G44: 2 | H44: 7 | I44: 7 | J44: 7 | K44: 5 | L44: 21 | M44: 26 | N44: 79 | O44: 74 | P44: 5 | Q44: 5 | R44: 7 | S44: 5 | T44: 7 | U44: 7 | V44: Retirou a Cartilagem | W44: 10 | X44: 10 | Y44: 32 | Z44: 16 | AA44: 51 | AB44: 15 | AC44: 25.5 | AD44: 25 | AE44: 9 | AF44: 45 | AH44: 13188 | AI44: Acomodação do produto está conforme especificação, Caixa está sem rasgos e seca, Data de validade e produção estão de acordo, Selagem está conforme | AJ44: assinatura | AK44: assinatura | AL44: 442
A45: =UPPER(TEXT(Tabela1[[#This Row],[Data]],"MMM")) -> AGO | B45: 6a73afa551fee0ceb3cd94f7 | C45: 05/08/2026 18:46:26 | D45: 05/08/2026 18:48:21 | E45: - - | F45: 05/08/2026 | G45: 2 | AL45: 115
A46: =UPPER(TEXT(Tabela1[[#This Row],[Data]],"MMM")) -> AGO | B46: 6a73a3403b26ad668195e3bf | C46: 05/08/2026 17:18:02 | D46: 05/08/2026 17:55:28 | E46: - - | F46: 05/08/2026 | G46: 2 | H46: 7 | I46: 7 | J46: 7 | K46: 5 | L46: 20 | M46: 33 | N46: 80 | O46: 67 | P46: 5 | Q46: 5 | R46: 5 | S46: 7 | T46: 7 | U46: 7 | V46: Retirou a Cartilagem | W46: 10 | X46: 10 | Y46: 30 | Z46: 15 | AA46: 42 | AB46: 5 | AC46: 21 | AD46: 75 | AE46: 5 | AF46: 25 | AG46: 5 | AH46: 42862 | AI46: Caixa está sem rasgos e seca, Data de validade e produção estão de acordo | AJ46: assinatura | AL46: 2207
A47: =UPPER(TEXT(Tabela1[[#This Row],[Data]],"MMM")) -> AGO | B47: 6a853c5d1fd846202c31d1af | C47: 19/08/2026 01:04:16 | D47: 19/08/2026 02:17:17 | E47: Ranieli | F47: 18/08/2026 | G47: 2 | H47: 7 | I47: 7 | J47: 7 | K47: 7 | L47: 29 | M47: 33 | N47: 71 | O47: 67 | P47: 7 | Q47: 7 | R47: 7 | S47: 7 | T47: 7 | V47: Riscou o Sassami em X, Usou o garfo na retirada de Sassami, Retirou a Cartilagem | Y47: 39 | Z47: 19.5 | AA47: 43 | AB47: 4 | AC47: 21.5 | AD47: 80 | AE47: 6 | AF47: 30 | AG47: 5 | AH47: 42846 | AI47: Caixa está sem rasgos e seca, Data de validade e produção estão de acordo, Selagem está conforme | AJ47: assinatura | AK47: assinatura | AL47: 1622
A48: =UPPER(TEXT(Tabela1[[#This Row],[Data]],"MMM")) -> AGO | B48: 6a853c5d1fd846202c31d191 | C48: 18/08/2026 21:28:15 | D48: 19/08/2026 02:17:17 | E48: Ranieli | F48: 18/08/2026 | G48: 2 | H48: 7 | I48: 7 | J48: 5 | K48: 5 | L48: 23 | M48: 31 | N48: 77 | O48: 69 | P48: 7 | Q48: 7 | R48: 7 | S48: 7 | T48: 7 | U48: 5 | V48: Riscou o Sassami em X, Retirou a Cartilagem | Y48: 33 | Z48: 16.5 | AA48: 40 | AB48: 6 | AC48: 20 | AD48: 70 | AE48: 6 | AF48: 30 | AG48: 7 | AH48: 42838 | AI48: Acomodação do produto está conforme especificação, Caixa está sem rasgos e seca, Data de validade e produção estão de acordo | AJ48: assinatura | AK48: assinatura | AL48: 4922
A49: =UPPER(TEXT(Tabela1[[#This Row],[Data]],"MMM")) -> AGO | B49: 6a853c5d1fd846202c31d18b | C49: 18/08/2026 19:03:52 | D49: 19/08/2026 02:17:17 | E49: Ranieli | F49: 17/08/2026 | G49: 2 | H49: 7 | I49: 10 | J49: 7 | K49: 7 | L49: 33 | M49: 29 | N49: 67 | O49: 71 | P49: 7 | Q49: 7 | R49: 7 | S49: 7 | T49: 7 | V49: Riscou o Sassami em X, Retirou a Cartilagem | W49: 7 | X49: 7 | Y49: 87 | Z49: 43.5 | AA49: 48 | AB49: 2 | AC49: 24 | AD49: 90 | AE49: 6 | AF49: 30 | AG49: 7 | AH49: 42838 | AI49: Acomodação do produto está conforme especificação, Caixa está sem rasgos e seca, Data de validade e produção estão de acordo, Selagem está conforme | AJ49: assinatura | AK49: assinatura | AL49: 2303
A50: =UPPER(TEXT(Tabela1[[#This Row],[Data]],"MMM")) -> AGO | B50: 6a853c5c1fd846202c31d155 | C50: 18/08/2026 16:43:14 | D50: 19/08/2026 02:17:16 | E50: Ranieli | F50: 18/08/2026 | G50: 2 | H50: 7 | I50: 10 | J50: 7 | K50: 5 | L50: 16 | M50: 26 | N50: 84 | O50: 74 | P50: 5 | Q50: 7 | R50: 7 | S50: 7 | T50: 7 | U50: 5 | V50: Riscou o Sassami em X, Retirou a Cartilagem | W50: 7 | X50: 7 | Y50: 58 | Z50: 29 | AA50: 33 | AB50: 5 | AC50: 16.5 | AD50: 75 | AE50: 9 | AF50: 45 | AG50: 7 | AH50: 42862 | AI50: Acomodação do produto está conforme especificação, Caixa está sem rasgos e seca, Data de validade e produção estão de acordo, Selagem está conforme | AJ50: assinatura | AK50: assinatura | AL50: 4831
A51: =UPPER(TEXT(Tabela1[[#This Row],[Data]],"MMM")) -> AGO | B51: 6a83ec6704bb7d55d7f06567 | C51: 17/08/2026 22:38:45 | D51: 18/08/2026 02:23:51 | E51: Ranieli | F51: 17/08/2026 | G51: 2 | H51: 7 | I51: 7 | J51: 7 | K51: 5 | L51: 18 | M51: 29 | N51: 82 | O51: 71 | P51: 7 | Q51: 7 | R51: 7 | S51: 7 | T51: 7 | U51: 5 | V51: Riscou o Sassami em X, Retirou a Cartilagem | W51: 7 | X51: 7 | Y51: 41 | Z51: 20.5 | AA51: 39 | AB51: 4 | AC51: 19.5 | AD51: 80 | AE51: 8 | AF51: 40 | AG51: 5 | AH51: 42862 | AI51: Caixa está sem rasgos e seca, Data de validade e produção estão de acordo, Selagem está conforme | AJ51: assinatura | AK51: assinatura | AL51: 5215
A52: =UPPER(TEXT(Tabela1[[#This Row],[Data]],"MMM")) -> AGO | B52: 6a83ec6704bb7d55d7f06561 | C52: 17/08/2026 21:41:54 | D52: 18/08/2026 02:23:51 | E52: Ranieli | F52: 17/08/2026 | G52: 2 | H52: 7 | I52: 7 | J52: 7 | K52: 5 | L52: 16 | M52: 37 | N52: 84 | O52: 63 | P52: 7 | Q52: 7 | R52: 7 | S52: 7 | T52: 7 | U52: 5 | V52: Riscou o Sassami em X, Retirou a Cartilagem | W52: 7 | X52: 7 | Y52: 40 | Z52: 20 | AA52: 37 | AB52: 4 | AC52: 18.5 | AD52: 80 | AE52: 9 | AF52: 45 | AG52: 5 | AH52: 42846 | AI52: Caixa está sem rasgos e seca, Data de validade e produção estão de acordo, Selagem está conforme | AJ52: assinatura | AK52: assinatura | AL52: 3408
A53: =UPPER(TEXT(Tabela1[[#This Row],[Data]],"MMM")) -> AGO | B53: 6a83ec6704bb7d55d7f0655b | C53: 17/08/2026 19:04:08 | D53: 18/08/2026 02:23:51 | E53: Ranieli | F53: 17/08/2026 | G53: 2 | H53: 7 | I53: 7 | J53: 7 | K53: 5 | L53: 17 | M53: 26 | N53: 83 | O53: 74 | P53: 7 | R53: 7 | S53: 5 | T53: 7 | U53: 5 | V53: Riscou o Sassami em X, Retirou a Cartilagem | W53: 7 | X53: 7 | Y53: 46 | Z53: 23 | AA53: 36 | AB53: 5 | AC53: 18 | AD53: 75 | AE53: 8 | AF53: 40 | AG53: 7 | AH53: 42820 | AI53: Acomodação do produto está conforme especificação, Data de validade e produção estão de acordo, Caixa está sem rasgos e seca, Selagem está conforme | AJ53: assinatura | AK53: assinatura | AL53: 2493
A54: =UPPER(TEXT(Tabela1[[#This Row],[Data]],"MMM")) -> AGO | B54: 6a83ec6604bb7d55d7f0651d | C54: 17/08/2026 16:22:42 | D54: 18/08/2026 02:23:50 | E54: Ranieli | F54: 17/08/2026 | G54: 2 | H54: 7 | I54: 10 | J54: 7 | K54: 5 | L54: 17 | M54: 32 | N54: 83 | O54: 68 | P54: 7 | Q54: 7 | R54: 7 | S54: 7 | T54: 7 | U54: 5 | V54: Riscou o Sassami em X, Retirou a Cartilagem | W54: 7 | X54: 7 | Y54: 43 | Z54: 21.5 | AA54: 32 | AB54: 5 | AC54: 16 | AD54: 75 | AE54: 4 | AF54: 20 | AG54: 7 | AH54: 42862 | AI54: Caixa está sem rasgos e seca, Data de validade e produção estão de acordo, Selagem está conforme | AJ54: assinatura | AK54: assinatura | AL54: 3899
A55: =UPPER(TEXT(Tabela1[[#This Row],[Data]],"MMM")) -> AGO | B55: 6a868bb5fdafc0a098896933 | C55: 20/08/2026 01:02:22 | D55: 20/08/2026 02:08:05 | E55: Ranieli | F55: 19/08/2026 | G55: 2 | H55: 7 | I55: 7 | J55: 7 | K55: 5 | L55: 29 | M55: 34 | N55: 71 | O55: 66 | P55: 7 | Q55: 7 | R55: 7 | S55: 7 | T55: 7 | U55: 5 | V55: Riscou o Sassami em X, Retirou a Cartilagem | W55: 7 | X55: 7 | Y55: 41 | Z55: 20.5 | AA55: 49 | AB55: 7 | AC55: 24.5 | AD55: 65 | AE55: 6 | AF55: 30 | AG55: 7 | AH55: 42846 | AI55: Caixa está sem rasgos e seca, Data de validade e produção estão de acordo, Selagem está conforme | AJ55: assinatura | AK55: assinatura | AL55: 3477
A56: =UPPER(TEXT(Tabela1[[#This Row],[Data]],"MMM")) -> AGO | B56: 6a868bb4fdafc0a09889691b | C56: 19/08/2026 21:31:15 | D56: 20/08/2026 02:08:04 | E56: Ranieli | F56: 19/08/2026 | G56: 2 | H56: 7 | I56: 7 | J56: 7 | K56: 5 | L56: 16 | M56: 29 | N56: 84 | O56: 71 | P56: 7 | Q56: 7 | R56: 7 | S56: 7 | T56: 7 | U56: 5 | V56: Riscou o Sassami em X, Retirou a Cartilagem | W56: 7 | X56: 7 | Y56: 42 | Z56: 21 | AA56: 49 | AB56: 7 | AC56: 24.5 | AD56: 65 | AE56: 6 | AF56: 30 | AG56: 7 | AH56: 42854 | AI56: Caixa está sem rasgos e seca, Data de validade e produção estão de acordo, Selagem está conforme | AJ56: assinatura | AK56: assinatura | AL56: 5198
A57: =UPPER(TEXT(Tabela1[[#This Row],[Data]],"MMM")) -> AGO | B57: 6a868bb4fdafc0a098896915 | C57: 19/08/2026 19:31:59 | D57: 20/08/2026 02:08:04 | E57: Ranieli | F57: 19/08/2026 | G57: 2 | H57: 5 | I57: 7 | J57: 7 | K57: 5 | L57: 29 | M57: 33 | N57: 71 | O57: 67 | P57: 7 | Q57: 7 | R57: 7 | S57: 7 | T57: 7 | U57: 5 | V57: Retirou a Cartilagem, Riscou o Sassami em X | Y57: 37 | Z57: 18.5 | AA57: 41 | AB57: 5 | AC57: 20.5 | AD57: 75 | AE57: 5 | AF57: 25 | AG57: 7 | AH57: 42862 | AI57: Caixa está sem rasgos e seca, Data de validade e produção estão de acordo, Selagem está conforme | AJ57: assinatura | AK57: assinatura | AL57: 1509
A58: =UPPER(TEXT(Tabela1[[#This Row],[Data]],"MMM")) -> AGO | B58: 6a868bb4fdafc0a0988968d7 | C58: 19/08/2026 16:26:56 | D58: 20/08/2026 02:08:04 | E58: Ranieli | F58: 19/08/2026 | G58: 2 | H58: 7 | I58: 10 | J58: 7 | K58: 5 | L58: 23 | M58: 35 | N58: 77 | O58: 65 | P58: 7 | Q58: 7 | R58: 7 | S58: 7 | T58: 7 | U58: 5 | V58: Riscou o Sassami em X, Retirou a Cartilagem | W58: 7 | X58: 7 | Y58: 33 | Z58: 16.5 | AA58: 33 | AB58: 6 | AC58: 16.5 | AD58: 70 | AE58: 6 | AF58: 30 | AG58: 7 | AH58: 42862 | AI58: Caixa está sem rasgos e seca, Data de validade e produção estão de acordo, Selagem está conforme | AJ58: assinatura | AK58: assinatura | AL58: 6366
A59: =UPPER(TEXT(Tabela1[[#This Row],[Data]],"MMM")) -> AGO | B59: 6a87d81a13f324b2ed945200 | C59: 21/08/2026 01:11:17 | D59: 21/08/2026 01:46:18 | E59: Ranieli | F59: 20/08/2026 | G59: 2 | H59: 7 | I59: 7 | J59: 7 | K59: 5 | L59: 19 | M59: 31 | N59: 81 | O59: 69 | P59: 7 | Q59: 7 | R59: 7 | S59: 7 | T59: 7 | U59: 5 | V59: Riscou o Sassami em X, Retirou a Cartilagem | W59: 10 | X59: 10 | Y59: 40 | Z59: 20 | AA59: 47 | AB59: 5 | AC59: 23.5 | AD59: 75 | AE59: 6 | AF59: 30 | AG59: 5 | AH59: 42838 | AI59: Data de validade e produção estão de acordo, Caixa está sem rasgos e seca, Selagem está conforme | AJ59: assinatura | AK59: assinatura | AL59: 1520
A60: =UPPER(TEXT(Tabela1[[#This Row],[Data]],"MMM")) -> AGO | B60: 6a87d81a13f324b2ed9451d0 | C60: 20/08/2026 21:34:50 | D60: 21/08/2026 01:46:18 | E60: Ranieli | F60: 20/08/2026 | G60: 2 | H60: 7 | I60: 10 | J60: 7 | K60: 5 | L60: 17 | M60: 36 | N60: 83 | O60: 64 | P60: 7 | Q60: 5 | R60: 7 | S60: 5 | T60: 7 | V60: Riscou o Sassami em X, Retirou a Cartilagem | W60: 10 | X60: 10 | Y60: 46 | Z60: 23 | AA60: 32 | AB60: 5 | AC60: 16 | AD60: 75 | AE60: 6 | AF60: 30 | AG60: 7 | AH60: 42862 | AI60: Caixa está sem rasgos e seca, Data de validade e produção estão de acordo, Selagem está conforme | AJ60: assinatura | AK60: assinatura | AL60: 5935
A61: =UPPER(TEXT(Tabela1[[#This Row],[Data]],"MMM")) -> AGO | B61: 6a87d81a13f324b2ed9451c8 | C61: 20/08/2026 19:34:55 | D61: 21/08/2026 01:46:18 | E61: Ranieli | F61: 20/08/2026 | G61: 2 | H61: 7 | I61: 7 | J61: 7 | K61: 5 | L61: 23 | M61: 33 | N61: 77 | O61: 67 | P61: 7 | Q61: 7 | R61: 7 | S61: 7 | T61: 7 | U61: 5 | V61: Riscou o Sassami em X, Retirou a Cartilagem | W61: 7 | X61: 7 | Y61: 40 | Z61: 20 | AA61: 43 | AB61: 5 | AC61: 21.5 | AD61: 75 | AE61: 5 | AF61: 25 | AJ61: assinatura | AK61: assinatura | AL61: 1360
A62: =UPPER(TEXT(Tabela1[[#This Row],[Data]],"MMM")) -> AGO | B62: 6a87d81913f324b2ed945198 | C62: 20/08/2026 16:40:07 | D62: 21/08/2026 01:46:17 | E62: Ranieli | F62: 20/08/2026 | G62: 2 | H62: 7 | I62: 7 | J62: 7 | K62: 5 | L62: 16 | M62: 30 | N62: 84 | O62: 70 | P62: 7 | Q62: 7 | R62: 7 | S62: 7 | T62: 7 | U62: 5 | V62: Riscou o Sassami em X, Retirou a Cartilagem | W62: 7 | X62: 7 | Y62: 35 | Z62: 17.5 | AA62: 48 | AB62: 3 | AC62: 24 | AD62: 85 | AE62: 6 | AF62: 30 | AG62: 10 | AH62: 13188 | AI62: Acomodação do produto está conforme especificação, Caixa está sem rasgos e seca, Data de validade e produção estão de acordo, Selagem está conforme | AJ62: assinatura | AK62: assinatura | AL62: 5628
A63: =UPPER(TEXT(Tabela1[[#This Row],[Data]],"MMM")) -> AGO | B63: 6a89357ca12fe1209e6da2e8 | C63: 21/08/2026 21:42:15 | D63: 22/08/2026 02:37:00 | E63: Ranieli | F63: 21/08/2026 | H63: 7 | I63: 7 | J63: 7 | K63: 5 | L63: 23 | M63: 29 | N63: 77 | O63: 71 | P63: 7 | Q63: 7 | R63: 7 | S63: 7 | T63: 7 | U63: 7 | V63: Retirou a Cartilagem, Riscou o Sassami em X | W63: 7 | X63: 7 | Y63: 55 | Z63: 27.5 | AA63: 42 | AB63: 5 | AC63: 21 | AD63: 75 | AE63: 5 | AF63: 25 | AG63: 10 | AH63: 42838 | AI63: Acomodação do produto está conforme especificação, Caixa está sem rasgos e seca, Data de validade e produção estão de acordo, Selagem está conforme | AJ63: assinatura | AK63: assinatura | AL63: 5091
A64: =UPPER(TEXT(Tabela1[[#This Row],[Data]],"MMM")) -> AGO | B64: 6a89357ca12fe1209e6da2e2 | C64: 21/08/2026 20:51:44 | D64: 22/08/2026 02:37:00 | E64: Ranieli | F64: 21/08/2026 | G64: 2 | H64: 7 | I64: 7 | J64: 7 | K64: 5 | L64: 23 | M64: 27 | N64: 77 | O64: 73 | P64: 7 | Q64: 7 | R64: 7 | S64: 7 | T64: 7 | U64: 7 | V64: Riscou o Sassami em X, Retirou a Cartilagem | W64: 5 | X64: 5 | Y64: 61 | Z64: 30.5 | AA64: 37 | AB64: 5 | AC64: 18.5 | AD64: 75 | AE64: 4 | AF64: 20 | AG64: 10 | AH64: 42862 | AI64: Acomodação do produto está conforme especificação, Caixa está sem rasgos e seca, Data de validade e produção estão de acordo, Selagem está conforme | AJ64: assinatura | AK64: assinatura | AL64: 3029
A65: =UPPER(TEXT(Tabela1[[#This Row],[Data]],"MMM")) -> AGO | B65: 6a89357ba12fe1209e6da2b0 | C65: 21/08/2026 16:20:42 | D65: 22/08/2026 02:36:59 | E65: Ranieli | F65: 21/08/2026 | G65: 2 | H65: 7 | I65: 7 | J65: 7 | K65: 5 | L65: 20 | M65: 28 | N65: 80 | O65: 72 | P65: 5 | Q65: 10 | R65: 7 | S65: 10 | T65: 7 | U65: 7 | V65: Riscou o Sassami em X, Usou o garfo na retirada de Sassami, Retirou a Cartilagem | Y65: 44 | Z65: 22 | AA65: 35 | AB65: 4 | AC65: 17.5 | AD65: 80 | AE65: 9 | AF65: 45 | AG65: 10 | AH65: 242838 | AI65: Acomodação do produto está conforme especificação, Caixa está sem rasgos e seca, Data de validade e produção estão de acordo, Selagem está conforme | AJ65: assinatura | AK65: assinatura | AL65: 6515
A66: =UPPER(TEXT(Tabela1[[#This Row],[Data]],"MMM")) -> AGO | B66: 6a8d2135d3c61efffc667416 | C66: 25/08/2026 00:31:25 | D66: 25/08/2026 01:59:33 | E66: Ranieli | F66: 24/08/2026 | G66: 2 | H66: 7 | I66: 7 | J66: 7 | K66: 5 | L66: 38 | M66: 40 | N66: 62 | O66: 60 | P66: 5 | Q66: 7 | R66: 7 | S66: 7 | T66: 7 | U66: 5 | V66: Riscou o Sassami em X, Usou o garfo na retirada de Sassami, Retirou a Cartilagem | W66: 10 | X66: 10 | Y66: 42 | Z66: 21 | AA66: 41 | AB66: 6 | AC66: 20.5 | AD66: 70 | AE66: 4 | AF66: 20 | AG66: 5 | AH66: 42862 | AI66: Caixa está sem rasgos e seca, Data de validade e produção estão de acordo, Selagem está conforme | AJ66: assinatura | AK66: assinatura | AL66: 4307
A67: =UPPER(TEXT(Tabela1[[#This Row],[Data]],"MMM")) -> AGO | B67: 6a8d2135d3c61efffc6673f8 | C67: 24/08/2026 21:20:22 | D67: 25/08/2026 01:59:33 | E67: Ranieli | F67: 24/08/2026 | G67: 2 | H67: 5 | I67: 7 | J67: 7 | K67: 5 | L67: 28 | M67: 33 | N67: 72 | O67: 67 | P67: 5 | Q67: 7 | R67: 7 | S67: 7 | T67: 7 | U67: 5 | V67: Riscou o Sassami em X, Retirou a Cartilagem | W67: 10 | X67: 10 | Y67: 41 | Z67: 20.5 | AA67: 35 | AB67: 8 | AC67: 17.5 | AD67: 60 | AE67: 4 | AF67: 20 | AG67: 7 | AH67: 42862 | AI67: Caixa está sem rasgos e seca, Data de validade e produção estão de acordo, Selagem está conforme | AJ67: assinatura | AK67: assinatura | AL67: 5885
A68: =UPPER(TEXT(Tabela1[[#This Row],[Data]],"MMM")) -> AGO | B68: 6a8d2134d3c61efffc6673c0 | C68: 24/08/2026 16:09:22 | D68: 25/08/2026 01:59:32 | E68: Ranieli | F68: 24/08/2026 | G68: 2 | H68: 7 | I68: 7 | J68: 7 | K68: 5 | L68: 25 | M68: 32 | N68: 75 | O68: 68 | P68: 5 | Q68: 5 | R68: 7 | S68: 7 | T68: 7 | V68: Riscou o Sassami em X, Retirou a Cartilagem | W68: 7 | X68: 7 | Y68: 39 | Z68: 19.5 | AA68: 30 | AB68: 6 | AC68: 15 | AD68: 70 | AE68: 4 | AF68: 20 | AG68: 7 | AH68: 42854 | AI68: Caixa está sem rasgos e seca, Data de validade e produção estão de acordo, Selagem está conforme | AJ68: assinatura | AK68: assinatura | AL68: 14571
A69: =UPPER(TEXT(Tabela1[[#This Row],[Data]],"MMM")) -> AGO | B69: 6a8e721cf2190f1532f48ff4 | C69: 26/08/2026 00:46:20 | D69: 26/08/2026 01:57:00 | E69: Ranieli | F69: 25/08/2026 | G69: 2 | H69: 7 | I69: 10 | J69: 7 | K69: 5 | L69: 18 | M69: 33 | N69: 82 | O69: 67 | P69: 7 | Q69: 7 | R69: 7 | S69: 7 | T69: 7 | U69: 7 | V69: Riscou o Sassami em X, Retirou a Cartilagem | W69: 7 | X69: 7 | Y69: 30 | Z69: 15 | AA69: 46 | AB69: 5 | AC69: 23 | AD69: 75 | AE69: 5 | AF69: 25 | AG69: 10 | AH69: 13188 | AI69: Acomodação do produto está conforme especificação, Caixa está sem rasgos e seca, Data de validade e produção estão de acordo, Selagem está conforme | AJ69: assinatura | AK69: assinatura | AL69: 3558
A70: =UPPER(TEXT(Tabela1[[#This Row],[Data]],"MMM")) -> AGO | B70: 6a8e721cf2190f1532f48fca | C70: 25/08/2026 21:48:13 | D70: 26/08/2026 01:57:00 | E70: Ranieli | F70: 25/08/2026 | G70: 2 | H70: 7 | I70: 10 | J70: 7 | K70: 5 | L70: 16 | M70: 30 | N70: 84 | O70: 70 | P70: 7 | Q70: 7 | R70: 7 | S70: 7 | T70: 7 | U70: 5 | V70: Riscou o Sassami em X, Usou o garfo na retirada de Sassami, Retirou a Cartilagem | W70: 10 | X70: 10 | Y70: 21 | Z70: 10.5 | AA70: 45 | AB70: 6 | AC70: 22.5 | AD70: 70 | AE70: 6 | AF70: 30 | AG70: 10 | AH70: 15105 | AI70: Acomodação do produto está conforme especificação, Caixa está sem rasgos e seca, Data de validade e produção estão de acordo, Selagem está conforme | AJ70: assinatura | AK70: assinatura | AL70: 2746
A71: =UPPER(TEXT(Tabela1[[#This Row],[Data]],"MMM")) -> AGO | B71: 6a8e721cf2190f1532f48fc4 | C71: 25/08/2026 19:06:25 | D71: 26/08/2026 01:57:00 | E71: Ranieli | F71: 25/08/2026 | G71: 2 | H71: 7 | I71: 7 | J71: 7 | K71: 5 | L71: 13 | M71: 38 | N71: 87 | O71: 62 | P71: 7 | Q71: 7 | R71: 7 | S71: 7 | T71: 7 | U71: 7 | V71: Riscou o Sassami em X, Usou o garfo na retirada de Sassami, Retirou a Cartilagem | W71: 7 | X71: 7 | Y71: 34 | Z71: 17 | AA71: 4 | AB71: 33 | AC71: 2 | AE71: 3 | AF71: 15 | AG71: 7 | AH71: 40207 | AI71: Caixa está sem rasgos e seca, Data de validade e produção estão de acordo | AJ71: assinatura | AK71: assinatura | AL71: 1945
A72: =UPPER(TEXT(Tabela1[[#This Row],[Data]],"MMM")) -> AGO | B72: 6a8e721bf2190f1532f48f92 | C72: 25/08/2026 16:25:37 | D72: 26/08/2026 01:56:59 | E72: Ranieli | F72: 25/08/2026 | G72: 2 | H72: 7 | I72: 10 | J72: 7 | K72: 5 | L72: 12 | M72: 38 | N72: 88 | O72: 62 | P72: 7 | Q72: 5 | R72: 7 | S72: 7 | T72: 7 | U72: 7 | V72: Riscou o Sassami em X, Retirou a Cartilagem | W72: 10 | X72: 10 | Y72: 44 | Z72: 22 | AA72: 29 | AB72: 4 | AC72: 14.5 | AD72: 80 | AE72: 2 | AF72: 10 | AG72: 7 | AH72: 42862 | AI72: Caixa está sem rasgos e seca, Data de validade e produção estão de acordo, Selagem está conforme | AJ72: assinatura | AK72: assinatura | AL72: 4632
A73: =UPPER(TEXT(Tabela1[[#This Row],[Data]],"MMM")) -> AGO | B73: 6a8fc8d91fdad271d636528f | C73: 26/08/2026 23:35:47 | D73: 27/08/2026 02:19:21 | E73: Ranieli | F73: 26/08/2026 | G73: 2 | H73: 7 | I73: 7 | J73: 7 | K73: 5 | L73: 22 | M73: 31 | N73: 78 | O73: 69 | P73: 7 | Q73: 5 | R73: 7 | S73: 7 | T73: 7 | U73: 7 | V73: Riscou o Sassami em X, Retirou a Cartilagem | W73: 10 | X73: 10 | Y73: 50 | Z73: 25 | AA73: 49 | AB73: 6 | AC73: 24.5 | AD73: 70 | AE73: 4 | AF73: 20 | AG73: 10 | AH73: 13188 | AI73: Acomodação do produto está conforme especificação, Caixa está sem rasgos e seca, Data de validade e produção estão de acordo, Selagem está conforme | AJ73: assinatura | AK73: assinatura | AL73: 9620
A74: =UPPER(TEXT(Tabela1[[#This Row],[Data]],"MMM")) -> AGO | B74: 6a8fc8d91fdad271d636526b | C74: 26/08/2026 21:35:01 | D74: 27/08/2026 02:19:21 | E74: Ranieli | F74: 26/08/2026 | G74: 2 | I74: 7 | J74: 7 | K74: 5 | L74: 18 | M74: 28 | N74: 82 | O74: 72 | P74: 7 | Q74: 7 | R74: 7 | S74: 7 | T74: 7 | U74: 7 | V74: Riscou o Sassami em X, Retirou a Cartilagem | W74: 7 | X74: 7 | Y74: 40 | Z74: 20 | AA74: 4 | AB74: 33 | AC74: 2 | AE74: 4 | AF74: 20 | AG74: 7 | AH74: 42862 | AI74: Caixa está sem rasgos e seca, Data de validade e produção estão de acordo, Selagem está conforme | AJ74: assinatura | AK74: assinatura | AL74: 3632
A75: =UPPER(TEXT(Tabela1[[#This Row],[Data]],"MMM")) -> AGO | B75: 6a8fc8d91fdad271d6365265 | C75: 26/08/2026 19:00:10 | D75: 27/08/2026 02:19:21 | E75: Ranieli | F75: 26/08/2026 | G75: 2 | H75: 7 | I75: 7 | J75: 7 | K75: 5 | L75: 22 | M75: 30 | N75: 78 | O75: 70 | P75: 7 | Q75: 7 | R75: 7 | T75: 7 | U75: 7 | V75: Riscou o Sassami em X, Retirou a Cartilagem | W75: 10 | X75: 10 | Y75: 30 | Z75: 15 | AA75: 41 | AB75: 4 | AC75: 20.5 | AD75: 80 | AE75: 4 | AF75: 20 | AG75: 7 | AH75: 992093 | AI75: Caixa está sem rasgos e seca, Data de validade e produção estão de acordo, Selagem está conforme | AJ75: assinatura | AK75: assinatura | AL75: 3347
A76: =UPPER(TEXT(Tabela1[[#This Row],[Data]],"MMM")) -> AGO | B76: 6a8fc8d81fdad271d6365233 | C76: 26/08/2026 16:21:51 | D76: 27/08/2026 02:19:20 | E76: Ranieli | F76: 26/08/2026 | G76: 2 | H76: 7 | I76: 7 | J76: 7 | K76: 5 | L76: 22 | M76: 29 | N76: 78 | O76: 71 | P76: 7 | Q76: 7 | R76: 7 | S76: 7 | T76: 7 | U76: 7 | V76: Riscou o Sassami em X, Usou o garfo na retirada de Sassami, Retirou a Cartilagem | W76: 10 | X76: 10 | Y76: 45 | Z76: 22.5 | AA76: 38 | AB76: 4 | AC76: 19 | AD76: 80 | AE76: 3 | AF76: 15 | AG76: 10 | AH76: 15105 | AI76: Acomodação do produto está conforme especificação, Caixa está sem rasgos e seca, Data de validade e produção estão de acordo, Selagem está conforme | AJ76: assinatura | AK76: assinatura | AL76: 5223
A77: =UPPER(TEXT(Tabela1[[#This Row],[Data]],"MMM")) -> AGO | B77: 6a9116def2190f1532fa991e | C77: 28/08/2026 00:29:12 | D77: 28/08/2026 02:04:30 | E77: Ranieli | F77: 27/08/2026 | G77: 2 | I77: 7 | J77: 7 | K77: 5 | L77: 26 | M77: 33 | N77: 74 | O77: 67 | P77: 7 | Q77: 7 | R77: 7 | S77: 7 | T77: 7 | U77: 7 | V77: Cortou o Vazio, Usou o garfo na retirada de Sassami | W77: 7 | X77: 7 | Y77: 37 | Z77: 18.5 | AA77: 38 | AB77: 5 | AC77: 19 | AD77: 75 | AE77: 4 | AF77: 20 | AG77: 7 | AH77: 42862 | AI77: Caixa está sem rasgos e seca, Data de validade e produção estão de acordo, Selagem está conforme | AJ77: assinatura | AK77: assinatura | AL77: 3410
A78: =UPPER(TEXT(Tabela1[[#This Row],[Data]],"MMM")) -> AGO | B78: 6a9116def2190f1532fa98f8 | C78: 27/08/2026 21:34:11 | D78: 28/08/2026 02:04:30 | E78: Ranieli | F78: 27/08/2026 | G78: 2 | H78: 7 | I78: 10 | J78: 7 | K78: 5 | L78: 33 | M78: 30 | N78: 67 | O78: 70 | P78: 7 | Q78: 7 | R78: 7 | S78: 10 | T78: 7 | U78: 7 | V78: Riscou o Sassami em X, Retirou a Cartilagem | W78: 10 | X78: 10 | Y78: 54 | Z78: 27 | AA78: 39 | AB78: 4 | AC78: 19.5 | AD78: 80 | AE78: 6 | AF78: 30 | AH78: 15105 | AI78: Acomodação do produto está conforme especificação, Caixa está sem rasgos e seca, Data de validade e produção estão de acordo, Selagem está conforme | AJ78: assinatura | AK78: assinatura | AL78: 3465
A79: =UPPER(TEXT(Tabela1[[#This Row],[Data]],"MMM")) -> AGO | B79: 6a9116def2190f1532fa98f2 | C79: 27/08/2026 18:42:35 | D79: 28/08/2026 02:04:30 | E79: Ranieli | F79: 27/08/2026 | G79: 2 | H79: 7 | I79: 10 | J79: 7 | K79: 7 | L79: 33 | M79: 24 | N79: 67 | O79: 76 | P79: 7 | Q79: 7 | R79: 7 | S79: 7 | T79: 7 | U79: 7 | V79: Riscou o Sassami em X, Usou o garfo na retirada de Sassami, Retirou a Cartilagem | W79: 7 | X79: 7 | Y79: 39 | Z79: 19.5 | AA79: 37 | AB79: 5 | AC79: 18.5 | AD79: 75 | AE79: 6 | AF79: 30 | AG79: 10 | AH79: 992093 | AI79: Acomodação do produto está conforme especificação, Caixa está sem rasgos e seca, Selagem está conforme, Data de validade e produção estão de acordo | AJ79: assinatura | AK79: assinatura | AL79: 4047
A80: =UPPER(TEXT(Tabela1[[#This Row],[Data]],"MMM")) -> AGO | B80: 6a9116ddf2190f1532fa98bc | C80: 27/08/2026 16:40:01 | D80: 28/08/2026 02:04:29 | E80: Ranieli | F80: 27/08/2026 | G80: 2 | H80: 7 | I80: 7 | J80: 7 | K80: 5 | L80: 19 | M80: 32 | N80: 81 | O80: 68 | P80: 7 | Q80: 7 | R80: 7 | S80: 7 | T80: 7 | U80: 7 | V80: Riscou o Sassami em X, Usou o garfo na retirada de Sassami, Retirou a Cartilagem | W80: 10 | X80: 10 | Y80: 31 | Z80: 15.5 | AA80: 290 | AB80: 7 | AC80: 145 | AD80: 65 | AE80: 4 | AF80: 20 | AG80: 7 | AI80: Caixa está sem rasgos e seca, Data de validade e produção estão de acordo, Selagem está conforme | AJ80: assinatura | AK80: assinatura | AL80: 3842
A81: =UPPER(TEXT(Tabela1[[#This Row],[Data]],"MMM")) -> AGO | B81: 6a9260ee9901020d0bb2cb85 | C81: 28/08/2026 22:57:10 | D81: 29/08/2026 01:32:46 | E81: Ranieli | F81: 28/08/2026 | G81: 2 | H81: 7 | I81: 7 | J81: 7 | K81: 7 | L81: 24 | M81: 25 | N81: 76 | O81: 75 | P81: 7 | Q81: 7 | R81: 7 | S81: 7 | T81: 7 | U81: 5 | V81: Riscou o Sassami em X, Retirou a Cartilagem | W81: 7 | X81: 7 | Y81: 43 | Z81: 21.5 | AA81: 52 | AB81: 3 | AC81: 26 | AD81: 85 | AE81: 4 | AF81: 20 | AG81: 10 | AH81: 15229 | AI81: Acomodação do produto está conforme especificação, Caixa está sem rasgos e seca, Data de validade e produção estão de acordo, Selagem está conforme | AJ81: assinatura | AK81: assinatura | AL81: 7667
A82: =UPPER(TEXT(Tabela1[[#This Row],[Data]],"MMM")) -> AGO | B82: 6a9260ee9901020d0bb2cb61 | C82: 28/08/2026 20:29:45 | D82: 29/08/2026 01:32:46 | E82: Ranieli | F82: 28/08/2026 | G82: 2 | H82: 7 | I82: 7 | J82: 7 | K82: 7 | L82: 33 | M82: 24 | N82: 67 | O82: 76 | P82: 7 | Q82: 7 | R82: 7 | S82: 7 | T82: 7 | U82: 7 | V82: Riscou o Sassami em X, Retirou a Cartilagem | W82: 7 | X82: 7 | Y82: 51 | Z82: 25.5 | AA82: 46 | AB82: 5 | AC82: 23 | AD82: 75 | AE82: 4 | AF82: 20 | AG82: 7 | AH82: 42846 | AI82: Acomodação do produto está conforme especificação, Caixa está sem rasgos e seca, Data de validade e produção estão de acordo, Selagem está conforme | AJ82: assinatura | AK82: assinatura | AL82: 5095
A83: =UPPER(TEXT(Tabela1[[#This Row],[Data]],"MMM")) -> AGO | B83: 6a9260ed9901020d0bb2cb23 | C83: 28/08/2026 16:22:31 | D83: 29/08/2026 01:32:45 | E83: Ranieli | F83: 28/08/2026 | G83: 2 | H83: 5 | I83: 7 | J83: 7 | K83: 5 | L83: 23 | M83: 21 | N83: 77 | O83: 79 | P83: 7 | Q83: 7 | R83: 7 | S83: 10 | T83: 7 | U83: 7 | V83: Riscou o Sassami em X, Retirou a Cartilagem | W83: 10 | X83: 10 | Y83: 37 | Z83: 18.5 | AA83: 46 | AB83: 4 | AC83: 23 | AD83: 80 | AE83: 5 | AF83: 25 | AG83: 10 | AH83: 15105 | AI83: Acomodação do produto está conforme especificação, Selagem está conforme, Data de validade e produção estão de acordo, Caixa está sem rasgos e seca | AJ83: assinatura | AK83: assinatura | AL83: 4250
A84: =UPPER(TEXT(Tabela1[[#This Row],[Data]],"MMM")) -> AGO | B84: 6a96592d8a2cf415c7d9178c | C84: 01/09/2026 00:40:49 | D84: 01/09/2026 01:48:45 | E84: Ranieli | F84: 31/08/2026 | G84: 2 | H84: 7 | I84: 7 | J84: 7 | K84: 5 | L84: 22 | M84: 29 | N84: 78 | O84: 71 | P84: 7 | Q84: 7 | R84: 7 | S84: 7 | T84: 7 | U84: 5 | V84: Riscou o Sassami em X, Retirou a Cartilagem | W84: 7 | X84: 7 | Y84: 41 | Z84: 20.5 | AA84: 39 | AB84: 5 | AC84: 19.5 | AD84: 75 | AE84: 5 | AF84: 25 | AG84: 10 | AH84: 15105 | AI84: Acomodação do produto está conforme especificação, Caixa está sem rasgos e seca, Data de validade e produção estão de acordo, Selagem está conforme | AJ84: assinatura | AK84: assinatura | AL84: 704
A85: =UPPER(TEXT(Tabela1[[#This Row],[Data]],"MMM")) -> AGO | B85: 6a96592d8a2cf415c7d91760 | C85: 31/08/2026 21:36:08 | D85: 01/09/2026 01:48:45 | E85: Ranieli | F85: 31/08/2026 | G85: 2 | H85: 7 | I85: 7 | J85: 7 | K85: 5 | L85: 11 | M85: 18 | N85: 89 | O85: 82 | P85: 7 | Q85: 7 | R85: 7 | S85: 7 | T85: 7 | V85: Riscou o Sassami em X, Retirou a Cartilagem | W85: 7 | X85: 7 | Y85: 30 | Z85: 15 | AA85: 37 | AB85: 5 | AC85: 18.5 | AD85: 75 | AE85: 6 | AF85: 30 | AG85: 7 | AH85: 929883 | AI85: Caixa está sem rasgos e seca, Data de validade e produção estão de acordo, Selagem está conforme | AJ85: assinatura | AK85: assinatura | AL85: 3225
A86: =UPPER(TEXT(Tabela1[[#This Row],[Data]],"MMM")) -> AGO | B86: 6a96592c8a2cf415c7d9175a | C86: 31/08/2026 18:50:32 | D86: 01/09/2026 01:48:44 | E86: Ranieli | F86: 31/08/2026 | G86: 2 | H86: 7 | I86: 7 | J86: 5 | K86: 5 | L86: 16 | M86: 26 | N86: 84 | O86: 74 | P86: 7 | Q86: 7 | R86: 7 | S86: 7 | T86: 7 | U86: 5 | V86: Riscou o Sassami em X, Retirou a Cartilagem | W86: 7 | X86: 7 | Y86: 42 | Z86: 21 | AA86: 36 | AB86: 4 | AC86: 18 | AD86: 80 | AE86: 3 | AF86: 15 | AG86: 5 | AH86: 42854 | AI86: Caixa está sem rasgos e seca, Data de validade e produção estão de acordo, Selagem está conforme | AJ86: assinatura | AK86: assinatura | AL86: 3915
A87: =UPPER(TEXT(Tabela1[[#This Row],[Data]],"MMM")) -> AGO | B87: 6a96592c8a2cf415c7d9171e | C87: 31/08/2026 16:12:37 | D87: 01/09/2026 01:48:44 | E87: Ranieli | F87: 31/08/2026 | G87: 2 | H87: 7 | I87: 7 | J87: 7 | K87: 5 | L87: 20 | M87: 22 | N87: 80 | O87: 78 | P87: 7 | Q87: 7 | R87: 7 | S87: 7 | T87: 7 | U87: 7 | V87: Riscou o Sassami em X, Retirou a Cartilagem | W87: 10 | X87: 10 | Y87: 44 | Z87: 22 | AA87: 34 | AB87: 3 | AC87: 17 | AD87: 85 | AE87: 3 | AF87: 15 | AG87: 10 | AH87: 15105 | AI87: Acomodação do produto está conforme especificação, Caixa está sem rasgos e seca, Data de validade e produção estão de acordo, Selagem está conforme | AJ87: assinatura | AK87: assinatura | AL87: 4896
A88: =UPPER(TEXT(Tabela1[[#This Row],[Data]],"MMM")) -> SET | B88: 6a97b15943066e508049f7be | C88: 02/09/2026 00:21:23 | D88: 02/09/2026 02:17:13 | E88: Ranieli | F88: 01/09/2026 | G88: 2 | H88: 7 | I88: 7 | J88: 7 | K88: 5 | L88: 19 | M88: 42 | N88: 81 | O88: 58 | P88: 7 | Q88: 7 | R88: 7 | S88: 5 | T88: 7 | U88: 5 | V88: Riscou o Sassami em X, Usou o garfo na retirada de Sassami, Retirou a Cartilagem | W88: 10 | X88: 10 | Y88: 43 | Z88: 21.5 | AA88: 54 | AB88: 5 | AC88: 27 | AD88: 75 | AE88: 4 | AF88: 20 | AG88: 7 | AH88: 864048 | AI88: Caixa está sem rasgos e seca, Data de validade e produção estão de acordo, Selagem está conforme | AJ88: assinatura | AK88: assinatura | AL88: 3620
A89: =UPPER(TEXT(Tabela1[[#This Row],[Data]],"MMM")) -> SET | B89: 6a97b15843066e508049f786 | C89: 01/09/2026 21:39:41 | D89: 02/09/2026 02:17:12 | E89: Ranieli | F89: 01/09/2026 | G89: 2 | H89: 7 | I89: 7 | J89: 7 | K89: 5 | L89: 25 | M89: 36 | N89: 75 | O89: 64 | P89: 5 | Q89: 7 | R89: 7 | S89: 7 | T89: 7 | U89: 5 | V89: Riscou o Sassami em X, Retirou a Cartilagem | W89: 10 | X89: 10 | Y89: 36 | Z89: 18 | AA89: 41 | AB89: 3 | AC89: 20.5 | AD89: 85 | AE89: 5 | AF89: 25 | AG89: 7 | AH89: 42846 | AI89: Caixa está sem rasgos e seca, Data de validade e produção estão de acordo, Selagem está conforme | AJ89: assinatura | AK89: assinatura | AL89: 3009
A90: =UPPER(TEXT(Tabela1[[#This Row],[Data]],"MMM")) -> SET | B90: 6a97b15843066e508049f780 | C90: 01/09/2026 18:48:54 | D90: 02/09/2026 02:17:12 | E90: Ranieli | F90: 01/09/2026 | G90: 2 | H90: 7 | I90: 7 | J90: 7 | K90: 7 | L90: 24 | M90: 28 | N90: 76 | O90: 72 | P90: 7 | Q90: 7 | R90: 7 | S90: 7 | T90: 7 | U90: 5 | V90: Riscou o Sassami em X, Usou o garfo na retirada de Sassami, Retirou a Cartilagem | Y90: 41 | Z90: 20.5 | AA90: 36 | AB90: 6 | AC90: 18 | AD90: 70 | AE90: 6 | AF90: 30 | AG90: 10 | AH90: 15106 | AI90: Acomodação do produto está conforme especificação, Caixa está sem rasgos e seca, Data de validade e produção estão de acordo, Selagem está conforme | AJ90: assinatura | AK90: assinatura | AL90: 4343
A91: =UPPER(TEXT(Tabela1[[#This Row],[Data]],"MMM")) -> SET | B91: 6a97b15743066e508049f756 | C91: 01/09/2026 16:32:01 | D91: 02/09/2026 02:17:11 | E91: Ranieli | F91: 01/09/2026 | G91: 2 | H91: 7 | I91: 7 | J91: 7 | K91: 5 | L91: 19 | M91: 32 | N91: 81 | O91: 68 | P91: 7 | Q91: 7 | R91: 7 | S91: 7 | T91: 7 | U91: 5 | V91: Riscou o Sassami em X, Usou o garfo na retirada de Sassami, Retirou a Cartilagem | W91: 7 | X91: 7 | Y91: 48 | Z91: 24 | AA91: 34 | AB91: 5 | AC91: 17 | AD91: 75 | AE91: 7 | AF91: 35 | AG91: 7 | AH91: 40762 | AI91: Caixa está sem rasgos e seca, Data de validade e produção estão de acordo, Selagem está conforme | AJ91: assinatura | AK91: assinatura | AL91: 3231
A92: =UPPER(TEXT(Tabela1[[#This Row],[Data]],"MMM")) -> AGO | B92: 6a95c84f18e7857fd2a40611 | E92: Alana | F92: 31/08/2026 | G92: 1 | H92: 10 | I92: 10 | J92: 7 | K92: 7 | L92: 17 | M92: 12 | N92: 83 | O92: 88 | P92: 7 | Q92: 10 | R92: 10 | S92: 7 | T92: 7 | U92: 10 | W92: 10 | X92: 10 | Y92: 86 | Z92: 43 | AA92: 43 | AB92: 11 | AC92: 21.5 | AD92: 45 | AE92: 2 | AF92: 10
A93: =UPPER(TEXT(Tabela1[[#This Row],[Data]],"MMM")) -> AGO | B93: 6a91d3cb5b2e8247e4dde965 | E93: Alana | F93: 28/08/2026 | G93: 1 | H93: 10 | I93: 10 | J93: 7 | K93: 5 | L93: 21 | M93: 39 | N93: 79 | O93: 61 | P93: 10 | Q93: 10 | R93: 7 | S93: 10 | T93: 5 | U93: 7 | W93: 7 | X93: 7 | Y93: 71 | Z93: 35.5 | AA93: 78 | AB93: 15 | AC93: 39 | AD93: 25 | AE93: 4 | AF93: 20
A94: =UPPER(TEXT(Tabela1[[#This Row],[Data]],"MMM")) -> AGO | B94: 6a8ee1b8ff3419aa350c3bbe | E94: Alana | F94: 26/08/2026 | G94: 1 | H94: 10 | I94: 10 | J94: 7 | K94: 10 | L94: 9 | M94: 44 | N94: 91 | O94: 56 | P94: 7 | Q94: 10 | R94: 7 | S94: 10 | T94: 10 | U94: 5 | W94: 10 | X94: 10 | Y94: 50 | Z94: 25 | AA94: 57 | AB94: 6 | AC94: 28.5 | AD94: 70 | AE94: 2 | AF94: 10
A95: =UPPER(TEXT(Tabela1[[#This Row],[Data]],"MMM")) -> AGO | B95: 6a8ddfc854cc3955acac26a1 | E95: Alana | F95: 25/08/2026 | G95: 1 | H95: 7 | I95: 10 | J95: 7 | K95: 5 | L95: 14 | M95: 36 | N95: 86 | O95: 64 | P95: 7 | Q95: 10 | R95: 7 | S95: 7 | T95: 7 | U95: 5 | W95: 10 | X95: 10 | AB95: 8 | AD95: 60 | AE95: 1 | AF95: 5
A96: =UPPER(TEXT(Tabela1[[#This Row],[Data]],"MMM")) -> AGO | B96: 6a8c8e9c3b4a65e677cc0d51 | E96: Alana | F96: 24/08/2026 | G96: 1 | H96: 5 | I96: 10 | J96: 7 | K96: 5 | L96: 17 | M96: 31 | N96: 83 | O96: 69 | P96: 10 | Q96: 7 | R96: 10 | S96: 5 | T96: 7 | U96: 5 | V96: 37 | W96: 7 | X96: 7 | Y96: 44 | Z96: 22 | AB96: 13 | AD96: 35 | AE96: 1 | AF96: 5
A97: =UPPER(TEXT(Tabela1[[#This Row],[Data]],"MMM")) -> SET | B97: 6a97b15943066e508049f7be | C97: 02/09/2026 00:21:23 | D97: 02/09/2026 02:17:13 | E97: Ranieli | F97: 01/09/2026 | G97: 2 | H97: 7 | I97: 7 | J97: 7 | K97: 5 | L97: 19 | M97: 42 | N97: 81 | O97: 58 | P97: 7 | Q97: 7 | R97: 7 | S97: 5 | T97: 7 | U97: 5 | V97: Riscou o Sassami em X, Usou o garfo na retirada de Sassami, Retirou a Cartilagem | W97: 10 | X97: 10 | Y97: 43 | Z97: 21.5 | AA97: 54 | AB97: 5 | AC97: 27 | AD97: 75 | AE97: 4 | AF97: 20 | AG97: 7 | AH97: 864048 | AI97: Caixa está sem rasgos e seca, Data de validade e produção estão de acordo, Selagem está conforme | AJ97: assinatura | AK97: assinatura | AL97: 3620
A98: =UPPER(TEXT(Tabela1[[#This Row],[Data]],"MMM")) -> SET | B98: 6a97b15843066e508049f786 | C98: 01/09/2026 21:39:41 | D98: 02/09/2026 02:17:12 | E98: Ranieli | F98: 01/09/2026 | G98: 2 | H98: 7 | I98: 7 | J98: 7 | K98: 5 | L98: 25 | M98: 36 | N98: 75 | O98: 64 | P98: 5 | Q98: 7 | R98: 7 | S98: 7 | T98: 7 | U98: 5 | V98: Riscou o Sassami em X, Retirou a Cartilagem | W98: 10 | X98: 10 | Y98: 36 | Z98: 18 | AA98: 41 | AB98: 3 | AC98: 20.5 | AD98: 85 | AE98: 5 | AF98: 25 | AG98: 7 | AH98: 42846 | AI98: Caixa está sem rasgos e seca, Data de validade e produção estão de acordo, Selagem está conforme | AJ98: assinatura | AK98: assinatura | AL98: 3009
A99: =UPPER(TEXT(Tabela1[[#This Row],[Data]],"MMM")) -> SET | B99: 6a97b15843066e508049f780 | C99: 01/09/2026 18:48:54 | D99: 02/09/2026 02:17:12 | E99: Ranieli | F99: 01/09/2026 | G99: 2 | H99: 7 | I99: 7 | J99: 7 | K99: 7 | L99: 24 | M99: 28 | N99: 76 | O99: 72 | P99: 7 | Q99: 7 | R99: 7 | S99: 7 | T99: 7 | U99: 5 | V99: Riscou o Sassami em X, Usou o garfo na retirada de Sassami, Retirou a Cartilagem | Y99: 41 | Z99: 20.5 | AA99: 36 | AB99: 6 | AC99: 18 | AD99: 70 | AE99: 6 | AF99: 30 | AG99: 10 | AH99: 15106 | AI99: Acomodação do produto está conforme especificação, Caixa está sem rasgos e seca, Data de validade e produção estão de acordo, Selagem está conforme | AJ99: assinatura | AK99: assinatura | AL99: 4343
A100: =UPPER(TEXT(Tabela1[[#This Row],[Data]],"MMM")) -> SET | B100: 6a97b15743066e508049f756 | C100: 01/09/2026 16:32:01 | D100: 02/09/2026 02:17:11 | E100: Ranieli | F100: 01/09/2026 | G100: 2 | H100: 7 | I100: 7 | J100: 7 | K100: 5 | L100: 19 | M100: 32 | N100: 81 | O100: 68 | P100: 7 | Q100: 7 | R100: 7 | S100: 7 | T100: 7 | U100: 5 | V100: Riscou o Sassami em X, Usou o garfo na retirada de Sassami, Retirou a Cartilagem | W100: 7 | X100: 7 | Y100: 48 | Z100: 24 | AA100: 34 | AB100: 5 | AC100: 17 | AD100: 75 | AE100: 7 | AF100: 35 | AG100: 7 | AH100: 40762 | AI100: Caixa está sem rasgos e seca, Data de validade e produção estão de acordo, Selagem está conforme | AJ100: assinatura | AK100: assinatura | AL100: 3231
...
