Workbook
Name NativeTimeline_Data_Corrigida: #N/A
Name SegmentaçãodeDados_Família: #N/A
Name SegmentaçãodeDados_Família1: #N/A
Name SegmentaçãodeDados_Mês: #N/A
Name SegmentaçãodeDados_Mês1: #N/A
Name SegmentaçãodeDados_Turno: #N/A
Name SegmentaçãodeDados_Turno1: #N/A

Sheet Tabela Sobrepeso Dia
A4: SOBREPESO EM GRAMAS
A5: Média de Desvio | B5: Rótulos de Coluna
A6: FAMÍLIA | B6: 46296 | C6: 46297 | D6: 46300 | E6: 46301 | F6: 46302 | G6: 46303 | H6: 46304 | I6: 46308 | J6: Total Geral
A7: ASA | B7: 31 | C7: 63.18 | D7: 65.86 | E7: 102.66667 | F7: 75.64 | G7: 27.25 | H7: 29 | J7: 66.297059
A8: ASAS FG 100g UP LP | B8: 87 | C8: 52 | D8: 22.5 | F8: 33.5 | G8: 34 | H8: 27 | J8: 39
A9: COXINHA ASA IQF ALM 1KG | B9: 3.4 | C9: 24.9 | E9: 14 | F9: 8.9 | J9: 12.35
A10: PONTA ASA FG PB CG | B10: 5.6 | D10: 9.8 | J10: 7.7
A11: MEIO DA ASA 40-50G LP | B11: 28 | C11: 40.5 | D11: 70.5 | E11: 33.5 | F11: 19.3 | G11: 20.5 | H11: 31 | J11: 32.9
A12: COXINHA DA ASA FG CG PCT | C12: 99.25 | D12: 204 | E12: 260.5 | F12: 158.25 | J12: 172.94444
A13: MOELA | F13: 1.9 | J13: 1.9
A14: PEITO | B14: 16.26 | C14: 11.125 | D14: 14.366667 | E14: 7.94 | F14: 24.46 | G14: 20.571429 | H14: 15.28 | J14: 16.211364
A15: FILE PEITO MET CG BDJ SE | B15: 17.3 | C15: 11.125 | D15: 14.366667 | E15: 7.94 | F15: 17.65 | G15: 15.25 | H15: 15.28 | J15: 13.6325
A16: FILE PEITO CG IQF1KG | B16: 12.1 | F16: 51.7 | G16: 52.5 | J16: 42
A17: PERNA | B17: 21.245 | C17: 18.067857 | D17: 13.0125 | E17: 13.757143 | F17: 18.617647 | G17: 19.713043 | H17: 23.594444 | J17: 18.175449
A18: COXA CG BDJ SE | B18: 34.65 | C18: 7.8 | J18: 21.225
A19: COXA SBCX LQ FG LP | B19: 4.75 | C19: 15.125 | D19: 12.333333 | E19: -5.75 | F19: 24.833333 | G19: 10.25 | H19: 21.3 | J19: 13.846154
A20: COXA SBCX S/O BDJ CG | B20: 9.5 | C20: 5.95 | D20: -3 | E20: 0.6 | F20: 16.3 | J20: 5.4666667
A21: COXA SBCX S/O FG 200-220g PB | B21: 42.8 | C21: 40.8 | E21: 54.8 | F21: 31 | G21: 20.9 | J21: 39.966667
A22: COXA SBCX S/O FG 220-240g PB | B22: 27.1 | C22: 28.85 | D22: 23.3 | E22: 22.9 | F22: 25.5 | G22: 47.325 | H22: 26.1 | J22: 30.433333
A23: COXA SBCX S/O FG 240-260g PB | B23: 7.55 | C23: 19.366667 | D23: 10.5 | E23: 10.7 | F23: 10.85 | G23: 14.375 | H23: 24.5 | J23: 14.154545
A24: COXA SBCX S/O FG 260-280g PB | B24: -5.9 | C24: 14.5 | D24: -0.85 | E24: 14.05 | F24: 24.9 | G24: 17.325 | H24: 9.6 | J24: 13.904167
A25: COXA SBCX S/O FG 280-300g PB | B25: 27.666667 | C25: 22.866667 | D25: 12 | E25: 20.65 | F25: 11.4 | G25: 33.525 | H25: 40.666667 | J25: 24.343478
A26: OSTRINHA CG PCT 700G SWIFT | C26: 5.1 | E26: 1.2 | F26: 0.3 | G26: -26.1 | J26: -3.7363636
A27: SOBRECOXA CG BDJ SE | B27: 23.8 | C27: 2.4666667 | G27: 7 | J27: 11.6
A28: COXA SBCX S/O 200g FG UP PB | B28: 39.1 | C28: 37.2 | D28: 17.1 | H28: 19.5 | J28: 26
A29: FILE DE SOBRECOXA IQF | C29: 11.3 | H29: 22.2 | J29: 16.75
A30: COXA SBCX S/O FG 180-200g PB | D30: 53.1 | E30: 32.6 | J30: 39.433333
A31: SOBRECOXA IQF ALM 1KG | F31: 23.9 | J31: 23.9
A32: COXA SBCX S/O FG 200g UP PB | C32: 47.4 | J32: 47.4
A33: SASSAMI | B33: 7.05 | D33: 7.2 | E33: 16.3 | G33: 17.966667 | H33: 2 | I33: 1.8 | J33: 10.5
A34: FILEZINHO FRANGO IQF ALM SE | E34: 16.3 | G34: 17.966667 | I34: 1.8 | J34: 14.716667
A35: FILEZINHO PEITO CG BDJ SE | B35: 7.05 | D35: 11 | H35: 2 | J35: 7.62
A36: FILEZINHO FRANGO IQF ALM | D36: -0.4 | J36: -0.4
A37: CARTILAGEM PEITO | F37: -46.7 | G37: -1 | J37: -23.85
A38: CARTILAGEM PEITO FG PB | F38: -46.7 | G38: -1 | J38: -23.85
A39: CARTILAGEM PERNA | G39: 3.3 | J39: 3.3
A40: CARTILAGEM JOELHO FG PB | G40: 3.3 | J40: 3.3

Sheet Tabela Sobrepeso Mês
A5: Média de Desvio | B5: Rótulos de Coluna
A6: FAMÍLIA | B6: JUL | C6: AGO | D6: SET | E6: OUT
A7: ASA | C7: 21.394737 | D7: 21.209859 | E7: 66.297059
A8: ASAS FG 100g UP LP | C8: 38.74 | D8: -2.07 | E8: 39
A9: COXINHA ASA IQF ALM 1KG | C9: -8.1 | D9: 21.025 | E9: 12.35
A10: MEIO ASA CG BDJ SE | C10: 0.6
A11: MEIO DA ASA IQF | C11: 8
A12: MEIO DE ASA 2,5KG IQF | C12: -10.15 | D12: 25.56
A13: PONTA ASA FG PB CG | C13: 11.56 | D13: 7.9954545 | E13: 7.7
A14: MEIO DA ASA 40-50G LP | C14: 33 | D14: 36.464286 | E14: 32.9
A15: COXINHA DA ASA FG CG PCT | C15: 138.5 | D15: 144.56667 | E15: 172.94444
A16: COXINHA ASA IQF ALM SE | C16: 15.8 | D16: 5.28
A17: MOELA | C17: 4.7428571 | D17: 1.2428571 | E17: 1.9
A18: PEITO | B18: 17.6 | C18: 20.179268 | D18: 15.989888 | E18: 16.211364
A19: PERNA | C19: 25.795532 | D19: 20.146359 | E19: 18.175449
A20: COXA CG BDJ SE | C20: 6.3551724 | D20: 6.2666667 | E20: 21.225
A21: COXA SBCX LQ FG LP | C21: 50.584783 | D21: 22.433654 | E21: 13.846154
A22: COXA SBCX S/O BDJ CG | C22: 8.4809524 | D22: 7.44375 | E22: 5.4666667
A23: COXA SBCX S/O FG 200-220g PB | C23: 25.7 | D23: 32.651515 | E23: 39.966667
A24: COXA SBCX S/O FG 220-240g PB | C24: 44.164706 | D24: 34.703846 | E24: 30.433333
A25: COXA SBCX S/O FG 240-260g PB | C25: 21.25 | D25: 12.24717 | E25: 14.154545
A26: COXA SBCX S/O FG 260-280g PB | C26: 24.819231 | D26: 24.413462 | E26: 13.904167
A27: COXA SBCX S/O FG 280-300g PB | C27: 31.328 | D27: 23.758696 | E27: 24.343478
A28: COXA SEM PELE IQF 1KG | C28: 20.9 | D28: 15.05
A29: OSTRINHA CG PCT 700G SWIFT | C29: 0.7 | D29: 0.74285714 | E29: -3.7363636
A30: SOBRECOXA CG BDJ SE | C30: 9.1985714 | D30: 7.3285714 | E30: 11.6
A31: COXA SBCX S/O CG MP | C31: 82 | D31: 14.857143
A32: COXA SBCX S/O 200g FG UP PB | D32: 34.443333 | E32: 26
A33: SBCOXA SEM PELE IQF 1KG | D33: 23.5
A34: FILE DE SOBRECOXA IQF | D34: 11.533333 | E34: 16.75
A35: COXA SBCX S/O FG 180-200g PB | D35: 23.645455 | E35: 39.433333
A36: Turno 2 | D36: 23.645455 | E36: 39.433333
A37: SOBRECOXA FG RF PCT | D37: 168.5
A38: Turno 2 | D38: 168.5
A39: SOBRECOXA IQF ALM 1KG | D39: 24.76 | E39: 23.9
A40: Turno 1 | D40: 21.5
A41: Turno 2 | D41: 25.575 | E41: 23.9
A42: COXA SBCX S/O FG 200g UP PB | D42: 34.0625 | E42: 47.4
A43: Turno 1 | D43: 39.3 | E43: 47.4
A44: Turno 2 | D44: 28.825
A45: COXA IQF ALM SE | D45: 2.9
A46: Turno 2 | D46: 2.9
A47: SASSAMI | C47: 11.725 | D47: 7.2873016 | E47: 10.5
A48: DORSO | C48: 42.5
A49: DORSO DE FRANGO BACK | C49: 42.5
A50: CORAÇÃO | D50: 0.42222222
A51: CORACAO FGO CG ALM SE | D51: 0.42222222
A52: CARTILAGEM PEITO | D52: -6.5333333 | E52: -23.85
A53: CARTILAGEM PEITO FG PB | D53: -6.5333333 | E53: -23.85
A54: Turno 1 | D54: -6.5333333 | E54: -23.85
A55: CARTILAGEM PERNA | D55: 3.9 | E55: 3.3
A56: CARTILAGEM JOELHO FG PB | D56: 3.9 | E56: 3.3
A57: Turno 1 | E57: 3.3
A58: Turno 2 | D58: 3.9
A59: Total Geral | B59: 17.6 | C59: 23.447844 | D59: 18.04514 | E59: 22.806415

Sheet Coleta
A1: Data Corrigida | B1: Mês | C1: ID | D1: Data e Hora | E1: Data recebimento | F1: Usuário | G1: Data e Hora2 | H1: Turno | I1: Agente de Monitoramento | J1: SKU | K1: Peso 1 | L1: Peso 2 | M1: Peso 3 | N1: Peso 4 | O1: Peso 5 | P1: Peso 6 | Q1: Peso 7 | R1: Peso 8 | S1: Peso 9 | T1: Peso 10 | U1: Média | V1: Média (Comentário) | W1: Colunas1 | X1: Tempo de resposta | Y1: Meta | Z1: % Sobrepeso | AA1: Desvio | AB1: Item | AC1: Família
A2: =INT(Tabela1[[#This Row],[Data e Hora2]]) -> 46233 | B2: =UPPER(TEXT(Tabela1[[#This Row],[Data Corrigida]],"MMM")) -> JUL | C2: 6a707861ec887be342f966e3 | D2: 30/07/2026 17:10:33 | E2: 03/08/2026 08:15:45 | F2: Ranieli | G2: 30/07/2026 | H2: Turno 2 | I2: RANIELI MARIA MASQUIETI DOURADO | J2: 15105 | K2: 1020 | L2: 1035 | M2: 1048 | N2: 995 | O2: 1003 | P2: 1038 | Q2: 1027 | R2: 1028 | S2: 1025 | T2: 957 | U2: 1017.6 | W2: assinatura | X2: 382 | Y2: =VLOOKUP(Tabela1[[#This Row],[SKU]],SKU!A:D,4,0) -> 1000 | Z2: =IFERROR((Tabela1[[#This Row],[Média]]-Tabela1[[#This Row],[Meta]])/Tabela1[[#This Row],[Meta]],"") -> 0.0176 | AA2: =Tabela1[[#This Row],[Média]]-Tabela1[[#This Row],[Meta]] -> 17.6 | AB2: =VLOOKUP(Tabela1[[#This Row],[SKU]],SKU!A:B,2,0) -> FILE PEITO MET CG BDJ SE | AC2: =VLOOKUP(Tabela1[[#This Row],[SKU]],SKU!A:C,3,0) -> PEITO
A3: =INT(Tabela1[[#This Row],[Data e Hora2]]) -> 46237 | B3: =UPPER(TEXT(Tabela1[[#This Row],[Data Corrigida]],"MMM")) -> AGO | C3: 6a71180b0aa978fc27edf554 | D3: 03/08/2026 19:26:04 | E3: 03/08/2026 19:36:59 | F3: - - | G3: 03/08/2026 | H3: Turno 2 | I3: JULIANE GOMES NOVAIS | J3: 209009 | K3: 1014 | L3: 1009 | M3: 1000 | N3: 1037 | O3: 1051 | P3: 1010 | Q3: 1019 | R3: 1012 | S3: 1000 | T3: 1007 | U3: 1015.9 | W3: assinatura | X3: 627 | Y3: =VLOOKUP(Tabela1[[#This Row],[SKU]],SKU!A:D,4,0) -> 1000 | Z3: =IFERROR((Tabela1[[#This Row],[Média]]-Tabela1[[#This Row],[Meta]])/Tabela1[[#This Row],[Meta]],"") -> 0.0159 | AA3: =Tabela1[[#This Row],[Média]]-Tabela1[[#This Row],[Meta]] -> 15.9 | AB3: =VLOOKUP(Tabela1[[#This Row],[SKU]],SKU!A:B,2,0) -> COXA SEM PELE IQF 1KG | AC3: =VLOOKUP(Tabela1[[#This Row],[SKU]],SKU!A:C,3,0) -> PERNA
A4: =INT(Tabela1[[#This Row],[Data e Hora2]]) -> 46238 | B4: =UPPER(TEXT(Tabela1[[#This Row],[Data Corrigida]],"MMM")) -> AGO | C4: 6a7299a076deefbbdc48e79a | D4: 04/08/2026 22:57:14 | E4: 04/08/2026 23:02:08 | F4: - - | G4: 04/08/2026 | H4: Turno 2 | I4: JULIANE GOMES NOVAIS | J4: 197734 | K4: 1000 | L4: 1006 | M4: 999 | N4: 1010 | O4: 1063 | P4: 1004 | Q4: 1008 | R4: 1013 | S4: 997 | T4: 1001 | U4: 1010.1 | W4: assinatura | X4: 292 | Y4: =VLOOKUP(Tabela1[[#This Row],[SKU]],SKU!A:D,4,0) -> 1000 | Z4: =IFERROR((Tabela1[[#This Row],[Média]]-Tabela1[[#This Row],[Meta]])/Tabela1[[#This Row],[Meta]],"") -> 0.0101 | AA4: =Tabela1[[#This Row],[Média]]-Tabela1[[#This Row],[Meta]] -> 10.1 | AB4: =VLOOKUP(Tabela1[[#This Row],[SKU]],SKU!A:B,2,0) -> FILEZINHO FRANGO IQF ALM SE | AC4: =VLOOKUP(Tabela1[[#This Row],[SKU]],SKU!A:C,3,0) -> SASSAMI
A5: =INT(Tabela1[[#This Row],[Data e Hora2]]) -> 46239 | B5: =UPPER(TEXT(Tabela1[[#This Row],[Data Corrigida]],"MMM")) -> AGO | C5: 6a739f5ba971cc45da77df15 | D5: 05/08/2026 16:23:50 | E5: 05/08/2026 17:38:51 | F5: - - | G5: 05/08/2026 | H5: Turno 2 | I5: RANIELI MARIA MASQUIETI DOURADO | J5: 40762 | K5: 10045 | L5: 10080 | M5: 10010 | N5: 10035 | O5: 9975 | P5: 10090 | Q5: 9980 | R5: 10005 | S5: 10065 | T5: 9970 | U5: 10025.5 | W5: assinatura | X5: 4451 | Y5: =VLOOKUP(Tabela1[[#This Row],[SKU]],SKU!A:D,4,0) -> 10000 | Z5: =IFERROR((Tabela1[[#This Row],[Média]]-Tabela1[[#This Row],[Meta]])/Tabela1[[#This Row],[Meta]],"") -> 0.00255 | AA5: =Tabela1[[#This Row],[Média]]-Tabela1[[#This Row],[Meta]] -> 25.5 | AB5: =VLOOKUP(Tabela1[[#This Row],[SKU]],SKU!A:B,2,0) -> COXA SBCX LQ FG LP | AC5: =VLOOKUP(Tabela1[[#This Row],[SKU]],SKU!A:C,3,0) -> PERNA
A6: =INT(Tabela1[[#This Row],[Data e Hora2]]) -> 46239 | B6: =UPPER(TEXT(Tabela1[[#This Row],[Data Corrigida]],"MMM")) -> AGO | C6: 6a73a4a0e24bea36d87cf4ab | D6: 05/08/2026 17:55:40 | E6: 05/08/2026 18:01:20 | F6: - - | G6: 05/08/2026 | H6: Turno 2 | I6: JOSEFA KELY NUNES DE SOUSA | J6: 15105 | K6: 1004 | L6: 1015 | M6: 1004 | N6: 1009 | O6: 1012 | P6: 1008 | Q6: 1023 | R6: 1011 | S6: 1024 | T6: 1011 | U6: 1012.1 | W6: assinatura | X6: 338 | Y6: =VLOOKUP(Tabela1[[#This Row],[SKU]],SKU!A:D,4,0) -> 1000 | Z6: =IFERROR((Tabela1[[#This Row],[Média]]-Tabela1[[#This Row],[Meta]])/Tabela1[[#This Row],[Meta]],"") -> 0.0121 | AA6: =Tabela1[[#This Row],[Média]]-Tabela1[[#This Row],[Meta]] -> 12.1 | AB6: =VLOOKUP(Tabela1[[#This Row],[SKU]],SKU!A:B,2,0) -> FILE PEITO MET CG BDJ SE | AC6: =VLOOKUP(Tabela1[[#This Row],[SKU]],SKU!A:C,3,0) -> PEITO
A7: =INT(Tabela1[[#This Row],[Data e Hora2]]) -> 46239 | B7: =UPPER(TEXT(Tabela1[[#This Row],[Data Corrigida]],"MMM")) -> AGO | C7: 6a73a7f2a3e210342a26a79a | D7: 05/08/2026 18:01:42 | E7: 05/08/2026 18:15:30 | F7: - - | G7: 05/08/2026 | H7: Turno 2 | I7: JOSEFA KELY NUNES DE SOUSA | J7: 42854 | K7: 2082 | M7: 2082 | N7: 2085 | O7: 2069 | P7: 2003 | Q7: 2151 | R7: 2084 | S7: 2155 | T7: 2099 | U7: 2090 | W7: assinatura | X7: 826 | Y7: =VLOOKUP(Tabela1[[#This Row],[SKU]],SKU!A:D,4,0) -> 2080 | Z7: =IFERROR((Tabela1[[#This Row],[Média]]-Tabela1[[#This Row],[Meta]])/Tabela1[[#This Row],[Meta]],"") -> 0.0048076923 | AA7: =Tabela1[[#This Row],[Média]]-Tabela1[[#This Row],[Meta]] -> 10 | AB7: =VLOOKUP(Tabela1[[#This Row],[SKU]],SKU!A:B,2,0) -> COXA SBCX S/O FG 260-280g PB | AC7: =VLOOKUP(Tabela1[[#This Row],[SKU]],SKU!A:C,3,0) -> PERNA
A8: =INT(Tabela1[[#This Row],[Data e Hora2]]) -> 46239 | B8: =UPPER(TEXT(Tabela1[[#This Row],[Data Corrigida]],"MMM")) -> AGO | C8: 6a73a9177d11d89e2f351df7 | D8: 05/08/2026 18:15:34 | E8: 05/08/2026 18:20:23 | F8: - - | G8: 05/08/2026 | H8: Turno 2 | I8: JOSEFA KELY NUNES DE SOUSA | J8: 42862 | K8: 2019 | L8: 2008 | M8: 1993 | N8: 2017 | O8: 2003 | P8: 2044 | Q8: 2009 | R8: 2017 | S8: 2023 | T8: 2025 | U8: 2015.8 | W8: assinatura | X8: 288 | Y8: =VLOOKUP(Tabela1[[#This Row],[SKU]],SKU!A:D,4,0) -> 2000 | Z8: =IFERROR((Tabela1[[#This Row],[Média]]-Tabela1[[#This Row],[Meta]])/Tabela1[[#This Row],[Meta]],"") -> 0.0079 | AA8: =Tabela1[[#This Row],[Média]]-Tabela1[[#This Row],[Meta]] -> 15.8 | AB8: =VLOOKUP(Tabela1[[#This Row],[SKU]],SKU!A:B,2,0) -> COXA SBCX S/O FG 280-300g PB | AC8: =VLOOKUP(Tabela1[[#This Row],[SKU]],SKU!A:C,3,0) -> PERNA
A9: =INT(Tabela1[[#This Row],[Data e Hora2]]) -> 46239 | B9: =UPPER(TEXT(Tabela1[[#This Row],[Data Corrigida]],"MMM")) -> AGO | C9: 6a73aa3f9a3f99d409c1af0c | D9: 05/08/2026 18:20:24 | E9: 05/08/2026 18:25:19 | F9: - - | G9: 05/08/2026 | H9: Turno 2 | I9: JOSEFA KELY NUNES DE SOUSA | J9: 42846 | K9: 2025 | L9: 2039 | M9: 2002 | N9: 2199 | O9: 2128 | P9: 1994 | Q9: 2032 | R9: 1981 | S9: 2015 | T9: 2016 | U9: 2043.1 | W9: assinatura | X9: 293 | Y9: =VLOOKUP(Tabela1[[#This Row],[SKU]],SKU!A:D,4,0) -> 2000 | Z9: =IFERROR((Tabela1[[#This Row],[Média]]-Tabela1[[#This Row],[Meta]])/Tabela1[[#This Row],[Meta]],"") -> 0.02155 | AA9: =Tabela1[[#This Row],[Média]]-Tabela1[[#This Row],[Meta]] -> 43.1 | AB9: =VLOOKUP(Tabela1[[#This Row],[SKU]],SKU!A:B,2,0) -> COXA SBCX S/O FG 240-260g PB | AC9: =VLOOKUP(Tabela1[[#This Row],[SKU]],SKU!A:C,3,0) -> PERNA
A10: =INT(Tabela1[[#This Row],[Data e Hora2]]) -> 46239 | B10: =UPPER(TEXT(Tabela1[[#This Row],[Data Corrigida]],"MMM")) -> AGO | C10: 6a73aba2ef0d98d29d5b81b3 | D10: 05/08/2026 18:25:21 | E10: 05/08/2026 18:31:14 | F10: - - | G10: 05/08/2026 | H10: Turno 2 | I10: JOSEFA KELY NUNES DE SOUSA | J10: 42838 | K10: 2030 | L10: 1997 | M10: 1996 | N10: 2006 | O10: 2023 | P10: 2113 | Q10: 2006 | R10: 2013 | S10: 2018 | T10: 2007 | U10: 2020.9 | W10: assinatura | X10: 351 | Y10: =VLOOKUP(Tabela1[[#This Row],[SKU]],SKU!A:D,4,0) -> 2000 | Z10: =IFERROR((Tabela1[[#This Row],[Média]]-Tabela1[[#This Row],[Meta]])/Tabela1[[#This Row],[Meta]],"") -> 0.01045 | AA10: =Tabela1[[#This Row],[Média]]-Tabela1[[#This Row],[Meta]] -> 20.9 | AB10: =VLOOKUP(Tabela1[[#This Row],[SKU]],SKU!A:B,2,0) -> COXA SBCX S/O FG 220-240g PB | AC10: =VLOOKUP(Tabela1[[#This Row],[SKU]],SKU!A:C,3,0) -> PERNA
A11: =INT(Tabela1[[#This Row],[Data e Hora2]]) -> 46239 | B11: =UPPER(TEXT(Tabela1[[#This Row],[Data Corrigida]],"MMM")) -> AGO | C11: 6a73acfe76deefbbdc4bb386 | D11: 05/08/2026 18:31:15 | E11: 05/08/2026 18:37:02 | F11: - - | G11: 05/08/2026 | H11: Turno 2 | I11: JOSEFA KELY NUNES DE SOUSA | J11: 13188 | K11: 1006 | L11: 1016 | M11: 1012 | N11: 1025 | O11: 1025 | P11: 1012 | Q11: 1001 | R11: 1017 | S11: 1024 | T11: 1017 | U11: 1015.5 | W11: assinatura | X11: 344 | Y11: =VLOOKUP(Tabela1[[#This Row],[SKU]],SKU!A:D,4,0) -> 1000 | Z11: =IFERROR((Tabela1[[#This Row],[Média]]-Tabela1[[#This Row],[Meta]])/Tabela1[[#This Row],[Meta]],"") -> 0.0155 | AA11: =Tabela1[[#This Row],[Média]]-Tabela1[[#This Row],[Meta]] -> 15.5 | AB11: =VLOOKUP(Tabela1[[#This Row],[SKU]],SKU!A:B,2,0) -> SOBRECOXA CG BDJ SE | AC11: =VLOOKUP(Tabela1[[#This Row],[SKU]],SKU!A:C,3,0) -> PERNA
A12: =INT(Tabela1[[#This Row],[Data e Hora2]]) -> 46239 | B12: =UPPER(TEXT(Tabela1[[#This Row],[Data Corrigida]],"MMM")) -> AGO | C12: 6a73b48c9a3f99d409c1b4d5 | D12: 05/08/2026 19:04:16 | E12: 05/08/2026 19:09:16 | F12: - - | G12: 05/08/2026 | H12: Turno 2 | I12: JULIANE GOMES NOVAIS | J12: 209009 | K12: 1026 | L12: 1005 | M12: 1011 | N12: 1046 | O12: 1010 | P12: 1049 | Q12: 1003 | R12: 1050 | S12: 1032 | T12: 1027 | U12: 1025.9 | W12: assinatura | X12: 291 | Y12: =VLOOKUP(Tabela1[[#This Row],[SKU]],SKU!A:D,4,0) -> 1000 | Z12: =IFERROR((Tabela1[[#This Row],[Média]]-Tabela1[[#This Row],[Meta]])/Tabela1[[#This Row],[Meta]],"") -> 0.0259 | AA12: =Tabela1[[#This Row],[Média]]-Tabela1[[#This Row],[Meta]] -> 25.9 | AB12: =VLOOKUP(Tabela1[[#This Row],[SKU]],SKU!A:B,2,0) -> COXA SEM PELE IQF 1KG | AC12: =VLOOKUP(Tabela1[[#This Row],[SKU]],SKU!A:C,3,0) -> PERNA
A13: =INT(Tabela1[[#This Row],[Data e Hora2]]) -> 46239 | B13: =UPPER(TEXT(Tabela1[[#This Row],[Data Corrigida]],"MMM")) -> AGO | C13: 6a73ec07e9cbec6cab797c5b | D13: 05/08/2026 22:58:57 | E13: 05/08/2026 23:05:59 | F13: - - | G13: 05/08/2026 | H13: Turno 2 | I13: JOSEFA KELY NUNES DE SOUSA | J13: 15105 | K13: 1013 | L13: 990 | M13: 1203 | N13: 1037 | O13: 1025 | P13: 1035 | Q13: 991 | R13: 1014 | S13: 1039 | T13: 1034 | U13: 1038.1 | W13: assinatura | X13: 384 | Y13: =VLOOKUP(Tabela1[[#This Row],[SKU]],SKU!A:D,4,0) -> 1000 | Z13: =IFERROR((Tabela1[[#This Row],[Média]]-Tabela1[[#This Row],[Meta]])/Tabela1[[#This Row],[Meta]],"") -> 0.0381 | AA13: =Tabela1[[#This Row],[Média]]-Tabela1[[#This Row],[Meta]] -> 38.1 | AB13: =VLOOKUP(Tabela1[[#This Row],[SKU]],SKU!A:B,2,0) -> FILE PEITO MET CG BDJ SE | AC13: =VLOOKUP(Tabela1[[#This Row],[SKU]],SKU!A:C,3,0) -> PEITO
A14: =INT(Tabela1[[#This Row],[Data e Hora2]]) -> 46239 | B14: =UPPER(TEXT(Tabela1[[#This Row],[Data Corrigida]],"MMM")) -> AGO | C14: 6a74069b20a96cfc4b4e285d | D14: 06/08/2026 00:49:36 | E14: 06/08/2026 00:59:23 | F14: - - | G14: 05/08/2026 | H14: Turno 2 | I14: JOSEFA KELY NUNES DE SOUSA | J14: 15229 | K14: 1019 | L14: 1018 | M14: 1016 | N14: 1021 | O14: 1017 | P14: 1023 | Q14: 997 | R14: 1022 | S14: 1020 | T14: 999 | U14: 1015.2 | W14: assinatura | X14: 587 | Y14: =VLOOKUP(Tabela1[[#This Row],[SKU]],SKU!A:D,4,0) -> 1000 | Z14: =IFERROR((Tabela1[[#This Row],[Média]]-Tabela1[[#This Row],[Meta]])/Tabela1[[#This Row],[Meta]],"") -> 0.0152 | AA14: =Tabela1[[#This Row],[Média]]-Tabela1[[#This Row],[Meta]] -> 15.2 | AB14: =VLOOKUP(Tabela1[[#This Row],[SKU]],SKU!A:B,2,0) -> COXA CG BDJ SE | AC14: =VLOOKUP(Tabela1[[#This Row],[SKU]],SKU!A:C,3,0) -> PERNA
A15: =INT(Tabela1[[#This Row],[Data e Hora2]]) -> 46239 | B15: =UPPER(TEXT(Tabela1[[#This Row],[Data Corrigida]],"MMM")) -> AGO | C15: 6a740886f40feae6226636ee | D15: 06/08/2026 01:00:00 | E15: 06/08/2026 01:07:34 | F15: - - | G15: 05/08/2026 | H15: Turno 2 | I15: JOSEFA KELY NUNES DE SOUSA | J15: 42846 | K15: 2055 | L15: 2071 | M15: 2048 | N15: 2070 | O15: 2018 | P15: 2003 | Q15: 2013 | R15: 2073 | S15: 2042 | T15: 2039 | U15: 2043.2 | W15: assinatura | X15: 453 | Y15: =VLOOKUP(Tabela1[[#This Row],[SKU]],SKU!A:D,4,0) -> 2000 | Z15: =IFERROR((Tabela1[[#This Row],[Média]]-Tabela1[[#This Row],[Meta]])/Tabela1[[#This Row],[Meta]],"") -> 0.0216 | AA15: =Tabela1[[#This Row],[Média]]-Tabela1[[#This Row],[Meta]] -> 43.2 | AB15: =VLOOKUP(Tabela1[[#This Row],[SKU]],SKU!A:B,2,0) -> COXA SBCX S/O FG 240-260g PB | AC15: =VLOOKUP(Tabela1[[#This Row],[SKU]],SKU!A:C,3,0) -> PERNA
A16: =INT(Tabela1[[#This Row],[Data e Hora2]]) -> 46239 | B16: =UPPER(TEXT(Tabela1[[#This Row],[Data Corrigida]],"MMM")) -> AGO | C16: 6a7409d8f40feae622663743 | D16: 06/08/2026 01:07:38 | E16: 06/08/2026 01:13:12 | F16: - - | G16: 05/08/2026 | H16: Turno 2 | I16: JOSEFA KELY NUNES DE SOUSA | J16: 42862 | K16: 2093 | L16: 2024 | M16: 2010 | N16: 1978 | O16: 1974 | P16: 2026 | Q16: 2028 | R16: 2020 | S16: 2001 | T16: 2003 | U16: 2015.7 | W16: assinatura | X16: 332 | Y16: =VLOOKUP(Tabela1[[#This Row],[SKU]],SKU!A:D,4,0) -> 2000 | Z16: =IFERROR((Tabela1[[#This Row],[Média]]-Tabela1[[#This Row],[Meta]])/Tabela1[[#This Row],[Meta]],"") -> 0.00785 | AA16: =Tabela1[[#This Row],[Média]]-Tabela1[[#This Row],[Meta]] -> 15.7 | AB16: =VLOOKUP(Tabela1[[#This Row],[SKU]],SKU!A:B,2,0) -> COXA SBCX S/O FG 280-300g PB | AC16: =VLOOKUP(Tabela1[[#This Row],[SKU]],SKU!A:C,3,0) -> PERNA
A17: =INT(Tabela1[[#This Row],[Data e Hora2]]) -> 46239 | B17: =UPPER(TEXT(Tabela1[[#This Row],[Data Corrigida]],"MMM")) -> AGO | C17: 6a740b3876deefbbdc4bdd28 | D17: 06/08/2026 01:13:16 | E17: 06/08/2026 01:19:04 | F17: - - | G17: 05/08/2026 | H17: Turno 2 | I17: JOSEFA KELY NUNES DE SOUSA | J17: 42854 | K17: 2066 | L17: 2022 | M17: 2038 | N17: 2109 | O17: 2140 | P17: 2133 | Q17: 2144 | R17: 2125 | S17: 2165 | T17: 2190 | U17: 2113.2 | W17: assinatura | X17: 347 | Y17: =VLOOKUP(Tabela1[[#This Row],[SKU]],SKU!A:D,4,0) -> 2080 | Z17: =IFERROR((Tabela1[[#This Row],[Média]]-Tabela1[[#This Row],[Meta]])/Tabela1[[#This Row],[Meta]],"") -> 0.015961538 | AA17: =Tabela1[[#This Row],[Média]]-Tabela1[[#This Row],[Meta]] -> 33.2 | AB17: =VLOOKUP(Tabela1[[#This Row],[SKU]],SKU!A:B,2,0) -> COXA SBCX S/O FG 260-280g PB | AC17: =VLOOKUP(Tabela1[[#This Row],[SKU]],SKU!A:C,3,0) -> PERNA
A18: =INT(Tabela1[[#This Row],[Data e Hora2]]) -> 46239 | B18: =UPPER(TEXT(Tabela1[[#This Row],[Data Corrigida]],"MMM")) -> AGO | C18: 6a740d80b671965c6502efd8 | D18: 06/08/2026 01:19:06 | E18: 06/08/2026 01:28:48 | F18: - - | G18: 05/08/2026 | H18: Turno 2 | I18: JOSEFA KELY NUNES DE SOUSA | J18: 42838 | K18: 2073 | L18: 1987 | M18: 2066 | N18: 2040 | O18: 2141 | P18: 2015 | Q18: 2013 | R18: 2078 | S18: 2075 | T18: 2065 | U18: 2055.3 | W18: assinatura | X18: 581 | Y18: =VLOOKUP(Tabela1[[#This Row],[SKU]],SKU!A:D,4,0) -> 2000 | Z18: =IFERROR((Tabela1[[#This Row],[Média]]-Tabela1[[#This Row],[Meta]])/Tabela1[[#This Row],[Meta]],"") -> 0.02765 | AA18: =Tabela1[[#This Row],[Média]]-Tabela1[[#This Row],[Meta]] -> 55.3 | AB18: =VLOOKUP(Tabela1[[#This Row],[SKU]],SKU!A:B,2,0) -> COXA SBCX S/O FG 220-240g PB | AC18: =VLOOKUP(Tabela1[[#This Row],[SKU]],SKU!A:C,3,0) -> PERNA
A19: =INT(Tabela1[[#This Row],[Data e Hora2]]) -> 46240 | B19: =UPPER(TEXT(Tabela1[[#This Row],[Data Corrigida]],"MMM")) -> AGO | C19: 6a74f6dc9a3f99d409cf0ade | D19: 06/08/2026 17:53:56 | E19: 06/08/2026 18:04:28 | F19: - - | G19: 06/08/2026 | H19: Turno 2 | I19: JOSEFA KELY NUNES DE SOUSA | J19: 15105 | K19: 1007 | L19: 998 | M19: 992 | N19: 1040 | O19: 1035 | P19: 1049 | Q19: 1022 | R19: 1009 | S19: 1005 | T19: 1018 | U19: 1017.5 | W19: assinatura | X19: 622 | Y19: =VLOOKUP(Tabela1[[#This Row],[SKU]],SKU!A:D,4,0) -> 1000 | Z19: =IFERROR((Tabela1[[#This Row],[Média]]-Tabela1[[#This Row],[Meta]])/Tabela1[[#This Row],[Meta]],"") -> 0.0175 | AA19: =Tabela1[[#This Row],[Média]]-Tabela1[[#This Row],[Meta]] -> 17.5 | AB19: =VLOOKUP(Tabela1[[#This Row],[SKU]],SKU!A:B,2,0) -> FILE PEITO MET CG BDJ SE | AC19: =VLOOKUP(Tabela1[[#This Row],[SKU]],SKU!A:C,3,0) -> PEITO
... A31: =INT(Tabela1[[#This Row],[Data e Hora2]]) -> 46240 | B31: =UPPER(TEXT(Tabela1[[#This Row],[Data Corrigida]],"MMM")) -> AGO | C31: 6a7554cf7d11d89e2f42171d | D31: 07/08/2026 00:36:04 | E31: 07/08/2026 00:45:19 | F31: - - | G31: 06/08/2026 | H31: Turno 2 | I31: JOSEFA KELY NUNES DE SOUSA | J31: 792799 | K31: 15060 | L31: 15080 | M31: 15055 | N31: 15090 | O31: 15065 | P31: 15035 | Q31: 15020 | R31: 15000 | S31: 15055 | T31: 15000 | U31: 15046 | W31: assinatura | X31: 554 | Y31: =VLOOKUP(Tabela1[[#This Row],[SKU]],SKU!A:D,4,0) -> 15000 | Z31: =IFERROR((Tabela1[[#This Row],[Média]]-Tabela1[[#This Row],[Meta]])/Tabela1[[#This Row],[Meta]],"") -> 0.0030666667 | AA31: =Tabela1[[#This Row],[Média]]-Tabela1[[#This Row],[Meta]] -> 46 | AB31: =VLOOKUP(Tabela1[[#This Row],[SKU]],SKU!A:B,2,0) -> ASAS FG 100g UP LP | AC31: =VLOOKUP(Tabela1[[#This Row],[SKU]],SKU!A:C,3,0) -> ASA
A32: =INT(Tabela1[[#This Row],[Data e Hora2]]) -> 46240 | B32: =UPPER(TEXT(Tabela1[[#This Row],[Data Corrigida]],"MMM")) -> AGO | C32: 6a7557307d11d89e2f421791 | D32: 07/08/2026 00:45:21 | E32: 07/08/2026 00:55:28 | F32: - - | G32: 06/08/2026 | H32: Turno 2 | J32: 992093 | K32: 5008 | L32: 5002 | M32: 5022 | N32: 5008 | O32: 5005 | P32: 5008 | Q32: 5012 | R32: 5009 | S32: 5002 | T32: 5001 | U32: 5007.7 | W32: assinatura | X32: 606 | Y32: =VLOOKUP(Tabela1[[#This Row],[SKU]],SKU!A:D,4,0) -> 5000 | Z32: =IFERROR((Tabela1[[#This Row],[Média]]-Tabela1[[#This Row],[Meta]])/Tabela1[[#This Row],[Meta]],"") -> 0.00154 | AA32: =Tabela1[[#This Row],[Média]]-Tabela1[[#This Row],[Meta]] -> 7.7 | AB32: =VLOOKUP(Tabela1[[#This Row],[SKU]],SKU!A:B,2,0) -> PONTA ASA FG PB CG | AC32: =VLOOKUP(Tabela1[[#This Row],[SKU]],SKU!A:C,3,0) -> ASA
A33: =INT(Tabela1[[#This Row],[Data e Hora2]]) -> 46241 | B33: =UPPER(TEXT(Tabela1[[#This Row],[Data Corrigida]],"MMM")) -> AGO | C33: 6a79aef44b165449d5bfd7b9 | D33: 07/08/2026 17:41:25 | E33: 10/08/2026 07:59:00 | F33: Ranieli | G33: 07/08/2026 | H33: Turno 2 | I33: JOSEFA KELY NUNES DE SOUSA | J33: 42820 | K33: 1999 | L33: 2085 | M33: 2000 | N33: 2033 | O33: 2033 | P33: 2051 | Q33: 2023 | R33: 2016 | S33: 2035 | T33: 1989 | U33: 2026.4 | W33: assinatura | X33: 2758 | Y33: =VLOOKUP(Tabela1[[#This Row],[SKU]],SKU!A:D,4,0) -> 2000 | Z33: =IFERROR((Tabela1[[#This Row],[Média]]-Tabela1[[#This Row],[Meta]])/Tabela1[[#This Row],[Meta]],"") -> 0.0132 | AA33: =Tabela1[[#This Row],[Média]]-Tabela1[[#This Row],[Meta]] -> 26.4 | AB33: =VLOOKUP(Tabela1[[#This Row],[SKU]],SKU!A:B,2,0) -> COXA SBCX S/O FG 200-220g PB | AC33: =VLOOKUP(Tabela1[[#This Row],[SKU]],SKU!A:C,3,0) -> PERNA
A34: =INT(Tabela1[[#This Row],[Data e Hora2]]) -> 46241 | B34: =UPPER(TEXT(Tabela1[[#This Row],[Data Corrigida]],"MMM")) -> AGO | C34: 6a79aef54b165449d5bfd7bf | D34: 07/08/2026 18:27:25 | E34: 10/08/2026 07:59:01 | F34: Ranieli | G34: 07/08/2026 | H34: Turno 2 | I34: JOSEFA KELY NUNES DE SOUSA | J34: 42854 | K34: 2002 | L34: 2119 | M34: 2151 | N34: 2100 | O34: 2099 | P34: 2110 | Q34: 2117 | R34: 2079 | S34: 2139 | T34: 2115 | U34: 2103.1 | X34: 181 | Y34: =VLOOKUP(Tabela1[[#This Row],[SKU]],SKU!A:D,4,0) -> 2080 | Z34: =IFERROR((Tabela1[[#This Row],[Média]]-Tabela1[[#This Row],[Meta]])/Tabela1[[#This Row],[Meta]],"") -> 0.011105769 | AA34: =Tabela1[[#This Row],[Média]]-Tabela1[[#This Row],[Meta]] -> 23.1 | AB34: =VLOOKUP(Tabela1[[#This Row],[SKU]],SKU!A:B,2,0) -> COXA SBCX S/O FG 260-280g PB | AC34: =VLOOKUP(Tabela1[[#This Row],[SKU]],SKU!A:C,3,0) -> PERNA
A35: =INT(Tabela1[[#This Row],[Data e Hora2]]) -> 46241 | B35: =UPPER(TEXT(Tabela1[[#This Row],[Data Corrigida]],"MMM")) -> AGO | C35: 6a79aef54b165449d5bfd7c5 | D35: 07/08/2026 18:30:28 | E35: 10/08/2026 07:59:01 | F35: Ranieli | G35: 07/08/2026 | H35: Turno 2 | I35: JOSEFA KELY NUNES DE SOUSA | J35: 42846 | K35: 2000 | L35: 2013 | M35: 2010 | N35: 2013 | O35: 2016 | P35: 2003 | Q35: 1994 | R35: 2009 | S35: 1770 | T35: 1999 | U35: 1982.7 | W35: assinatura | X35: 233 | Y35: =VLOOKUP(Tabela1[[#This Row],[SKU]],SKU!A:D,4,0) -> 2000 | Z35: =IFERROR((Tabela1[[#This Row],[Média]]-Tabela1[[#This Row],[Meta]])/Tabela1[[#This Row],[Meta]],"") -> -0.00865 | AA35: =Tabela1[[#This Row],[Média]]-Tabela1[[#This Row],[Meta]] -> -17.3 | AB35: =VLOOKUP(Tabela1[[#This Row],[SKU]],SKU!A:B,2,0) -> COXA SBCX S/O FG 240-260g PB | AC35: =VLOOKUP(Tabela1[[#This Row],[SKU]],SKU!A:C,3,0) -> PERNA
A36: =INT(Tabela1[[#This Row],[Data e Hora2]]) -> 46241 | B36: =UPPER(TEXT(Tabela1[[#This Row],[Data Corrigida]],"MMM")) -> AGO | C36: 6a79aef54b165449d5bfd7cb | D36: 07/08/2026 18:34:24 | E36: 10/08/2026 07:59:01 | F36: Ranieli | G36: 07/08/2026 | H36: Turno 2 | I36: JOSEFA KELY NUNES DE SOUSA | J36: 42862 | K36: 2016 | L36: 2009 | M36: 2057 | N36: 2040 | O36: 2059 | P36: 2001 | Q36: 2017 | R36: 2016 | S36: 2003 | T36: 2023 | U36: 2024.1 | X36: 148 | Y36: =VLOOKUP(Tabela1[[#This Row],[SKU]],SKU!A:D,4,0) -> 2000 | Z36: =IFERROR((Tabela1[[#This Row],[Média]]-Tabela1[[#This Row],[Meta]])/Tabela1[[#This Row],[Meta]],"") -> 0.01205 | AA36: =Tabela1[[#This Row],[Média]]-Tabela1[[#This Row],[Meta]] -> 24.1 | AB36: =VLOOKUP(Tabela1[[#This Row],[SKU]],SKU!A:B,2,0) -> COXA SBCX S/O FG 280-300g PB | AC36: =VLOOKUP(Tabela1[[#This Row],[SKU]],SKU!A:C,3,0) -> PERNA
A37: =INT(Tabela1[[#This Row],[Data e Hora2]]) -> 46241 | B37: =UPPER(TEXT(Tabela1[[#This Row],[Data Corrigida]],"MMM")) -> AGO | C37: 6a79aef54b165449d5bfd7d3 | D37: 07/08/2026 18:36:55 | E37: 10/08/2026 07:59:01 | F37: Ranieli | G37: 07/08/2026 | H37: Turno 2 | I37: JOSEFA KELY NUNES DE SOUSA | J37: 13188 | K37: 1014 | L37: 1020 | M37: 1023 | N37: 994 | O37: 993 | P37: 1013 | Q37: 998 | R37: 1007 | S37: 1023 | T37: 997 | U37: 1008.2 | X37: 210 | Y37: =VLOOKUP(Tabela1[[#This Row],[SKU]],SKU!A:D,4,0) -> 1000 | Z37: =IFERROR((Tabela1[[#This Row],[Média]]-Tabela1[[#This Row],[Meta]])/Tabela1[[#This Row],[Meta]],"") -> 0.0082 | AA37: =Tabela1[[#This Row],[Média]]-Tabela1[[#This Row],[Meta]] -> 8.2 | AB37: =VLOOKUP(Tabela1[[#This Row],[SKU]],SKU!A:B,2,0) -> SOBRECOXA CG BDJ SE | AC37: =VLOOKUP(Tabela1[[#This Row],[SKU]],SKU!A:C,3,0) -> PERNA
A38: =INT(Tabela1[[#This Row],[Data e Hora2]]) -> 46241 | B38: =UPPER(TEXT(Tabela1[[#This Row],[Data Corrigida]],"MMM")) -> AGO | C38: 6a79aef54b165449d5bfd7d9 | D38: 07/08/2026 18:40:29 | E38: 10/08/2026 07:59:01 | F38: Ranieli | G38: 07/08/2026 | H38: Turno 2 | I38: JOSEFA KELY NUNES DE SOUSA | J38: 15105 | K38: 992 | L38: 998 | M38: 1011 | N38: 1018 | O38: 957 | P38: 920 | Q38: 1021 | R38: 1020 | S38: 1060 | T38: 1014 | U38: 1001.1 | W38: assinatura | X38: 533 | Y38: =VLOOKUP(Tabela1[[#This Row],[SKU]],SKU!A:D,4,0) -> 1000 | Z38: =IFERROR((Tabela1[[#This Row],[Média]]-Tabela1[[#This Row],[Meta]])/Tabela1[[#This Row],[Meta]],"") -> 0.0011 | AA38: =Tabela1[[#This Row],[Média]]-Tabela1[[#This Row],[Meta]] -> 1.1 | AB38: =VLOOKUP(Tabela1[[#This Row],[SKU]],SKU!A:B,2,0) -> FILE PEITO MET CG BDJ SE | AC38: =VLOOKUP(Tabela1[[#This Row],[SKU]],SKU!A:C,3,0) -> PEITO
A39: =INT(Tabela1[[#This Row],[Data e Hora2]]) -> 46241 | B39: =UPPER(TEXT(Tabela1[[#This Row],[Data Corrigida]],"MMM")) -> AGO | C39: 6a79aef54b165449d5bfd7df | D39: 07/08/2026 18:49:24 | E39: 10/08/2026 07:59:01 | F39: Ranieli | G39: 07/08/2026 | H39: Turno 2 | I39: JOSEFA KELY NUNES DE SOUSA | J39: 992093 | K39: 5014 | L39: 5015 | M39: 5014 | N39: 5021 | O39: 5014 | P39: 5015 | Q39: 5017 | R39: 5010 | S39: 5014 | T39: 5014 | U39: 5014.8 | W39: assinatura | X39: 465 | Y39: =VLOOKUP(Tabela1[[#This Row],[SKU]],SKU!A:D,4,0) -> 5000 | Z39: =IFERROR((Tabela1[[#This Row],[Média]]-Tabela1[[#This Row],[Meta]])/Tabela1[[#This Row],[Meta]],"") -> 0.00296 | AA39: =Tabela1[[#This Row],[Média]]-Tabela1[[#This Row],[Meta]] -> 14.8 | AB39: =VLOOKUP(Tabela1[[#This Row],[SKU]],SKU!A:B,2,0) -> PONTA ASA FG PB CG | AC39: =VLOOKUP(Tabela1[[#This Row],[SKU]],SKU!A:C,3,0) -> ASA
A40: =INT(Tabela1[[#This Row],[Data e Hora2]]) -> 46241 | B40: =UPPER(TEXT(Tabela1[[#This Row],[Data Corrigida]],"MMM")) -> AGO | C40: 6a79aef54b165449d5bfd7fd | D40: 08/08/2026 00:28:19 | E40: 10/08/2026 07:59:01 | F40: Ranieli | G40: 07/08/2026 | H40: Turno 2 | I40: JOSEFA KELY NUNES DE SOUSA | J40: 15105 | K40: 1009 | L40: 1025 | M40: 1003 | N40: 1035 | O40: 1029 | P40: 1004 | Q40: 1000 | R40: 1004 | S40: 1013 | T40: 1007 | U40: 1012.9 | W40: assinatura | X40: 440 | Y40: =VLOOKUP(Tabela1[[#This Row],[SKU]],SKU!A:D,4,0) -> 1000 | Z40: =IFERROR((Tabela1[[#This Row],[Média]]-Tabela1[[#This Row],[Meta]])/Tabela1[[#This Row],[Meta]],"") -> 0.0129 | AA40: =Tabela1[[#This Row],[Média]]-Tabela1[[#This Row],[Meta]] -> 12.9 | AB40: =VLOOKUP(Tabela1[[#This Row],[SKU]],SKU!A:B,2,0) -> FILE PEITO MET CG BDJ SE | AC40: =VLOOKUP(Tabela1[[#This Row],[SKU]],SKU!A:C,3,0) -> PEITO
A41: =INT(Tabela1[[#This Row],[Data e Hora2]]) -> 46241 | B41: =UPPER(TEXT(Tabela1[[#This Row],[Data Corrigida]],"MMM")) -> AGO | C41: 6a79aef54b165449d5bfd803 | D41: 08/08/2026 00:35:45 | E41: 10/08/2026 07:59:01 | F41: Ranieli | G41: 07/08/2026 | H41: Turno 2 | I41: JOSEFA KELY NUNES DE SOUSA | J41: 13188 | K41: 1014 | L41: 1019 | M41: 1005 | N41: 994 | O41: 1024 | P41: 1022 | Q41: 1027 | R41: 1016 | S41: 1009 | T41: 1038 | U41: 1016.8 | W41: assinatura | X41: 574 | Y41: =VLOOKUP(Tabela1[[#This Row],[SKU]],SKU!A:D,4,0) -> 1000 | Z41: =IFERROR((Tabela1[[#This Row],[Média]]-Tabela1[[#This Row],[Meta]])/Tabela1[[#This Row],[Meta]],"") -> 0.0168 | AA41: =Tabela1[[#This Row],[Média]]-Tabela1[[#This Row],[Meta]] -> 16.8 | AB41: =VLOOKUP(Tabela1[[#This Row],[SKU]],SKU!A:B,2,0) -> SOBRECOXA CG BDJ SE | AC41: =VLOOKUP(Tabela1[[#This Row],[SKU]],SKU!A:C,3,0) -> PERNA
A42: =INT(Tabela1[[#This Row],[Data e Hora2]]) -> 46241 | B42: =UPPER(TEXT(Tabela1[[#This Row],[Data Corrigida]],"MMM")) -> AGO | C42: 6a79aef54b165449d5bfd809 | D42: 08/08/2026 00:45:27 | E42: 10/08/2026 07:59:01 | F42: Ranieli | G42: 07/08/2026 | H42: Turno 2 | J42: 40762 | K42: 10070 | L42: 9885 | M42: 9875 | N42: 9955 | O42: 9985 | P42: 9965 | Q42: 9885 | R42: 10060 | S42: 10010 | T42: 9885 | U42: 9957.5 | X42: 472 | Y42: =VLOOKUP(Tabela1[[#This Row],[SKU]],SKU!A:D,4,0) -> 10000 | Z42: =IFERROR((Tabela1[[#This Row],[Média]]-Tabela1[[#This Row],[Meta]])/Tabela1[[#This Row],[Meta]],"") -> -0.00425 | AA42: =Tabela1[[#This Row],[Média]]-Tabela1[[#This Row],[Meta]] -> -42.5 | AB42: =VLOOKUP(Tabela1[[#This Row],[SKU]],SKU!A:B,2,0) -> COXA SBCX LQ FG LP | AC42: =VLOOKUP(Tabela1[[#This Row],[SKU]],SKU!A:C,3,0) -> PERNA
A43: =INT(Tabela1[[#This Row],[Data e Hora2]]) -> 46244 | B43: =UPPER(TEXT(Tabela1[[#This Row],[Data Corrigida]],"MMM")) -> AGO | C43: 6a7ab139f77da7ef00271bbb | D43: 10/08/2026 17:42:33 | E43: 11/08/2026 02:20:57 | F43: Ranieli | G43: 10/08/2026 | H43: Turno 2 | I43: JOSEFA KELY NUNES DE SOUSA | J43: 42846 | K43: 2010 | L43: 2019 | M43: 2010 | N43: 2021 | O43: 2005 | P43: 2062 | Q43: 2005 | R43: 2104 | S43: 2015 | T43: 1997 | U43: 2024.8 | W43: assinatura | X43: 299 | Y43: =VLOOKUP(Tabela1[[#This Row],[SKU]],SKU!A:D,4,0) -> 2000 | Z43: =IFERROR((Tabela1[[#This Row],[Média]]-Tabela1[[#This Row],[Meta]])/Tabela1[[#This Row],[Meta]],"") -> 0.0124 | AA43: =Tabela1[[#This Row],[Média]]-Tabela1[[#This Row],[Meta]] -> 24.8 | AB43: =VLOOKUP(Tabela1[[#This Row],[SKU]],SKU!A:B,2,0) -> COXA SBCX S/O FG 240-260g PB | AC43: =VLOOKUP(Tabela1[[#This Row],[SKU]],SKU!A:C,3,0) -> PERNA
A44: =INT(Tabela1[[#This Row],[Data e Hora2]]) -> 46244 | B44: =UPPER(TEXT(Tabela1[[#This Row],[Data Corrigida]],"MMM")) -> AGO | C44: 6a7ab139f77da7ef00271bc1 | D44: 10/08/2026 17:47:34 | E44: 11/08/2026 02:20:57 | F44: Ranieli | G44: 10/08/2026 | H44: Turno 2 | I44: JOSEFA KELY NUNES DE SOUSA | J44: 42838 | K44: 2025 | L44: 2043 | M44: 2034 | N44: 2046 | O44: 2032 | P44: 2017 | Q44: 2031 | R44: 2031 | S44: 2082 | T44: 2140 | U44: 2048.1 | X44: 153 | Y44: =VLOOKUP(Tabela1[[#This Row],[SKU]],SKU!A:D,4,0) -> 2000 | Z44: =IFERROR((Tabela1[[#This Row],[Média]]-Tabela1[[#This Row],[Meta]])/Tabela1[[#This Row],[Meta]],"") -> 0.02405 | AA44: =Tabela1[[#This Row],[Média]]-Tabela1[[#This Row],[Meta]] -> 48.1 | AB44: =VLOOKUP(Tabela1[[#This Row],[SKU]],SKU!A:B,2,0) -> COXA SBCX S/O FG 220-240g PB | AC44: =VLOOKUP(Tabela1[[#This Row],[SKU]],SKU!A:C,3,0) -> PERNA
A45: =INT(Tabela1[[#This Row],[Data e Hora2]]) -> 46244 | B45: =UPPER(TEXT(Tabela1[[#This Row],[Data Corrigida]],"MMM")) -> AGO | C45: 6a7ab139f77da7ef00271bc7 | D45: 10/08/2026 17:50:09 | E45: 11/08/2026 02:20:57 | F45: Ranieli | G45: 10/08/2026 | H45: Turno 2 | I45: JOSEFA KELY NUNES DE SOUSA | J45: 42854 | K45: 2098 | L45: 2133 | M45: 2114 | N45: 2088 | O45: 2079 | P45: 2092 | Q45: 2097 | R45: 2126 | S45: 2099 | T45: 2119 | U45: 2104.5 | X45: 239 | Y45: =VLOOKUP(Tabela1[[#This Row],[SKU]],SKU!A:D,4,0) -> 2080 | Z45: =IFERROR((Tabela1[[#This Row],[Média]]-Tabela1[[#This Row],[Meta]])/Tabela1[[#This Row],[Meta]],"") -> 0.011778846 | AA45: =Tabela1[[#This Row],[Média]]-Tabela1[[#This Row],[Meta]] -> 24.5 | AB45: =VLOOKUP(Tabela1[[#This Row],[SKU]],SKU!A:B,2,0) -> COXA SBCX S/O FG 260-280g PB | AC45: =VLOOKUP(Tabela1[[#This Row],[SKU]],SKU!A:C,3,0) -> PERNA
A46: =INT(Tabela1[[#This Row],[Data e Hora2]]) -> 46244 | B46: =UPPER(TEXT(Tabela1[[#This Row],[Data Corrigida]],"MMM")) -> AGO | C46: 6a7ab139f77da7ef00271bcd | D46: 10/08/2026 17:54:09 | E46: 11/08/2026 02:20:57 | F46: Ranieli | G46: 10/08/2026 | H46: Turno 2 | I46: JOSEFA KELY NUNES DE SOUSA | J46: 13188 | K46: 1000 | L46: 1014 | M46: 994 | N46: 1025 | O46: 1021 | P46: 997 | Q46: 1008 | R46: 1013 | S46: 1018 | T46: 1014 | U46: 1010.4 | X46: 201 | Y46: =VLOOKUP(Tabela1[[#This Row],[SKU]],SKU!A:D,4,0) -> 1000 | Z46: =IFERROR((Tabela1[[#This Row],[Média]]-Tabela1[[#This Row],[Meta]])/Tabela1[[#This Row],[Meta]],"") -> 0.0104 | AA46: =Tabela1[[#This Row],[Média]]-Tabela1[[#This Row],[Meta]] -> 10.4 | AB46: =VLOOKUP(Tabela1[[#This Row],[SKU]],SKU!A:B,2,0) -> SOBRECOXA CG BDJ SE | AC46: =VLOOKUP(Tabela1[[#This Row],[SKU]],SKU!A:C,3,0) -> PERNA
A47: =INT(Tabela1[[#This Row],[Data e Hora2]]) -> 46244 | B47: =UPPER(TEXT(Tabela1[[#This Row],[Data Corrigida]],"MMM")) -> AGO | C47: 6a7ab139f77da7ef00271bd3 | D47: 10/08/2026 17:57:31 | E47: 11/08/2026 02:20:57 | F47: Ranieli | G47: 10/08/2026 | H47: Turno 2 | I47: JOSEFA KELY NUNES DE SOUSA | J47: 15229 | K47: 972 | L47: 1030 | M47: 1040 | N47: 1025 | O47: 972 | P47: 984 | Q47: 1069 | R47: 1039 | S47: 1035 | T47: 969 | U47: 1013.5 | X47: 337 | Y47: =VLOOKUP(Tabela1[[#This Row],[SKU]],SKU!A:D,4,0) -> 1000 | Z47: =IFERROR((Tabela1[[#This Row],[Média]]-Tabela1[[#This Row],[Meta]])/Tabela1[[#This Row],[Meta]],"") -> 0.0135 | AA47: =Tabela1[[#This Row],[Média]]-Tabela1[[#This Row],[Meta]] -> 13.5 | AB47: =VLOOKUP(Tabela1[[#This Row],[SKU]],SKU!A:B,2,0) -> COXA CG BDJ SE | AC47: =VLOOKUP(Tabela1[[#This Row],[SKU]],SKU!A:C,3,0) -> PERNA
A48: =INT(Tabela1[[#This Row],[Data e Hora2]]) -> 46244 | B48: =UPPER(TEXT(Tabela1[[#This Row],[Data Corrigida]],"MMM")) -> AGO | C48: 6a7ab139f77da7ef00271bd9 | D48: 10/08/2026 18:04:12 | E48: 11/08/2026 02:20:57 | F48: Ranieli | G48: 10/08/2026 | H48: Turno 2 | I48: JOSEFA KELY NUNES DE SOUSA | J48: 15105 | K48: 1044 | L48: 997 | M48: 1009 | N48: 1022 | O48: 1019 | P48: 1011 | Q48: 1031 | R48: 1040 | S48: 1015 | T48: 1078 | U48: 1026.6 | W48: assinatura | X48: 235 | Y48: =VLOOKUP(Tabela1[[#This Row],[SKU]],SKU!A:D,4,0) -> 1000 | Z48: =IFERROR((Tabela1[[#This Row],[Média]]-Tabela1[[#This Row],[Meta]])/Tabela1[[#This Row],[Meta]],"") -> 0.0266 | AA48: =Tabela1[[#This Row],[Média]]-Tabela1[[#This Row],[Meta]] -> 26.6 | AB48: =VLOOKUP(Tabela1[[#This Row],[SKU]],SKU!A:B,2,0) -> FILE PEITO MET CG BDJ SE | AC48: =VLOOKUP(Tabela1[[#This Row],[SKU]],SKU!A:C,3,0) -> PEITO
A49: =INT(Tabela1[[#This Row],[Data e Hora2]]) -> 46244 | B49: =UPPER(TEXT(Tabela1[[#This Row],[Data Corrigida]],"MMM")) -> AGO | C49: 6a7ab139f77da7ef00271bdf | D49: 10/08/2026 18:08:11 | E49: 11/08/2026 02:20:57 | F49: Ranieli | G49: 10/08/2026 | H49: Turno 2 | I49: JOSEFA KELY NUNES DE SOUSA | J49: 992093 | K49: 4983 | L49: 4998 | M49: 4869 | N49: 4978 | O49: 4949 | P49: 4986 | Q49: 4996 | R49: 5004 | S49: 5020 | T49: 4989 | U49: 4977.2 | W49: assinatura | X49: 513 | Y49: =VLOOKUP(Tabela1[[#This Row],[SKU]],SKU!A:D,4,0) -> 5000 | Z49: =IFERROR((Tabela1[[#This Row],[Média]]-Tabela1[[#This Row],[Meta]])/Tabela1[[#This Row],[Meta]],"") -> -0.00456 | AA49: =Tabela1[[#This Row],[Média]]-Tabela1[[#This Row],[Meta]] -> -22.8 | AB49: =VLOOKUP(Tabela1[[#This Row],[SKU]],SKU!A:B,2,0) -> PONTA ASA FG PB CG | AC49: =VLOOKUP(Tabela1[[#This Row],[SKU]],SKU!A:C,3,0) -> ASA
A50: =INT(Tabela1[[#This Row],[Data e Hora2]]) -> 46244 | B50: =UPPER(TEXT(Tabela1[[#This Row],[Data Corrigida]],"MMM")) -> AGO | C50: 6a7ab139f77da7ef00271bf1 | D50: 10/08/2026 22:43:22 | E50: 11/08/2026 02:20:57 | F50: Ranieli | G50: 10/08/2026 | H50: Turno 2 | I50: JOSEFA KELY NUNES DE SOUSA | J50: 15105 | K50: 1004 | L50: 1157 | M50: 1033 | N50: 1023 | O50: 1024 | P50: 1022 | Q50: 1006 | R50: 1013 | S50: 1042 | T50: 1007 | U50: 1033.1 | W50: assinatura | X50: 324 | Y50: =VLOOKUP(Tabela1[[#This Row],[SKU]],SKU!A:D,4,0) -> 1000 | Z50: =IFERROR((Tabela1[[#This Row],[Média]]-Tabela1[[#This Row],[Meta]])/Tabela1[[#This Row],[Meta]],"") -> 0.0331 | AA50: =Tabela1[[#This Row],[Média]]-Tabela1[[#This Row],[Meta]] -> 33.1 | AB50: =VLOOKUP(Tabela1[[#This Row],[SKU]],SKU!A:B,2,0) -> FILE PEITO MET CG BDJ SE | AC50: =VLOOKUP(Tabela1[[#This Row],[SKU]],SKU!A:C,3,0) -> PEITO
A51: =INT(Tabela1[[#This Row],[Data e Hora2]]) -> 46244 | B51: =UPPER(TEXT(Tabela1[[#This Row],[Data Corrigida]],"MMM")) -> AGO | C51: 6a7ab13af77da7ef00271bfd | D51: 10/08/2026 23:51:21 | E51: 11/08/2026 02:20:58 | F51: Ranieli | G51: 10/08/2026 | H51: Turno 2 | I51: JOSEFA KELY NUNES DE SOUSA | J51: 792799 | K51: 15055 | L51: 15040 | M51: 15025 | N51: 15045 | O51: 15040 | P51: 15035 | Q51: 15030 | R51: 15030 | S51: 15060 | T51: 15045 | U51: 15040.5 | W51: assinatura | X51: 3543 | Y51: =VLOOKUP(Tabela1[[#This Row],[SKU]],SKU!A:D,4,0) -> 15000 | Z51: =IFERROR((Tabela1[[#This Row],[Média]]-Tabela1[[#This Row],[Meta]])/Tabela1[[#This Row],[Meta]],"") -> 0.0027 | AA51: =Tabela1[[#This Row],[Média]]-Tabela1[[#This Row],[Meta]] -> 40.5 | AB51: =VLOOKUP(Tabela1[[#This Row],[SKU]],SKU!A:B,2,0) -> ASAS FG 100g UP LP | AC51: =VLOOKUP(Tabela1[[#This Row],[SKU]],SKU!A:C,3,0) -> ASA
A52: =INT(Tabela1[[#This Row],[Data e Hora2]]) -> 46244 | B52: =UPPER(TEXT(Tabela1[[#This Row],[Data Corrigida]],"MMM")) -> AGO | C52: 6a7ab13af77da7ef00271c03 | D52: 11/08/2026 00:50:53 | E52: 11/08/2026 02:20:58 | F52: Ranieli | G52: 10/08/2026 | H52: Turno 2 | I52: JOSEFA KELY NUNES DE SOUSA | J52: 40762 | K52: 9950 | L52: 9900 | M52: 9910 | N52: 10145 | O52: 9960 | P52: 10150 | Q52: 10235 | R52: 10170 | S52: 10045 | T52: 10030 | U52: 10049.5 | W52: assinatura | X52: 554 | Y52: =VLOOKUP(Tabela1[[#This Row],[SKU]],SKU!A:D,4,0) -> 10000 | Z52: =IFERROR((Tabela1[[#This Row],[Média]]-Tabela1[[#This Row],[Meta]])/Tabela1[[#This Row],[Meta]],"") -> 0.00495 | AA52: =Tabela1[[#This Row],[Média]]-Tabela1[[#This Row],[Meta]] -> 49.5 | AB52: =VLOOKUP(Tabela1[[#This Row],[SKU]],SKU!A:B,2,0) -> COXA SBCX LQ FG LP | AC52: =VLOOKUP(Tabela1[[#This Row],[SKU]],SKU!A:C,3,0) -> PERNA
A53: =INT(Tabela1[[#This Row],[Data e Hora2]]) -> 46244 | B53: =UPPER(TEXT(Tabela1[[#This Row],[Data Corrigida]],"MMM")) -> AGO | C53: 6a7ab13af77da7ef00271c09 | D53: 11/08/2026 01:00:09 | E53: 11/08/2026 02:20:58 | F53: Ranieli | G53: 10/08/2026 | H53: Turno 2 | J53: 13188 | K53: 1000 | L53: 1004 | M53: 997 | N53: 997 | O53: 1014 | P53: 993 | Q53: 1008 | R53: 997 | S53: 1012 | T53: 1009 | U53: 1003.1 | X53: 247 | Y53: =VLOOKUP(Tabela1[[#This Row],[SKU]],SKU!A:D,4,0) -> 1000 | Z53: =IFERROR((Tabela1[[#This Row],[Média]]-Tabela1[[#This Row],[Meta]])/Tabela1[[#This Row],[Meta]],"") -> 0.0031 | AA53: =Tabela1[[#This Row],[Média]]-Tabela1[[#This Row],[Meta]] -> 3.1 | AB53: =VLOOKUP(Tabela1[[#This Row],[SKU]],SKU!A:B,2,0) -> SOBRECOXA CG BDJ SE | AC53: =VLOOKUP(Tabela1[[#This Row],[SKU]],SKU!A:C,3,0) -> PERNA
A54: =INT(Tabela1[[#This Row],[Data e Hora2]]) -> 46244 | B54: =UPPER(TEXT(Tabela1[[#This Row],[Data Corrigida]],"MMM")) -> AGO | C54: 6a7ab13af77da7ef00271c0f | D54: 11/08/2026 01:04:22 | E54: 11/08/2026 02:20:58 | F54: Ranieli | G54: 10/08/2026 | H54: Turno 2 | I54: JOSEFA KELY NUNES DE SOUSA | J54: 992014 | K54: 702 | L54: 700 | M54: 704 | N54: 709 | O54: 707 | P54: 703 | Q54: 709 | R54: 699 | S54: 698 | T54: 700 | U54: 703.1 | X54: 2890 | Y54: =VLOOKUP(Tabela1[[#This Row],[SKU]],SKU!A:D,4,0) -> 700 | Z54: =IFERROR((Tabela1[[#This Row],[Média]]-Tabela1[[#This Row],[Meta]])/Tabela1[[#This Row],[Meta]],"") -> 0.0044285714 | AA54: =Tabela1[[#This Row],[Média]]-Tabela1[[#This Row],[Meta]] -> 3.1 | AB54: =VLOOKUP(Tabela1[[#This Row],[SKU]],SKU!A:B,2,0) -> OSTRINHA CG PCT 700G SWIFT | AC54: =VLOOKUP(Tabela1[[#This Row],[SKU]],SKU!A:C,3,0) -> PERNA
A55: =INT(Tabela1[[#This Row],[Data e Hora2]]) -> 46253 | B55: =UPPER(TEXT(Tabela1[[#This Row],[Data Corrigida]],"MMM")) -> AGO | C55: 6a85b1dd0ee09dfd59469dfd | D55: 19/08/2026 09:00:11 | E55: 19/08/2026 10:38:37 | F55: Ranieli | G55: 19/08/2026 | H55: Turno 1 | I55: ALANA DA SILVA MARTINS | J55: 963925 | K55: 18225 | L55: 18160 | M55: 18075 | N55: 18390 | O55: 18150 | P55: 18150 | Q55: 18015 | R55: 18005 | S55: 18180 | T55: 18035 | U55: 18138.5 | W55: assinatura | X55: 1068 | Y55: =VLOOKUP(Tabela1[[#This Row],[SKU]],SKU!A:D,4,0) -> 18000 | Z55: =IFERROR((Tabela1[[#This Row],[Média]]-Tabela1[[#This Row],[Meta]])/Tabela1[[#This Row],[Meta]],"") -> 0.0076944444 | AA55: =Tabela1[[#This Row],[Média]]-Tabela1[[#This Row],[Meta]] -> 138.5 | AB55: =VLOOKUP(Tabela1[[#This Row],[SKU]],SKU!A:B,2,0) -> COXINHA DA ASA FG CG PCT | AC55: =VLOOKUP(Tabela1[[#This Row],[SKU]],SKU!A:C,3,0) -> ASA
A56: =INT(Tabela1[[#This Row],[Data e Hora2]]) -> 46245 | B56: =UPPER(TEXT(Tabela1[[#This Row],[Data Corrigida]],"MMM")) -> AGO | C56: 6a7b0eccb557e8f899eab1a4 | D56: 11/08/2026 08:54:44 | E56: 11/08/2026 09:00:12 | F56: Ranieli | G56: 11/08/2026 | H56: Turno 1 | I56: RANIELI MARIA MASQUIETI DOURADO | J56: 18228 | K56: 1010 | L56: 1000 | M56: 1001 | N56: 1002 | O56: 1002 | P56: 999 | Q56: 1001 | R56: 1007 | S56: 1010 | T56: 1009 | U56: 1004.1 | W56: assinatura | X56: 314 | Y56: =VLOOKUP(Tabela1[[#This Row],[SKU]],SKU!A:D,4,0) -> 1000 | Z56: =IFERROR((Tabela1[[#This Row],[Média]]-Tabela1[[#This Row],[Meta]])/Tabela1[[#This Row],[Meta]],"") -> 0.0041 | AA56: =Tabela1[[#This Row],[Média]]-Tabela1[[#This Row],[Meta]] -> 4.1 | AB56: =VLOOKUP(Tabela1[[#This Row],[SKU]],SKU!A:B,2,0) -> MOELA FRANGO CG ALM SE | AC56: =VLOOKUP(Tabela1[[#This Row],[SKU]],SKU!A:C,3,0) -> MOELA
A57: =INT(Tabela1[[#This Row],[Data e Hora2]]) -> 46254 | B57: =UPPER(TEXT(Tabela1[[#This Row],[Data Corrigida]],"MMM")) -> AGO | C57: 6a8726a4d21019c032fd9738 | D57: 20/08/2026 12:36:41 | E57: 20/08/2026 13:09:08 | F57: Ranieli | G57: 20/08/2026 | H57: Turno 1 | I57: ALANA DA SILVA MARTINS | J57: 18228 | K57: 1014 | L57: 1010 | M57: 1005 | N57: 1019 | O57: 1005 | P57: 1007 | Q57: 1010 | R57: 1025 | S57: 1014 | T57: 1012 | U57: 1012.1 | W57: assinatura | X57: 741 | Y57: =VLOOKUP(Tabela1[[#This Row],[SKU]],SKU!A:D,4,0) -> 1000 | Z57: =IFERROR((Tabela1[[#This Row],[Média]]-Tabela1[[#This Row],[Meta]])/Tabela1[[#This Row],[Meta]],"") -> 0.0121 | AA57: =Tabela1[[#This Row],[Média]]-Tabela1[[#This Row],[Meta]] -> 12.1 | AB57: =VLOOKUP(Tabela1[[#This Row],[SKU]],SKU!A:B,2,0) -> MOELA FRANGO CG ALM SE | AC57: =VLOOKUP(Tabela1[[#This Row],[SKU]],SKU!A:C,3,0) -> MOELA
A58: =INT(Tabela1[[#This Row],[Data e Hora2]]) -> 46245 | B58: =UPPER(TEXT(Tabela1[[#This Row],[Data Corrigida]],"MMM")) -> AGO | C58: 6a7c03a8f77da7ef002a6210 | D58: 11/08/2026 17:56:05 | E58: 12/08/2026 02:24:56 | F58: Ranieli | G58: 11/08/2026 | H58: Turno 2 | I58: JOSEFA KELY NUNES DE SOUSA | J58: 15105 | K58: 1027 | L58: 1042 | M58: 1031 | N58: 1062 | O58: 1003 | P58: 1063 | Q58: 1029 | R58: 1031 | S58: 1028 | T58: 1025 | U58: 1034.1 | W58: assinatura | X58: 417 | Y58: =VLOOKUP(Tabela1[[#This Row],[SKU]],SKU!A:D,4,0) -> 1000 | Z58: =IFERROR((Tabela1[[#This Row],[Média]]-Tabela1[[#This Row],[Meta]])/Tabela1[[#This Row],[Meta]],"") -> 0.0341 | AA58: =Tabela1[[#This Row],[Média]]-Tabela1[[#This Row],[Meta]] -> 34.1 | AB58: =VLOOKUP(Tabela1[[#This Row],[SKU]],SKU!A:B,2,0) -> FILE PEITO MET CG BDJ SE | AC58: =VLOOKUP(Tabela1[[#This Row],[SKU]],SKU!A:C,3,0) -> PEITO
A59: =INT(Tabela1[[#This Row],[Data e Hora2]]) -> 46245 | B59: =UPPER(TEXT(Tabela1[[#This Row],[Data Corrigida]],"MMM")) -> AGO | C59: 6a7c03a8f77da7ef002a6216 | D59: 11/08/2026 18:03:10 | E59: 12/08/2026 02:24:56 | F59: Ranieli | G59: 11/08/2026 | H59: Turno 2 | I59: JOSEFA KELY NUNES DE SOUSA | J59: 958611 | K59: 999 | L59: 1012 | M59: 1013 | N59: 1014 | O59: 1002 | P59: 1000 | Q59: 1017 | R59: 996 | S59: 1012 | T59: 1015 | U59: 1008 | W59: assinatura | X59: 832 | Y59: =VLOOKUP(Tabela1[[#This Row],[SKU]],SKU!A:D,4,0) -> 1000 | Z59: =IFERROR((Tabela1[[#This Row],[Média]]-Tabela1[[#This Row],[Meta]])/Tabela1[[#This Row],[Meta]],"") -> 0.008 | AA59: =Tabela1[[#This Row],[Média]]-Tabela1[[#This Row],[Meta]] -> 8 | AB59: =VLOOKUP(Tabela1[[#This Row],[SKU]],SKU!A:B,2,0) -> MEIO DA ASA IQF | AC59: =VLOOKUP(Tabela1[[#This Row],[SKU]],SKU!A:C,3,0) -> ASA
A60: =INT(Tabela1[[#This Row],[Data e Hora2]]) -> 46245 | B60: =UPPER(TEXT(Tabela1[[#This Row],[Data Corrigida]],"MMM")) -> AGO | C60: 6a7c03a8f77da7ef002a621c | D60: 11/08/2026 18:17:04 | E60: 12/08/2026 02:24:56 | F60: Ranieli | G60: 11/08/2026 | H60: Turno 2 | I60: JOSEFA KELY NUNES DE SOUSA | J60: 992093 | K60: 5019 | L60: 5017 | M60: 5017 | N60: 5021 | O60: 5018 | P60: 5008 | Q60: 5002 | R60: 5022 | S60: 5015 | T60: 5011 | U60: 5015 | X60: 1120 | Y60: =VLOOKUP(Tabela1[[#This Row],[SKU]],SKU!A:D,4,0) -> 5000 | Z60: =IFERROR((Tabela1[[#This Row],[Média]]-Tabela1[[#This Row],[Meta]])/Tabela1[[#This Row],[Meta]],"") -> 0.003 | AA60: =Tabela1[[#This Row],[Média]]-Tabela1[[#This Row],[Meta]] -> 15 | AB60: =VLOOKUP(Tabela1[[#This Row],[SKU]],SKU!A:B,2,0) -> PONTA ASA FG PB CG | AC60: =VLOOKUP(Tabela1[[#This Row],[SKU]],SKU!A:C,3,0) -> ASA
A61: =INT(Tabela1[[#This Row],[Data e Hora2]]) -> 46245 | B61: =UPPER(TEXT(Tabela1[[#This Row],[Data Corrigida]],"MMM")) -> AGO | C61: 6a7c03a8f77da7ef002a6222 | D61: 11/08/2026 18:35:47 | E61: 12/08/2026 02:24:56 | F61: Ranieli | G61: 11/08/2026 | H61: Turno 2 | I61: JOSEFA KELY NUNES DE SOUSA | J61: 42838 | K61: 2016 | L61: 2002 | M61: 2064 | N61: 2029 | O61: 2002 | P61: 2059 | Q61: 2035 | R61: 2057 | S61: 2028 | T61: 2074 | U61: 2036.6 | W61: assinatura | X61: 716 | Y61: =VLOOKUP(Tabela1[[#This Row],[SKU]],SKU!A:D,4,0) -> 2000 | Z61: =IFERROR((Tabela1[[#This Row],[Média]]-Tabela1[[#This Row],[Meta]])/Tabela1[[#This Row],[Meta]],"") -> 0.0183 | AA61: =Tabela1[[#This Row],[Média]]-Tabela1[[#This Row],[Meta]] -> 36.6 | AB61: =VLOOKUP(Tabela1[[#This Row],[SKU]],SKU!A:B,2,0) -> COXA SBCX S/O FG 220-240g PB | AC61: =VLOOKUP(Tabela1[[#This Row],[SKU]],SKU!A:C,3,0) -> PERNA
A62: =INT(Tabela1[[#This Row],[Data e Hora2]]) -> 46245 | B62: =UPPER(TEXT(Tabela1[[#This Row],[Data Corrigida]],"MMM")) -> AGO | C62: 6a7c03a8f77da7ef002a6228 | D62: 11/08/2026 18:47:45 | E62: 12/08/2026 02:24:56 | F62: Ranieli | G62: 11/08/2026 | H62: Turno 2 | I62: JOSEFA KELY NUNES DE SOUSA | J62: 42854 | K62: 1998 | L62: 2090 | M62: 2101 | N62: 2001 | O62: 2115 | P62: 1997 | Q62: 2133 | R62: 2147 | S62: 2119 | T62: 2100 | U62: 2080.1 | X62: 138 | Y62: =VLOOKUP(Tabela1[[#This Row],[SKU]],SKU!A:D,4,0) -> 2080 | Z62: =IFERROR((Tabela1[[#This Row],[Média]]-Tabela1[[#This Row],[Meta]])/Tabela1[[#This Row],[Meta]],"") -> 4.8076923e-05 | AA62: =Tabela1[[#This Row],[Média]]-Tabela1[[#This Row],[Meta]] -> 0.1 | AB62: =VLOOKUP(Tabela1[[#This Row],[SKU]],SKU!A:B,2,0) -> COXA SBCX S/O FG 260-280g PB | AC62: =VLOOKUP(Tabela1[[#This Row],[SKU]],SKU!A:C,3,0) -> PERNA
A63: =INT(Tabela1[[#This Row],[Data e Hora2]]) -> 46245 | B63: =UPPER(TEXT(Tabela1[[#This Row],[Data Corrigida]],"MMM")) -> AGO | C63: 6a7c03a8f77da7ef002a622e | D63: 11/08/2026 18:50:05 | E63: 12/08/2026 02:24:56 | F63: Ranieli | G63: 11/08/2026 | H63: Turno 2 | I63: JOSEFA KELY NUNES DE SOUSA | J63: 42846 | K63: 2008 | L63: 2010 | M63: 2010 | N63: 2004 | O63: 2033 | P63: 2027 | Q63: 2010 | R63: 2009 | S63: 2013 | T63: 2010 | U63: 2013.4 | X63: 181 | Y63: =VLOOKUP(Tabela1[[#This Row],[SKU]],SKU!A:D,4,0) -> 2000 | Z63: =IFERROR((Tabela1[[#This Row],[Média]]-Tabela1[[#This Row],[Meta]])/Tabela1[[#This Row],[Meta]],"") -> 0.0067 | AA63: =Tabela1[[#This Row],[Média]]-Tabela1[[#This Row],[Meta]] -> 13.4 | AB63: =VLOOKUP(Tabela1[[#This Row],[SKU]],SKU!A:B,2,0) -> COXA SBCX S/O FG 240-260g PB | AC63: =VLOOKUP(Tabela1[[#This Row],[SKU]],SKU!A:C,3,0) -> PERNA
A64: =INT(Tabela1[[#This Row],[Data e Hora2]]) -> 46245 | B64: =UPPER(TEXT(Tabela1[[#This Row],[Data Corrigida]],"MMM")) -> AGO | C64: 6a7c03a8f77da7ef002a6234 | D64: 11/08/2026 18:53:08 | E64: 12/08/2026 02:24:56 | F64: Ranieli | G64: 11/08/2026 | H64: Turno 2 | I64: JOSEFA KELY NUNES DE SOUSA | J64: 42862 | K64: 2025 | L64: 2020 | M64: 2027 | N64: 2004 | O64: 2025 | P64: 1993 | Q64: 1996 | R64: 2009 | S64: 2041 | T64: 2003 | U64: 2014.3 | X64: 139 | Y64: =VLOOKUP(Tabela1[[#This Row],[SKU]],SKU!A:D,4,0) -> 2000 | Z64: =IFERROR((Tabela1[[#This Row],[Média]]-Tabela1[[#This Row],[Meta]])/Tabela1[[#This Row],[Meta]],"") -> 0.00715 | AA64: =Tabela1[[#This Row],[Média]]-Tabela1[[#This Row],[Meta]] -> 14.3 | AB64: =VLOOKUP(Tabela1[[#This Row],[SKU]],SKU!A:B,2,0) -> COXA SBCX S/O FG 280-300g PB | AC64: =VLOOKUP(Tabela1[[#This Row],[SKU]],SKU!A:C,3,0) -> PERNA
A65: =INT(Tabela1[[#This Row],[Data e Hora2]]) -> 46245 | B65: =UPPER(TEXT(Tabela1[[#This Row],[Data Corrigida]],"MMM")) -> AGO | C65: 6a7c03a8f77da7ef002a623a | D65: 11/08/2026 18:55:30 | E65: 12/08/2026 02:24:56 | F65: Ranieli | G65: 11/08/2026 | H65: Turno 2 | I65: JOSEFA KELY NUNES DE SOUSA | J65: 13188 | K65: 1028 | L65: 1017 | M65: 1011 | N65: 1023 | O65: 1004 | P65: 1033 | Q65: 1005 | R65: 1011 | S65: 1015 | T65: 1011 | U65: 1015.8 | X65: 280 | Y65: =VLOOKUP(Tabela1[[#This Row],[SKU]],SKU!A:D,4,0) -> 1000 | Z65: =IFERROR((Tabela1[[#This Row],[Média]]-Tabela1[[#This Row],[Meta]])/Tabela1[[#This Row],[Meta]],"") -> 0.0158 | AA65: =Tabela1[[#This Row],[Média]]-Tabela1[[#This Row],[Meta]] -> 15.8 | AB65: =VLOOKUP(Tabela1[[#This Row],[SKU]],SKU!A:B,2,0) -> SOBRECOXA CG BDJ SE | AC65: =VLOOKUP(Tabela1[[#This Row],[SKU]],SKU!A:C,3,0) -> PERNA
A66: =INT(Tabela1[[#This Row],[Data e Hora2]]) -> 46245 | B66: =UPPER(TEXT(Tabela1[[#This Row],[Data Corrigida]],"MMM")) -> AGO | C66: 6a7c03a9f77da7ef002a6252 | D66: 12/08/2026 00:07:33 | E66: 12/08/2026 02:24:57 | F66: Ranieli | G66: 11/08/2026 | H66: Turno 2 | I66: JOSEFA KELY NUNES DE SOUSA | J66: 15105 | K66: 1004 | L66: 1028 | M66: 1048 | N66: 1030 | O66: 1002 | P66: 1009 | Q66: 1021 | R66: 1040 | S66: 1011 | T66: 1008 | U66: 1020.1 | W66: assinatura | X66: 1125 | Y66: =VLOOKUP(Tabela1[[#This Row],[SKU]],SKU!A:D,4,0) -> 1000 | Z66: =IFERROR((Tabela1[[#This Row],[Média]]-Tabela1[[#This Row],[Meta]])/Tabela1[[#This Row],[Meta]],"") -> 0.0201 | AA66: =Tabela1[[#This Row],[Média]]-Tabela1[[#This Row],[Meta]] -> 20.1 | AB66: =VLOOKUP(Tabela1[[#This Row],[SKU]],SKU!A:B,2,0) -> FILE PEITO MET CG BDJ SE | AC66: =VLOOKUP(Tabela1[[#This Row],[SKU]],SKU!A:C,3,0) -> PEITO
A67: =INT(Tabela1[[#This Row],[Data e Hora2]]) -> 46245 | B67: =UPPER(TEXT(Tabela1[[#This Row],[Data Corrigida]],"MMM")) -> AGO | C67: 6a7c03a9f77da7ef002a6258 | D67: 12/08/2026 00:26:21 | E67: 12/08/2026 02:24:57 | F67: Ranieli | G67: 11/08/2026 | H67: Turno 2 | I67: JOSEFA KELY NUNES DE SOUSA | J67: 15229 | K67: 1001 | L67: 1005 | M67: 1008 | N67: 1000 | O67: 1026 | P67: 1004 | Q67: 1005 | R67: 1003 | S67: 1015 | T67: 1005 | U67: 1007.2 | W67: assinatura | X67: 388 | Y67: =VLOOKUP(Tabela1[[#This Row],[SKU]],SKU!A:D,4,0) -> 1000 | Z67: =IFERROR((Tabela1[[#This Row],[Média]]-Tabela1[[#This Row],[Meta]])/Tabela1[[#This Row],[Meta]],"") -> 0.0072 | AA67: =Tabela1[[#This Row],[Média]]-Tabela1[[#This Row],[Meta]] -> 7.2 | AB67: =VLOOKUP(Tabela1[[#This Row],[SKU]],SKU!A:B,2,0) -> COXA CG BDJ SE | AC67: =VLOOKUP(Tabela1[[#This Row],[SKU]],SKU!A:C,3,0) -> PERNA
A68: =INT(Tabela1[[#This Row],[Data e Hora2]]) -> 46245 | B68: =UPPER(TEXT(Tabela1[[#This Row],[Data Corrigida]],"MMM")) -> AGO | C68: 6a7c03a9f77da7ef002a625e | D68: 12/08/2026 00:32:52 | E68: 12/08/2026 02:24:57 | F68: Ranieli | G68: 11/08/2026 | H68: Turno 2 | I68: JOSEFA KELY NUNES DE SOUSA | J68: 40762 | K68: 10205 | L68: 10085 | M68: 10160 | N68: 10120 | O68: 10105 | P68: 9985 | Q68: 10100 | R68: 10150 | S68: 10125 | T68: 10080 | U68: 10111.5 | X68: 540 | Y68: =VLOOKUP(Tabela1[[#This Row],[SKU]],SKU!A:D,4,0) -> 10000 | Z68: =IFERROR((Tabela1[[#This Row],[Média]]-Tabela1[[#This Row],[Meta]])/Tabela1[[#This Row],[Meta]],"") -> 0.01115 | AA68: =Tabela1[[#This Row],[Média]]-Tabela1[[#This Row],[Meta]] -> 111.5 | AB68: =VLOOKUP(Tabela1[[#This Row],[SKU]],SKU!A:B,2,0) -> COXA SBCX LQ FG LP | AC68: =VLOOKUP(Tabela1[[#This Row],[SKU]],SKU!A:C,3,0) -> PERNA
A69: =INT(Tabela1[[#This Row],[Data e Hora2]]) -> 46246 | B69: =UPPER(TEXT(Tabela1[[#This Row],[Data Corrigida]],"MMM")) -> AGO | C69: 6a7d4daf8646cdc8463d56d3 | D69: 12/08/2026 17:47:29 | E69: 13/08/2026 01:53:03 | F69: Ranieli | G69: 12/08/2026 | H69: Turno 2 | I69: JOSEFA KELY NUNES DE SOUSA | J69: 15105 | K69: 1018 | L69: 1010 | M69: 1018 | N69: 1016 | O69: 992 | P69: 1006 | Q69: 1023 | R69: 1059 | S69: 1015 | T69: 939 | U69: 1009.6 | W69: assinatura | X69: 234 | Y69: =VLOOKUP(Tabela1[[#This Row],[SKU]],SKU!A:D,4,0) -> 1000 | Z69: =IFERROR((Tabela1[[#This Row],[Média]]-Tabela1[[#This Row],[Meta]])/Tabela1[[#This Row],[Meta]],"") -> 0.0096 | AA69: =Tabela1[[#This Row],[Média]]-Tabela1[[#This Row],[Meta]] -> 9.6 | AB69: =VLOOKUP(Tabela1[[#This Row],[SKU]],SKU!A:B,2,0) -> FILE PEITO MET CG BDJ SE | AC69: =VLOOKUP(Tabela1[[#This Row],[SKU]],SKU!A:C,3,0) -> PEITO
A70: =INT(Tabela1[[#This Row],[Data e Hora2]]) -> 46246 | B70: =UPPER(TEXT(Tabela1[[#This Row],[Data Corrigida]],"MMM")) -> AGO | C70: 6a7d4daf8646cdc8463d56d9 | D70: 12/08/2026 17:51:25 | E70: 13/08/2026 01:53:03 | F70: Ranieli | G70: 12/08/2026 | H70: Turno 2 | I70: JOSEFA KELY NUNES DE SOUSA | J70: 992093 | K70: 5015 | L70: 5018 | M70: 5019 | N70: 5024 | O70: 5015 | P70: 5019 | Q70: 5014 | R70: 5020 | S70: 5008 | T70: 5012 | U70: 5016.4 | W70: assinatura | X70: 322 | Y70: =VLOOKUP(Tabela1[[#This Row],[SKU]],SKU!A:D,4,0) -> 5000 | Z70: =IFERROR((Tabela1[[#This Row],[Média]]-Tabela1[[#This Row],[Meta]])/Tabela1[[#This Row],[Meta]],"") -> 0.00328 | AA70: =Tabela1[[#This Row],[Média]]-Tabela1[[#This Row],[Meta]] -> 16.4 | AB70: =VLOOKUP(Tabela1[[#This Row],[SKU]],SKU!A:B,2,0) -> PONTA ASA FG PB CG | AC70: =VLOOKUP(Tabela1[[#This Row],[SKU]],SKU!A:C,3,0) -> ASA
A71: =INT(Tabela1[[#This Row],[Data e Hora2]]) -> 46246 | B71: =UPPER(TEXT(Tabela1[[#This Row],[Data Corrigida]],"MMM")) -> AGO | C71: 6a7d4daf8646cdc8463d56df | D71: 12/08/2026 17:56:49 | E71: 13/08/2026 01:53:03 | F71: Ranieli | G71: 12/08/2026 | H71: Turno 2 | J71: 42854 | K71: 2125 | L71: 2115 | M71: 2077 | N71: 2155 | O71: 2092 | P71: 2141 | Q71: 1885 | R71: 2111 | S71: 2074 | T71: 2149 | U71: 2092.4 | W71: assinatura | X71: 800 | Y71: =VLOOKUP(Tabela1[[#This Row],[SKU]],SKU!A:D,4,0) -> 2080 | Z71: =IFERROR((Tabela1[[#This Row],[Média]]-Tabela1[[#This Row],[Meta]])/Tabela1[[#This Row],[Meta]],"") -> 0.0059615385 | AA71: =Tabela1[[#This Row],[Média]]-Tabela1[[#This Row],[Meta]] -> 12.4 | AB71: =VLOOKUP(Tabela1[[#This Row],[SKU]],SKU!A:B,2,0) -> COXA SBCX S/O FG 260-280g PB | AC71: =VLOOKUP(Tabela1[[#This Row],[SKU]],SKU!A:C,3,0) -> PERNA
A72: =INT(Tabela1[[#This Row],[Data e Hora2]]) -> 46246 | B72: =UPPER(TEXT(Tabela1[[#This Row],[Data Corrigida]],"MMM")) -> AGO | C72: 6a7d4daf8646cdc8463d56e5 | D72: 12/08/2026 18:10:11 | E72: 13/08/2026 01:53:03 | F72: Ranieli | G72: 12/08/2026 | H72: Turno 2 | I72: JOSEFA KELY NUNES DE SOUSA | J72: 42838 | K72: 2095 | L72: 2010 | M72: 2163 | N72: 2019 | O72: 2030 | P72: 2090 | Q72: 2030 | R72: 2014 | S72: 2068 | T72: 2035 | U72: 2055.4 | X72: 145 | Y72: =VLOOKUP(Tabela1[[#This Row],[SKU]],SKU!A:D,4,0) -> 2000 | Z72: =IFERROR((Tabela1[[#This Row],[Média]]-Tabela1[[#This Row],[Meta]])/Tabela1[[#This Row],[Meta]],"") -> 0.0277 | AA72: =Tabela1[[#This Row],[Média]]-Tabela1[[#This Row],[Meta]] -> 55.4 | AB72: =VLOOKUP(Tabela1[[#This Row],[SKU]],SKU!A:B,2,0) -> COXA SBCX S/O FG 220-240g PB | AC72: =VLOOKUP(Tabela1[[#This Row],[SKU]],SKU!A:C,3,0) -> PERNA
A73: =INT(Tabela1[[#This Row],[Data e Hora2]]) -> 46246 | B73: =UPPER(TEXT(Tabela1[[#This Row],[Data Corrigida]],"MMM")) -> AGO | C73: 6a7d4daf8646cdc8463d56eb | D73: 12/08/2026 18:12:38 | E73: 13/08/2026 01:53:03 | F73: Ranieli | G73: 12/08/2026 | H73: Turno 2 | I73: JOSEFA KELY NUNES DE SOUSA | J73: 42862 | K73: 2010 | L73: 2022 | M73: 2042 | N73: 1934 | O73: 2015 | P73: 2023 | Q73: 2278 | R73: 2014 | S73: 2009 | T73: 2056 | U73: 2040.3 | X73: 129 | Y73: =VLOOKUP(Tabela1[[#This Row],[SKU]],SKU!A:D,4,0) -> 2000 | Z73: =IFERROR((Tabela1[[#This Row],[Média]]-Tabela1[[#This Row],[Meta]])/Tabela1[[#This Row],[Meta]],"") -> 0.02015 | AA73: =Tabela1[[#This Row],[Média]]-Tabela1[[#This Row],[Meta]] -> 40.3 | AB73: =VLOOKUP(Tabela1[[#This Row],[SKU]],SKU!A:B,2,0) -> COXA SBCX S/O FG 280-300g PB | AC73: =VLOOKUP(Tabela1[[#This Row],[SKU]],SKU!A:C,3,0) -> PERNA
A74: =INT(Tabela1[[#This Row],[Data e Hora2]]) -> 46246 | B74: =UPPER(TEXT(Tabela1[[#This Row],[Data Corrigida]],"MMM")) -> AGO | C74: 6a7d4daf8646cdc8463d56f1 | D74: 12/08/2026 18:14:49 | E74: 13/08/2026 01:53:03 | F74: Ranieli | G74: 12/08/2026 | H74: Turno 2 | I74: JOSEFA KELY NUNES DE SOUSA | J74: 42820 | K74: 1885 | L74: 2009 | M74: 2014 | N74: 2046 | O74: 2025 | P74: 2014 | Q74: 2047 | R74: 2025 | S74: 2003 | T74: 2007 | U74: 2007.5 | X74: 126 | Y74: =VLOOKUP(Tabela1[[#This Row],[SKU]],SKU!A:D,4,0) -> 2000 | Z74: =IFERROR((Tabela1[[#This Row],[Média]]-Tabela1[[#This Row],[Meta]])/Tabela1[[#This Row],[Meta]],"") -> 0.00375 | AA74: =Tabela1[[#This Row],[Média]]-Tabela1[[#This Row],[Meta]] -> 7.5 | AB74: =VLOOKUP(Tabela1[[#This Row],[SKU]],SKU!A:B,2,0) -> COXA SBCX S/O FG 200-220g PB | AC74: =VLOOKUP(Tabela1[[#This Row],[SKU]],SKU!A:C,3,0) -> PERNA
A75: =INT(Tabela1[[#This Row],[Data e Hora2]]) -> 46246 | B75: =UPPER(TEXT(Tabela1[[#This Row],[Data Corrigida]],"MMM")) -> AGO | C75: 6a7d4daf8646cdc8463d56f7 | D75: 12/08/2026 18:16:59 | E75: 13/08/2026 01:53:03 | F75: Ranieli | G75: 12/08/2026 | H75: Turno 2 | I75: JOSEFA KELY NUNES DE SOUSA | J75: 13188 | K75: 1011 | L75: 1001 | M75: 996 | N75: 1008 | O75: 1019 | P75: 1029 | Q75: 1016 | R75: 1006 | S75: 1022 | T75: 1026 | U75: 1013.4 | X75: 361 | Y75: =VLOOKUP(Tabela1[[#This Row],[SKU]],SKU!A:D,4,0) -> 1000 | Z75: =IFERROR((Tabela1[[#This Row],[Média]]-Tabela1[[#This Row],[Meta]])/Tabela1[[#This Row],[Meta]],"") -> 0.0134 | AA75: =Tabela1[[#This Row],[Média]]-Tabela1[[#This Row],[Meta]] -> 13.4 | AB75: =VLOOKUP(Tabela1[[#This Row],[SKU]],SKU!A:B,2,0) -> SOBRECOXA CG BDJ SE | AC75: =VLOOKUP(Tabela1[[#This Row],[SKU]],SKU!A:C,3,0) -> PERNA
A76: =INT(Tabela1[[#This Row],[Data e Hora2]]) -> 46246 | B76: =UPPER(TEXT(Tabela1[[#This Row],[Data Corrigida]],"MMM")) -> AGO | C76: 6a7d4daf8646cdc8463d56fd | D76: 12/08/2026 18:23:01 | E76: 13/08/2026 01:53:03 | F76: Ranieli | G76: 12/08/2026 | H76: Turno 2 | J76: 15229 | K76: 1005 | L76: 1048 | M76: 1012 | N76: 1027 | O76: 995 | P76: 1003 | Q76: 1045 | R76: 944 | S76: 1000 | T76: 948 | U76: 1002.7 | X76: 200 | Y76: =VLOOKUP(Tabela1[[#This Row],[SKU]],SKU!A:D,4,0) -> 1000 | Z76: =IFERROR((Tabela1[[#This Row],[Média]]-Tabela1[[#This Row],[Meta]])/Tabela1[[#This Row],[Meta]],"") -> 0.0027 | AA76: =Tabela1[[#This Row],[Média]]-Tabela1[[#This Row],[Meta]] -> 2.7 | AB76: =VLOOKUP(Tabela1[[#This Row],[SKU]],SKU!A:B,2,0) -> COXA CG BDJ SE | AC76: =VLOOKUP(Tabela1[[#This Row],[SKU]],SKU!A:C,3,0) -> PERNA
A77: =INT(Tabela1[[#This Row],[Data e Hora2]]) -> 46246 | B77: =UPPER(TEXT(Tabela1[[#This Row],[Data Corrigida]],"MMM")) -> AGO | C77: 6a7d4daf8646cdc8463d5711 | D77: 12/08/2026 22:30:36 | E77: 13/08/2026 01:53:03 | F77: Ranieli | G77: 12/08/2026 | H77: Turno 2 | I77: JOSEFA KELY NUNES DE SOUSA | J77: 15105 | K77: 1006 | L77: 1043 | M77: 1001 | N77: 997 | O77: 996 | P77: 1046 | Q77: 1004 | R77: 1022 | S77: 1049 | T77: 1052 | U77: 1021.6 | W77: assinatura | X77: 206 | Y77: =VLOOKUP(Tabela1[[#This Row],[SKU]],SKU!A:D,4,0) -> 1000 | Z77: =IFERROR((Tabela1[[#This Row],[Média]]-Tabela1[[#This Row],[Meta]])/Tabela1[[#This Row],[Meta]],"") -> 0.0216 | AA77: =Tabela1[[#This Row],[Média]]-Tabela1[[#This Row],[Meta]] -> 21.6 | AB77: =VLOOKUP(Tabela1[[#This Row],[SKU]],SKU!A:B,2,0) -> FILE PEITO MET CG BDJ SE | AC77: =VLOOKUP(Tabela1[[#This Row],[SKU]],SKU!A:C,3,0) -> PEITO
A78: =INT(Tabela1[[#This Row],[Data e Hora2]]) -> 46246 | B78: =UPPER(TEXT(Tabela1[[#This Row],[Data Corrigida]],"MMM")) -> AGO | C78: 6a7d4daf8646cdc8463d5717 | D78: 12/08/2026 22:34:06 | E78: 13/08/2026 01:53:03 | F78: Ranieli | G78: 12/08/2026 | H78: Turno 2 | I78: JOSEFA KELY NUNES DE SOUSA | J78: 197815 | K78: 1003 | L78: 1002 | M78: 999 | N78: 1003 | O78: 1006 | P78: 997 | Q78: 1002 | R78: 996 | S78: 1001 | T78: 997 | U78: 1000.6 | W78: assinatura | X78: 419 | Y78: =VLOOKUP(Tabela1[[#This Row],[SKU]],SKU!A:D,4,0) -> 1000 | Z78: =IFERROR((Tabela1[[#This Row],[Média]]-Tabela1[[#This Row],[Meta]])/Tabela1[[#This Row],[Meta]],"") -> 0.0006 | AA78: =Tabela1[[#This Row],[Média]]-Tabela1[[#This Row],[Meta]] -> 0.6 | AB78: =VLOOKUP(Tabela1[[#This Row],[SKU]],SKU!A:B,2,0) -> MEIO ASA CG BDJ SE | AC78: =VLOOKUP(Tabela1[[#This Row],[SKU]],SKU!A:C,3,0) -> ASA
A79: =INT(Tabela1[[#This Row],[Data e Hora2]]) -> 46246 | B79: =UPPER(TEXT(Tabela1[[#This Row],[Data Corrigida]],"MMM")) -> AGO | C79: 6a7d4daf8646cdc8463d5723 | D79: 13/08/2026 00:41:52 | E79: 13/08/2026 01:53:03 | F79: Ranieli | G79: 12/08/2026 | H79: Turno 2 | I79: JOSEFA KELY NUNES DE SOUSA | J79: 40762 | K79: 9850 | L79: 10060 | M79: 10080 | N79: 10025 | O79: 10075 | P79: 10105 | Q79: 9930 | R79: 9970 | S79: 10020 | T79: 9885 | U79: 10000 | W79: assinatura | X79: 1004 | Y79: =VLOOKUP(Tabela1[[#This Row],[SKU]],SKU!A:D,4,0) -> 10000 | Z79: =IFERROR((Tabela1[[#This Row],[Média]]-Tabela1[[#This Row],[Meta]])/Tabela1[[#This Row],[Meta]],"") -> 0 | AA79: =Tabela1[[#This Row],[Média]]-Tabela1[[#This Row],[Meta]] -> 0 | AB79: =VLOOKUP(Tabela1[[#This Row],[SKU]],SKU!A:B,2,0) -> COXA SBCX LQ FG LP | AC79: =VLOOKUP(Tabela1[[#This Row],[SKU]],SKU!A:C,3,0) -> PERNA
A80: =INT(Tabela1[[#This Row],[Data e Hora2]]) -> 46246 | B80: =UPPER(TEXT(Tabela1[[#This Row],[Data Corrigida]],"MMM")) -> AGO | C80: 6a7d4daf8646cdc8463d5729 | D80: 13/08/2026 00:58:38 | E80: 13/08/2026 01:53:03 | F80: Ranieli | G80: 12/08/2026 | H80: Turno 2 | I80: JOSEFA KELY NUNES DE SOUSA | J80: 792799 | K80: 15055 | L80: 15040 | M80: 15035 | N80: 15030 | O80: 15050 | P80: 15040 | Q80: 15085 | R80: 15030 | S80: 15080 | T80: 15110 | U80: 15055.5 | W80: assinatura | X80: 473 | Y80: =VLOOKUP(Tabela1[[#This Row],[SKU]],SKU!A:D,4,0) -> 15000 | Z80: =IFERROR((Tabela1[[#This Row],[Média]]-Tabela1[[#This Row],[Meta]])/Tabela1[[#This Row],[Meta]],"") -> 0.0037 | AA80: =Tabela1[[#This Row],[Média]]-Tabela1[[#This Row],[Meta]] -> 55.5 | AB80: =VLOOKUP(Tabela1[[#This Row],[SKU]],SKU!A:B,2,0) -> ASAS FG 100g UP LP | AC80: =VLOOKUP(Tabela1[[#This Row],[SKU]],SKU!A:C,3,0) -> ASA
A81: =INT(Tabela1[[#This Row],[Data e Hora2]]) -> 46247 | B81: =UPPER(TEXT(Tabela1[[#This Row],[Data Corrigida]],"MMM")) -> AGO | C81: 6a7ea367f68f6f3a4276ca95 | D81: 13/08/2026 17:28:08 | E81: 14/08/2026 02:11:03 | F81: Ranieli | G81: 13/08/2026 | H81: Turno 2 | I81: JOSEFA KELY NUNES DE SOUSA | J81: 15105 | K81: 1001 | L81: 995 | M81: 1048 | N81: 1020 | O81: 1044 | P81: 1005 | Q81: 1030 | R81: 1050 | S81: 1069 | T81: 988 | U81: 1025 | W81: assinatura | X81: 303 | Y81: =VLOOKUP(Tabela1[[#This Row],[SKU]],SKU!A:D,4,0) -> 1000 | Z81: =IFERROR((Tabela1[[#This Row],[Média]]-Tabela1[[#This Row],[Meta]])/Tabela1[[#This Row],[Meta]],"") -> 0.025 | AA81: =Tabela1[[#This Row],[Média]]-Tabela1[[#This Row],[Meta]] -> 25 | AB81: =VLOOKUP(Tabela1[[#This Row],[SKU]],SKU!A:B,2,0) -> FILE PEITO MET CG BDJ SE | AC81: =VLOOKUP(Tabela1[[#This Row],[SKU]],SKU!A:C,3,0) -> PEITO
A82: =INT(Tabela1[[#This Row],[Data e Hora2]]) -> 46247 | B82: =UPPER(TEXT(Tabela1[[#This Row],[Data Corrigida]],"MMM")) -> AGO | C82: 6a7ea367f68f6f3a4276ca9b | D82: 13/08/2026 17:56:04 | E82: 14/08/2026 02:11:03 | F82: Ranieli | G82: 13/08/2026 | H82: Turno 2 | I82: JOSEFA KELY NUNES DE SOUSA | J82: 42838 | K82: 2041 | L82: 2076 | M82: 2031 | N82: 2051 | O82: 2066 | P82: 2060 | Q82: 2029 | R82: 2014 | S82: 2050 | T82: 2036 | U82: 2045.4 | W82: assinatura | X82: 166 | Y82: =VLOOKUP(Tabela1[[#This Row],[SKU]],SKU!A:D,4,0) -> 2000 | Z82: =IFERROR((Tabela1[[#This Row],[Média]]-Tabela1[[#This Row],[Meta]])/Tabela1[[#This Row],[Meta]],"") -> 0.0227 | AA82: =Tabela1[[#This Row],[Média]]-Tabela1[[#This Row],[Meta]] -> 45.4 | AB82: =VLOOKUP(Tabela1[[#This Row],[SKU]],SKU!A:B,2,0) -> COXA SBCX S/O FG 220-240g PB | AC82: =VLOOKUP(Tabela1[[#This Row],[SKU]],SKU!A:C,3,0) -> PERNA
A83: =INT(Tabela1[[#This Row],[Data e Hora2]]) -> 46247 | B83: =UPPER(TEXT(Tabela1[[#This Row],[Data Corrigida]],"MMM")) -> AGO | C83: 6a7ea367f68f6f3a4276caa1 | D83: 13/08/2026 17:58:51 | E83: 14/08/2026 02:11:03 | F83: Ranieli | G83: 13/08/2026 | H83: Turno 2 | I83: JOSEFA KELY NUNES DE SOUSA | J83: 42846 | K83: 2049 | L83: 2098 | M83: 2013 | N83: 2011 | O83: 2013 | P83: 2010 | Q83: 2010 | R83: 2017 | S83: 2002 | T83: 2096 | U83: 2031.9 | X83: 326 | Y83: =VLOOKUP(Tabela1[[#This Row],[SKU]],SKU!A:D,4,0) -> 2000 | Z83: =IFERROR((Tabela1[[#This Row],[Média]]-Tabela1[[#This Row],[Meta]])/Tabela1[[#This Row],[Meta]],"") -> 0.01595 | AA83: =Tabela1[[#This Row],[Média]]-Tabela1[[#This Row],[Meta]] -> 31.9 | AB83: =VLOOKUP(Tabela1[[#This Row],[SKU]],SKU!A:B,2,0) -> COXA SBCX S/O FG 240-260g PB | AC83: =VLOOKUP(Tabela1[[#This Row],[SKU]],SKU!A:C,3,0) -> PERNA
A84: =INT(Tabela1[[#This Row],[Data e Hora2]]) -> 46246 | B84: =UPPER(TEXT(Tabela1[[#This Row],[Data Corrigida]],"MMM")) -> AGO | C84: 6a7ea367f68f6f3a4276caa7 | D84: 13/08/2026 18:04:18 | E84: 14/08/2026 02:11:03 | F84: Ranieli | G84: 12/08/2026 | H84: Turno 2 | I84: JOSEFA KELY NUNES DE SOUSA | J84: 42862 | K84: 2023 | L84: 2015 | M84: 2004 | N84: 2018 | O84: 2003 | P84: 2004 | Q84: 2005 | R84: 2013 | S84: 2019 | T84: 2063 | U84: 2016.7 | X84: 115 | Y84: =VLOOKUP(Tabela1[[#This Row],[SKU]],SKU!A:D,4,0) -> 2000 | Z84: =IFERROR((Tabela1[[#This Row],[Média]]-Tabela1[[#This Row],[Meta]])/Tabela1[[#This Row],[Meta]],"") -> 0.00835 | AA84: =Tabela1[[#This Row],[Média]]-Tabela1[[#This Row],[Meta]] -> 16.7 | AB84: =VLOOKUP(Tabela1[[#This Row],[SKU]],SKU!A:B,2,0) -> COXA SBCX S/O FG 280-300g PB | AC84: =VLOOKUP(Tabela1[[#This Row],[SKU]],SKU!A:C,3,0) -> PERNA
A85: =INT(Tabela1[[#This Row],[Data e Hora2]]) -> 46247 | B85: =UPPER(TEXT(Tabela1[[#This Row],[Data Corrigida]],"MMM")) -> AGO | C85: 6a7ea367f68f6f3a4276caad | D85: 13/08/2026 18:06:15 | E85: 14/08/2026 02:11:03 | F85: Ranieli | G85: 13/08/2026 | H85: Turno 2 | I85: JOSEFA KELY NUNES DE SOUSA | J85: 42854 | K85: 2087 | L85: 2119 | M85: 1535 | N85: 2087 | O85: 2103 | P85: 2117 | Q85: 2118 | R85: 2109 | S85: 2122 | T85: 2123 | U85: 2052 | X85: 157 | Y85: =VLOOKUP(Tabela1[[#This Row],[SKU]],SKU!A:D,4,0) -> 2080 | Z85: =IFERROR((Tabela1[[#This Row],[Média]]-Tabela1[[#This Row],[Meta]])/Tabela1[[#This Row],[Meta]],"") -> -0.013461538 | AA85: =Tabela1[[#This Row],[Média]]-Tabela1[[#This Row],[Meta]] -> -28 | AB85: =VLOOKUP(Tabela1[[#This Row],[SKU]],SKU!A:B,2,0) -> COXA SBCX S/O FG 260-280g PB | AC85: =VLOOKUP(Tabela1[[#This Row],[SKU]],SKU!A:C,3,0) -> PERNA
A86: =INT(Tabela1[[#This Row],[Data e Hora2]]) -> 46247 | B86: =UPPER(TEXT(Tabela1[[#This Row],[Data Corrigida]],"MMM")) -> AGO | C86: 6a7ea367f68f6f3a4276cab3 | D86: 13/08/2026 18:08:54 | E86: 14/08/2026 02:11:03 | F86: Ranieli | G86: 13/08/2026 | H86: Turno 2 | I86: JOSEFA KELY NUNES DE SOUSA | J86: 992093 | K86: 4992 | L86: 5020 | M86: 5013 | N86: 5014 | O86: 5019 | P86: 5008 | Q86: 5013 | R86: 5008 | S86: 5012 | T86: 5009 | U86: 5010.8 | W86: assinatura | X86: 474 | Y86: =VLOOKUP(Tabela1[[#This Row],[SKU]],SKU!A:D,4,0) -> 5000 | Z86: =IFERROR((Tabela1[[#This Row],[Média]]-Tabela1[[#This Row],[Meta]])/Tabela1[[#This Row],[Meta]],"") -> 0.00216 | AA86: =Tabela1[[#This Row],[Média]]-Tabela1[[#This Row],[Meta]] -> 10.8 | AB86: =VLOOKUP(Tabela1[[#This Row],[SKU]],SKU!A:B,2,0) -> PONTA ASA FG PB CG | AC86: =VLOOKUP(Tabela1[[#This Row],[SKU]],SKU!A:C,3,0) -> ASA
A87: =INT(Tabela1[[#This Row],[Data e Hora2]]) -> 46247 | B87: =UPPER(TEXT(Tabela1[[#This Row],[Data Corrigida]],"MMM")) -> AGO | C87: 6a7e6a7af77da7ef00378137 | D87: 13/08/2026 22:01:04 | E87: 13/08/2026 22:08:10 | F87: - - | G87: 13/08/2026 | H87: Turno 2 | I87: JULIANE GOMES NOVAIS | J87: 209039 | K87: 990 | L87: 991 | M87: 996 | N87: 1000 | O87: 986 | P87: 1000 | Q87: 1006 | R87: 997 | S87: 1010 | T87: 943 | U87: 991.9 | W87: assinatura | X87: 426 | Y87: =VLOOKUP(Tabela1[[#This Row],[SKU]],SKU!A:D,4,0) -> 1000 | Z87: =IFERROR((Tabela1[[#This Row],[Média]]-Tabela1[[#This Row],[Meta]])/Tabela1[[#This Row],[Meta]],"") -> -0.0081 | AA87: =Tabela1[[#This Row],[Média]]-Tabela1[[#This Row],[Meta]] -> -8.1 | AB87: =VLOOKUP(Tabela1[[#This Row],[SKU]],SKU!A:B,2,0) -> COXINHA ASA IQF ALM 1KG | AC87: =VLOOKUP(Tabela1[[#This Row],[SKU]],SKU!A:C,3,0) -> ASA
A88: =INT(Tabela1[[#This Row],[Data e Hora2]]) -> 46247 | B88: =UPPER(TEXT(Tabela1[[#This Row],[Data Corrigida]],"MMM")) -> AGO | C88: 6a7ea368f68f6f3a4276cacd | D88: 14/08/2026 00:44:56 | E88: 14/08/2026 02:11:04 | F88: Ranieli | G88: 13/08/2026 | H88: Turno 2 | I88: JOSEFA KELY NUNES DE SOUSA | J88: 15105 | K88: 1023 | L88: 1002 | M88: 1012 | N88: 1044 | O88: 975 | P88: 1015 | Q88: 1013 | R88: 996 | S88: 1001 | T88: 1014 | U88: 1009.5 | W88: assinatura | X88: 206 | Y88: =VLOOKUP(Tabela1[[#This Row],[SKU]],SKU!A:D,4,0) -> 1000 | Z88: =IFERROR((Tabela1[[#This Row],[Média]]-Tabela1[[#This Row],[Meta]])/Tabela1[[#This Row],[Meta]],"") -> 0.0095 | AA88: =Tabela1[[#This Row],[Média]]-Tabela1[[#This Row],[Meta]] -> 9.5 | AB88: =VLOOKUP(Tabela1[[#This Row],[SKU]],SKU!A:B,2,0) -> FILE PEITO MET CG BDJ SE | AC88: =VLOOKUP(Tabela1[[#This Row],[SKU]],SKU!A:C,3,0) -> PEITO
A89: =INT(Tabela1[[#This Row],[Data e Hora2]]) -> 46247 | B89: =UPPER(TEXT(Tabela1[[#This Row],[Data Corrigida]],"MMM")) -> AGO | C89: 6a7ea368f68f6f3a4276cad3 | D89: 14/08/2026 00:48:24 | E89: 14/08/2026 02:11:04 | F89: Ranieli | G89: 13/08/2026 | H89: Turno 2 | I89: JOSEFA KELY NUNES DE SOUSA | J89: 40762 | K89: 9965 | L89: 10020 | M89: 9850 | N89: 10040 | O89: 9945 | P89: 10310 | Q89: 9970 | R89: 9795 | S89: 10080 | T89: 9990 | U89: 9996.5 | W89: assinatura | X89: 845 | Y89: =VLOOKUP(Tabela1[[#This Row],[SKU]],SKU!A:D,4,0) -> 10000 | Z89: =IFERROR((Tabela1[[#This Row],[Média]]-Tabela1[[#This Row],[Meta]])/Tabela1[[#This Row],[Meta]],"") -> -0.00035 | AA89: =Tabela1[[#This Row],[Média]]-Tabela1[[#This Row],[Meta]] -> -3.5 | AB89: =VLOOKUP(Tabela1[[#This Row],[SKU]],SKU!A:B,2,0) -> COXA SBCX LQ FG LP | AC89: =VLOOKUP(Tabela1[[#This Row],[SKU]],SKU!A:C,3,0) -> PERNA
A90: =INT(Tabela1[[#This Row],[Data e Hora2]]) -> 46248 | B90: =UPPER(TEXT(Tabela1[[#This Row],[Data Corrigida]],"MMM")) -> AGO | C90: 6a7fe9dcacd6cb3b421e1b20 | D90: 14/08/2026 17:40:12 | E90: 15/08/2026 01:23:56 | F90: Ranieli | G90: 14/08/2026 | H90: Turno 2 | I90: JOSEFA KELY NUNES DE SOUSA | J90: 15105 | K90: 1001 | L90: 1019 | M90: 1017 | N90: 1017 | O90: 1025 | P90: 1005 | Q90: 1045 | R90: 1025 | S90: 1037 | T90: 1060 | U90: 1025.1 | W90: assinatura | X90: 188 | Y90: =VLOOKUP(Tabela1[[#This Row],[SKU]],SKU!A:D,4,0) -> 1000 | Z90: =IFERROR((Tabela1[[#This Row],[Média]]-Tabela1[[#This Row],[Meta]])/Tabela1[[#This Row],[Meta]],"") -> 0.0251 | AA90: =Tabela1[[#This Row],[Média]]-Tabela1[[#This Row],[Meta]] -> 25.1 | AB90: =VLOOKUP(Tabela1[[#This Row],[SKU]],SKU!A:B,2,0) -> FILE PEITO MET CG BDJ SE | AC90: =VLOOKUP(Tabela1[[#This Row],[SKU]],SKU!A:C,3,0) -> PEITO
A91: =INT(Tabela1[[#This Row],[Data e Hora2]]) -> 46248 | B91: =UPPER(TEXT(Tabela1[[#This Row],[Data Corrigida]],"MMM")) -> AGO | C91: 6a7fe9dcacd6cb3b421e1b26 | D91: 14/08/2026 17:43:21 | E91: 15/08/2026 01:23:56 | F91: Ranieli | G91: 14/08/2026 | H91: Turno 2 | I91: JOSEFA KELY NUNES DE SOUSA | J91: 992093 | K91: 5033 | L91: 5052 | M91: 5037 | N91: 5017 | O91: 5016 | P91: 4999 | Q91: 5023 | R91: 5022 | S91: 5081 | T91: 5017 | U91: 5029.7 | W91: assinatura | X91: 690 | Y91: =VLOOKUP(Tabela1[[#This Row],[SKU]],SKU!A:D,4,0) -> 5000 | Z91: =IFERROR((Tabela1[[#This Row],[Média]]-Tabela1[[#This Row],[Meta]])/Tabela1[[#This Row],[Meta]],"") -> 0.00594 | AA91: =Tabela1[[#This Row],[Média]]-Tabela1[[#This Row],[Meta]] -> 29.7 | AB91: =VLOOKUP(Tabela1[[#This Row],[SKU]],SKU!A:B,2,0) -> PONTA ASA FG PB CG | AC91: =VLOOKUP(Tabela1[[#This Row],[SKU]],SKU!A:C,3,0) -> ASA
A92: =INT(Tabela1[[#This Row],[Data e Hora2]]) -> 46248 | B92: =UPPER(TEXT(Tabela1[[#This Row],[Data Corrigida]],"MMM")) -> AGO | C92: 6a7fe9dcacd6cb3b421e1b2c | D92: 14/08/2026 17:54:53 | E92: 15/08/2026 01:23:56 | F92: Ranieli | G92: 14/08/2026 | H92: Turno 2 | I92: JOSEFA KELY NUNES DE SOUSA | J92: 15229 | K92: 1078 | L92: 956 | M92: 1025 | N92: 1011 | O92: 1079 | P92: 992 | Q92: 983 | R92: 985 | S92: 927 | T92: 991 | U92: 1002.7 | W92: assinatura | X92: 312 | Y92: =VLOOKUP(Tabela1[[#This Row],[SKU]],SKU!A:D,4,0) -> 1000 | Z92: =IFERROR((Tabela1[[#This Row],[Média]]-Tabela1[[#This Row],[Meta]])/Tabela1[[#This Row],[Meta]],"") -> 0.0027 | AA92: =Tabela1[[#This Row],[Média]]-Tabela1[[#This Row],[Meta]] -> 2.7 | AB92: =VLOOKUP(Tabela1[[#This Row],[SKU]],SKU!A:B,2,0) -> COXA CG BDJ SE | AC92: =VLOOKUP(Tabela1[[#This Row],[SKU]],SKU!A:C,3,0) -> PERNA
A93: =INT(Tabela1[[#This Row],[Data e Hora2]]) -> 46247 | B93: =UPPER(TEXT(Tabela1[[#This Row],[Data Corrigida]],"MMM")) -> AGO | C93: 6a7fe9dcacd6cb3b421e1b32 | D93: 14/08/2026 18:00:08 | E93: 15/08/2026 01:23:56 | F93: Ranieli | G93: 13/08/2026 | H93: Turno 2 | I93: JOSEFA KELY NUNES DE SOUSA | J93: 13188 | K93: 1020 | L93: 1025 | M93: 1023 | N93: 1024 | O93: 1008 | P93: 1021 | Q93: 1017 | R93: 1029 | S93: 1015 | T93: 1012 | U93: 1019.4 | X93: 271 | Y93: =VLOOKUP(Tabela1[[#This Row],[SKU]],SKU!A:D,4,0) -> 1000 | Z93: =IFERROR((Tabela1[[#This Row],[Média]]-Tabela1[[#This Row],[Meta]])/Tabela1[[#This Row],[Meta]],"") -> 0.0194 | AA93: =Tabela1[[#This Row],[Média]]-Tabela1[[#This Row],[Meta]] -> 19.4 | AB93: =VLOOKUP(Tabela1[[#This Row],[SKU]],SKU!A:B,2,0) -> SOBRECOXA CG BDJ SE | AC93: =VLOOKUP(Tabela1[[#This Row],[SKU]],SKU!A:C,3,0) -> PERNA
A94: =INT(Tabela1[[#This Row],[Data e Hora2]]) -> 46248 | B94: =UPPER(TEXT(Tabela1[[#This Row],[Data Corrigida]],"MMM")) -> AGO | C94: 6a7fe9dcacd6cb3b421e1b38 | D94: 14/08/2026 18:04:41 | E94: 15/08/2026 01:23:56 | F94: Ranieli | G94: 14/08/2026 | H94: Turno 2 | I94: JOSEFA KELY NUNES DE SOUSA | J94: 42862 | K94: 2009 | L94: 2011 | M94: 2010 | N94: 2071 | O94: 2006 | P94: 2003 | Q94: 2065 | R94: 2008 | S94: 1996 | T94: 2010 | U94: 2018.9 | X94: 294 | Y94: =VLOOKUP(Tabela1[[#This Row],[SKU]],SKU!A:D,4,0) -> 2000 | Z94: =IFERROR((Tabela1[[#This Row],[Média]]-Tabela1[[#This Row],[Meta]])/Tabela1[[#This Row],[Meta]],"") -> 0.00945 | AA94: =Tabela1[[#This Row],[Média]]-Tabela1[[#This Row],[Meta]] -> 18.9 | AB94: =VLOOKUP(Tabela1[[#This Row],[SKU]],SKU!A:B,2,0) -> COXA SBCX S/O FG 280-300g PB | AC94: =VLOOKUP(Tabela1[[#This Row],[SKU]],SKU!A:C,3,0) -> PERNA
A95: =INT(Tabela1[[#This Row],[Data e Hora2]]) -> 46248 | B95: =UPPER(TEXT(Tabela1[[#This Row],[Data Corrigida]],"MMM")) -> AGO | C95: 6a7fe9dcacd6cb3b421e1b3e | D95: 14/08/2026 18:09:37 | E95: 15/08/2026 01:23:56 | F95: Ranieli | G95: 14/08/2026 | H95: Turno 2 | I95: JOSEFA KELY NUNES DE SOUSA | J95: 42854 | K95: 2137 | L95: 2147 | M95: 2096 | N95: 2133 | O95: 2113 | P95: 2131 | Q95: 2108 | R95: 2073 | S95: 2125 | T95: 2074 | U95: 2113.7 | X95: 177 | Y95: =VLOOKUP(Tabela1[[#This Row],[SKU]],SKU!A:D,4,0) -> 2080 | Z95: =IFERROR((Tabela1[[#This Row],[Média]]-Tabela1[[#This Row],[Meta]])/Tabela1[[#This Row],[Meta]],"") -> 0.016201923 | AA95: =Tabela1[[#This Row],[Média]]-Tabela1[[#This Row],[Meta]] -> 33.7 | AB95: =VLOOKUP(Tabela1[[#This Row],[SKU]],SKU!A:B,2,0) -> COXA SBCX S/O FG 260-280g PB | AC95: =VLOOKUP(Tabela1[[#This Row],[SKU]],SKU!A:C,3,0) -> PERNA
A96: =INT(Tabela1[[#This Row],[Data e Hora2]]) -> 46248 | B96: =UPPER(TEXT(Tabela1[[#This Row],[Data Corrigida]],"MMM")) -> AGO | C96: 6a7fe9dcacd6cb3b421e1b44 | D96: 14/08/2026 18:12:35 | E96: 15/08/2026 01:23:56 | F96: Ranieli | G96: 14/08/2026 | H96: Turno 2 | I96: JOSEFA KELY NUNES DE SOUSA | J96: 42846 | K96: 2000 | L96: 2010 | M96: 2012 | N96: 2014 | O96: 2018 | P96: 2012 | Q96: 2003 | R96: 2006 | S96: 2008 | T96: 2010 | U96: 2009.3 | W96: assinatura | X96: 177 | Y96: =VLOOKUP(Tabela1[[#This Row],[SKU]],SKU!A:D,4,0) -> 2000 | Z96: =IFERROR((Tabela1[[#This Row],[Média]]-Tabela1[[#This Row],[Meta]])/Tabela1[[#This Row],[Meta]],"") -> 0.00465 | AA96: =Tabela1[[#This Row],[Média]]-Tabela1[[#This Row],[Meta]] -> 9.3 | AB96: =VLOOKUP(Tabela1[[#This Row],[SKU]],SKU!A:B,2,0) -> COXA SBCX S/O FG 240-260g PB | AC96: =VLOOKUP(Tabela1[[#This Row],[SKU]],SKU!A:C,3,0) -> PERNA
A97: =INT(Tabela1[[#This Row],[Data e Hora2]]) -> 46248 | B97: =UPPER(TEXT(Tabela1[[#This Row],[Data Corrigida]],"MMM")) -> AGO | C97: 6a7fe9dcacd6cb3b421e1b4a | D97: 14/08/2026 18:15:34 | E97: 15/08/2026 01:23:56 | F97: Ranieli | G97: 14/08/2026 | H97: Turno 2 | I97: JOSEFA KELY NUNES DE SOUSA | J97: 42820 | K97: 2162 | L97: 2027 | M97: 2014 | N97: 2008 | O97: 2009 | P97: 2018 | Q97: 2007 | R97: 2009 | S97: 2028 | T97: 2038 | U97: 2032 | X97: 322 | Y97: =VLOOKUP(Tabela1[[#This Row],[SKU]],SKU!A:D,4,0) -> 2000 | Z97: =IFERROR((Tabela1[[#This Row],[Média]]-Tabela1[[#This Row],[Meta]])/Tabela1[[#This Row],[Meta]],"") -> 0.016 | AA97: =Tabela1[[#This Row],[Média]]-Tabela1[[#This Row],[Meta]] -> 32 | AB97: =VLOOKUP(Tabela1[[#This Row],[SKU]],SKU!A:B,2,0) -> COXA SBCX S/O FG 200-220g PB | AC97: =VLOOKUP(Tabela1[[#This Row],[SKU]],SKU!A:C,3,0) -> PERNA
A98: =INT(Tabela1[[#This Row],[Data e Hora2]]) -> 46248 | B98: =UPPER(TEXT(Tabela1[[#This Row],[Data Corrigida]],"MMM")) -> AGO | C98: 6a7fe9dcacd6cb3b421e1b50 | D98: 14/08/2026 18:20:58 | E98: 15/08/2026 01:23:56 | F98: Ranieli | G98: 14/08/2026 | H98: Turno 2 | I98: JOSEFA KELY NUNES DE SOUSA | J98: 42838 | K98: 2077 | L98: 2052 | M98: 2035 | N98: 2078 | O98: 2047 | P98: 2082 | Q98: 2062 | R98: 2030 | S98: 2095 | T98: 2052 | U98: 2061 | W98: assinatura | X98: 155 | Y98: =VLOOKUP(Tabela1[[#This Row],[SKU]],SKU!A:D,4,0) -> 2000 | Z98: =IFERROR((Tabela1[[#This Row],[Média]]-Tabela1[[#This Row],[Meta]])/Tabela1[[#This Row],[Meta]],"") -> 0.0305 | AA98: =Tabela1[[#This Row],[Média]]-Tabela1[[#This Row],[Meta]] -> 61 | AB98: =VLOOKUP(Tabela1[[#This Row],[SKU]],SKU!A:B,2,0) -> COXA SBCX S/O FG 220-240g PB | AC98: =VLOOKUP(Tabela1[[#This Row],[SKU]],SKU!A:C,3,0) -> PERNA
A99: =INT(Tabela1[[#This Row],[Data e Hora2]]) -> 46248 | B99: =UPPER(TEXT(Tabela1[[#This Row],[Data Corrigida]],"MMM")) -> AGO | C99: 6a7fb9ef7f1bf5e066343bc8 | D99: 14/08/2026 21:51:12 | E99: 14/08/2026 21:59:27 | F99: - - | G99: 14/08/2026 | H99: Turno 2 | I99: JULIANE GOMES NOVAIS | J99: 31454 | K99: 2238 | L99: 2484 | M99: 2485 | N99: 2489 | O99: 2497 | P99: 2565 | Q99: 2502 | R99: 2169 | S99: 2567 | T99: 2532 | U99: 2452.8 | W99: assinatura | X99: 486 | Y99: =VLOOKUP(Tabela1[[#This Row],[SKU]],SKU!A:D,4,0) -> 2500 | Z99: =IFERROR((Tabela1[[#This Row],[Média]]-Tabela1[[#This Row],[Meta]])/Tabela1[[#This Row],[Meta]],"") -> -0.01888 | AA99: =Tabela1[[#This Row],[Média]]-Tabela1[[#This Row],[Meta]] -> -47.2 | AB99: =VLOOKUP(Tabela1[[#This Row],[SKU]],SKU!A:B,2,0) -> MEIO DE ASA 2,5KG IQF | AC99: =VLOOKUP(Tabela1[[#This Row],[SKU]],SKU!A:C,3,0) -> ASA
A100: =INT(Tabela1[[#This Row],[Data e Hora2]]) -> 46248 | B100: =UPPER(TEXT(Tabela1[[#This Row],[Data Corrigida]],"MMM")) -> AGO | C100: 6a7fc879f68f6f3a427a5232 | D100: 14/08/2026 22:43:10 | E100: 14/08/2026 23:01:29 | F100: - - | G100: 14/08/2026 | H100: Turno 2 | I100: JULIANE GOMES NOVAIS | J100: 18228 | K100: 994 | L100: 974 | M100: 997 | N100: 992 | O100: 1003 | P100: 987 | Q100: 998 | R100: 993 | S100: 1000 | T100: 1000 | U100: 993.8 | W100: assinatura | X100: 1098 | Y100: =VLOOKUP(Tabela1[[#This Row],[SKU]],SKU!A:D,4,0) -> 1000 | Z100: =IFERROR((Tabela1[[#This Row],[Média]]-Tabela1[[#This Row],[Meta]])/Tabela1[[#This Row],[Meta]],"") -> -0.0062 | AA100: =Tabela1[[#This Row],[Média]]-Tabela1[[#This Row],[Meta]] -> -6.2 | AB100: =VLOOKUP(Tabela1[[#This Row],[SKU]],SKU!A:B,2,0) -> MOELA FRANGO CG ALM SE | AC100: =VLOOKUP(Tabela1[[#This Row],[SKU]],SKU!A:C,3,0) -> MOELA
A101: =INT(Tabela1[[#This Row],[Data e Hora2]]) -> 46248 | B101: =UPPER(TEXT(Tabela1[[#This Row],[Data Corrigida]],"MMM")) -> AGO | C101: 6a7fc9c5798ff06183813648 | D101: 14/08/2026 23:03:37 | E101: 14/08/2026 23:07:01 | F101: - - | G101: 14/08/2026 | H101: Turno 2 | I101: JULIANE GOMES NOVAIS | J101: 197734 | K101: 1004 | L101: 1000 | M101: 1005 | N101: 1002 | O101: 1018 | P101: 1029 | Q101: 993 | R101: 1002 | S101: 998 | T101: 996 | U101: 1004.7 | W101: assinatura | X101: 203 | Y101: =VLOOKUP(Tabela1[[#This Row],[SKU]],SKU!A:D,4,0) -> 1000 | Z101: =IFERROR((Tabela1[[#This Row],[Média]]-Tabela1[[#This Row],[Meta]])/Tabela1[[#This Row],[Meta]],"") -> 0.0047 | AA101: =Tabela1[[#This Row],[Média]]-Tabela1[[#This Row],[Meta]] -> 4.7 | AB101: =VLOOKUP(Tabela1[[#This Row],[SKU]],SKU!A:B,2,0) -> FILEZINHO FRANGO IQF ALM SE | AC101: =VLOOKUP(Tabela1[[#This Row],[SKU]],SKU!A:C,3,0) -> SASSAMI
A102: =INT(Tabela1[[#This Row],[Data e Hora2]]) -> 46248 | B102: =UPPER(TEXT(Tabela1[[#This Row],[Data Corrigida]],"MMM")) -> AGO | C102: 6a7fe9ddacd6cb3b421e1b62 | D102: 14/08/2026 23:06:48 | E102: 15/08/2026 01:23:57 | F102: Ranieli | G102: 14/08/2026 | H102: Turno 2 | J102: 15105 | K102: 1019 | L102: 1001 | M102: 1000 | N102: 1000 | O102: 1003 | P102: 997 | Q102: 1039 | R102: 1034 | S102: 1006 | T102: 1021 | U102: 1012 | W102: assinatura | X102: 1282 | Y102: =VLOOKUP(Tabela1[[#This Row],[SKU]],SKU!A:D,4,0) -> 1000 | Z102: =IFERROR((Tabela1[[#This Row],[Média]]-Tabela1[[#This Row],[Meta]])/Tabela1[[#This Row],[Meta]],"") -> 0.012 | AA102: =Tabela1[[#This Row],[Média]]-Tabela1[[#This Row],[Meta]] -> 12 | AB102: =VLOOKUP(Tabela1[[#This Row],[SKU]],SKU!A:B,2,0) -> FILE PEITO MET CG BDJ SE | AC102: =VLOOKUP(Tabela1[[#This Row],[SKU]],SKU!A:C,3,0) -> PEITO
A103: =INT(Tabela1[[#This Row],[Data e Hora2]]) -> 46248 | B103: =UPPER(TEXT(Tabela1[[#This Row],[Data Corrigida]],"MMM")) -> AGO | C103: 6a7fe9ddacd6cb3b421e1b68 | D103: 14/08/2026 23:28:13 | E103: 15/08/2026 01:23:57 | F103: Ranieli | G103: 14/08/2026 | H103: Turno 2 | I103: JOSEFA KELY NUNES DE SOUSA | J103: 40762 | K103: 9955 | L103: 10065 | M103: 9990 | N103: 9980 | O103: 10030 | P103: 10065 | Q103: 10110 | R103: 10050 | S103: 10025 | T103: 10115 | U103: 10038.5 | W103: assinatura | X103: 490 | Y103: =VLOOKUP(Tabela1[[#This Row],[SKU]],SKU!A:D,4,0) -> 10000 | Z103: =IFERROR((Tabela1[[#This Row],[Média]]-Tabela1[[#This Row],[Meta]])/Tabela1[[#This Row],[Meta]],"") -> 0.00385 | AA103: =Tabela1[[#This Row],[Média]]-Tabela1[[#This Row],[Meta]] -> 38.5 | AB103: =VLOOKUP(Tabela1[[#This Row],[SKU]],SKU!A:B,2,0) -> COXA SBCX LQ FG LP | AC103: =VLOOKUP(Tabela1[[#This Row],[SKU]],SKU!A:C,3,0) -> PERNA
A104: =INT(Tabela1[[#This Row],[Data e Hora2]]) -> 46248 | B104: =UPPER(TEXT(Tabela1[[#This Row],[Data Corrigida]],"MMM")) -> AGO | C104: 6a7fd30f7f1bf5e0663446c8 | D104: 14/08/2026 23:44:15 | E104: 14/08/2026 23:46:39 | F104: - - | G104: 14/08/2026 | H104: Turno 2 | I104: JULIANE GOMES NOVAIS | J104: 15105 | K104: 1000 | L104: 1026 | M104: 1014 | N104: 994 | O104: 992 | P104: 1011 | Q104: 1129 | R104: 1031 | S104: 1047 | T104: 1026 | U104: 1027 | W104: assinatura | X104: 143 | Y104: =VLOOKUP(Tabela1[[#This Row],[SKU]],SKU!A:D,4,0) -> 1000 | Z104: =IFERROR((Tabela1[[#This Row],[Média]]-Tabela1[[#This Row],[Meta]])/Tabela1[[#This Row],[Meta]],"") -> 0.027 | AA104: =Tabela1[[#This Row],[Média]]-Tabela1[[#This Row],[Meta]] -> 27 | AB104: =VLOOKUP(Tabela1[[#This Row],[SKU]],SKU!A:B,2,0) -> FILE PEITO MET CG BDJ SE | AC104: =VLOOKUP(Tabela1[[#This Row],[SKU]],SKU!A:C,3,0) -> PEITO
A105: =INT(Tabela1[[#This Row],[Data e Hora2]]) -> 46248 | B105: =UPPER(TEXT(Tabela1[[#This Row],[Data Corrigida]],"MMM")) -> AGO | C105: 6a7fe9ddacd6cb3b421e1b74 | D105: 15/08/2026 00:26:46 | E105: 15/08/2026 01:23:57 | F105: Ranieli | G105: 14/08/2026 | H105: Turno 2 | I105: JOSEFA KELY NUNES DE SOUSA | J105: 792799 | K105: 15105 | L105: 15065 | M105: 15270 | N105: 14555 | O105: 15085 | P105: 15062 | Q105: 15075 | R105: 15005 | S105: 15035 | T105: 15055 | U105: 15031.2 | W105: assinatura | X105: 2695 | Y105: =VLOOKUP(Tabela1[[#This Row],[SKU]],SKU!A:D,4,0) -> 15000 | Z105: =IFERROR((Tabela1[[#This Row],[Média]]-Tabela1[[#This Row],[Meta]])/Tabela1[[#This Row],[Meta]],"") -> 0.00208 | AA105: =Tabela1[[#This Row],[Média]]-Tabela1[[#This Row],[Meta]] -> 31.2 | AB105: =VLOOKUP(Tabela1[[#This Row],[SKU]],SKU!A:B,2,0) -> ASAS FG 100g UP LP | AC105: =VLOOKUP(Tabela1[[#This Row],[SKU]],SKU!A:C,3,0) -> ASA
A106: =INT(Tabela1[[#This Row],[Data e Hora2]]) -> 46251 | B106: =UPPER(TEXT(Tabela1[[#This Row],[Data Corrigida]],"MMM")) -> AGO | C106: 6a8365f07e148bbac283bb01 | D106: 17/08/2026 16:36:23 | E106: 17/08/2026 16:50:08 | F106: - - | G106: 17/08/2026 | H106: Turno 2 | I106: JULIANE GOMES NOVAIS | J106: 15105 | K106: 1018 | L106: 1010 | M106: 990 | N106: 1024 | O106: 999 | P106: 1026 | Q106: 1013 | R106: 1021 | S106: 989 | T106: 1001 | U106: 1009.1 | W106: assinatura | X106: 824 | Y106: =VLOOKUP(Tabela1[[#This Row],[SKU]],SKU!A:D,4,0) -> 1000 | Z106: =IFERROR((Tabela1[[#This Row],[Média]]-Tabela1[[#This Row],[Meta]])/Tabela1[[#This Row],[Meta]],"") -> 0.0091 | AA106: =Tabela1[[#This Row],[Média]]-Tabela1[[#This Row],[Meta]] -> 9.1 | AB106: =VLOOKUP(Tabela1[[#This Row],[SKU]],SKU!A:B,2,0) -> FILE PEITO MET CG BDJ SE | AC106: =VLOOKUP(Tabela1[[#This Row],[SKU]],SKU!A:C,3,0) -> PEITO
A107: =INT(Tabela1[[#This Row],[Data e Hora2]]) -> 46251 | B107: =UPPER(TEXT(Tabela1[[#This Row],[Data Corrigida]],"MMM")) -> AGO | C107: 6a83685d8dbad1217e3a9fb7 | D107: 17/08/2026 16:50:11 | E107: 17/08/2026 17:00:29 | F107: - - | G107: 17/08/2026 | H107: Turno 2 | I107: JULIANE GOMES NOVAIS | J107: 40762 | K107: 10045 | L107: 10040 | M107: 9995 | N107: 9895 | O107: 10085 | P107: 9570 | Q107: 10105 | R107: 10080 | S107: 10410 | T107: 10135 | U107: 10036 | W107: assinatura | X107: 612 | Y107: =VLOOKUP(Tabela1[[#This Row],[SKU]],SKU!A:D,4,0) -> 10000 | Z107: =IFERROR((Tabela1[[#This Row],[Média]]-Tabela1[[#This Row],[Meta]])/Tabela1[[#This Row],[Meta]],"") -> 0.0036 | AA107: =Tabela1[[#This Row],[Média]]-Tabela1[[#This Row],[Meta]] -> 36 | AB107: =VLOOKUP(Tabela1[[#This Row],[SKU]],SKU!A:B,2,0) -> COXA SBCX LQ FG LP | AC107: =VLOOKUP(Tabela1[[#This Row],[SKU]],SKU!A:C,3,0) -> PERNA
A108: =INT(Tabela1[[#This Row],[Data e Hora2]]) -> 46251 | B108: =UPPER(TEXT(Tabela1[[#This Row],[Data Corrigida]],"MMM")) -> AGO | C108: 6a836d9a3013de393c39feef | D108: 17/08/2026 17:00:31 | E108: 17/08/2026 17:22:50 | F108: - - | G108: 17/08/2026 | H108: Turno 2 | J108: 42862 | K108: 2006 | L108: 2000 | M108: 2014 | N108: 2010 | O108: 2024 | P108: 2005 | Q108: 2001 | R108: 2019 | S108: 2032 | T108: 1997 | U108: 2010.8 | W108: assinatura | X108: 1337 | Y108: =VLOOKUP(Tabela1[[#This Row],[SKU]],SKU!A:D,4,0) -> 2000 | Z108: =IFERROR((Tabela1[[#This Row],[Média]]-Tabela1[[#This Row],[Meta]])/Tabela1[[#This Row],[Meta]],"") -> 0.0054 | AA108: =Tabela1[[#This Row],[Média]]-Tabela1[[#This Row],[Meta]] -> 10.8 | AB108: =VLOOKUP(Tabela1[[#This Row],[SKU]],SKU!A:B,2,0) -> COXA SBCX S/O FG 280-300g PB | AC108: =VLOOKUP(Tabela1[[#This Row],[SKU]],SKU!A:C,3,0) -> PERNA
A109: =INT(Tabela1[[#This Row],[Data e Hora2]]) -> 46251 | B109: =UPPER(TEXT(Tabela1[[#This Row],[Data Corrigida]],"MMM")) -> AGO | C109: 6a836edfefe2559bb1e6afca | D109: 17/08/2026 17:22:53 | E109: 17/08/2026 17:28:15 | F109: - - | G109: 17/08/2026 | H109: Turno 2 | I109: JULIANE GOMES NOVAIS | J109: 42854 | K109: 2086 | L109: 2125 | M109: 2107 | N109: 2077 | O109: 2092 | P109: 2073 | Q109: 2094 | R109: 2096 | S109: 2129 | T109: 2095 | U109: 2097.4 | W109: assinatura | X109: 322 | Y109: =VLOOKUP(Tabela1[[#This Row],[SKU]],SKU!A:D,4,0) -> 2080 | Z109: =IFERROR((Tabela1[[#This Row],[Média]]-Tabela1[[#This Row],[Meta]])/Tabela1[[#This Row],[Meta]],"") -> 0.0083653846 | AA109: =Tabela1[[#This Row],[Média]]-Tabela1[[#This Row],[Meta]] -> 17.4 | AB109: =VLOOKUP(Tabela1[[#This Row],[SKU]],SKU!A:B,2,0) -> COXA SBCX S/O FG 260-280g PB | AC109: =VLOOKUP(Tabela1[[#This Row],[SKU]],SKU!A:C,3,0) -> PERNA
A110: =INT(Tabela1[[#This Row],[Data e Hora2]]) -> 46251 | B110: =UPPER(TEXT(Tabela1[[#This Row],[Data Corrigida]],"MMM")) -> AGO | C110: 6a83ec6704bb7d55d7f0652b | D110: 17/08/2026 17:28:16 | E110: 18/08/2026 02:23:51 | F110: Ranieli | G110: 17/08/2026 | H110: Turno 2 | I110: JOSEFA KELY NUNES DE SOUSA | J110: 15105 | K110: 1010 | L110: 1025 | M110: 1015 | N110: 1033 | O110: 1025 | P110: 971 | Q110: 1011 | R110: 993 | S110: 1008 | T110: 1041 | U110: 1013.2 | W110: assinatura | X110: 299 | Y110: =VLOOKUP(Tabela1[[#This Row],[SKU]],SKU!A:D,4,0) -> 1000 | Z110: =IFERROR((Tabela1[[#This Row],[Média]]-Tabela1[[#This Row],[Meta]])/Tabela1[[#This Row],[Meta]],"") -> 0.0132 | AA110: =Tabela1[[#This Row],[Média]]-Tabela1[[#This Row],[Meta]] -> 13.2 | AB110: =VLOOKUP(Tabela1[[#This Row],[SKU]],SKU!A:B,2,0) -> FILE PEITO MET CG BDJ SE | AC110: =VLOOKUP(Tabela1[[#This Row],[SKU]],SKU!A:C,3,0) -> PEITO
A111: =INT(Tabela1[[#This Row],[Data e Hora2]]) -> 46251 | B111: =UPPER(TEXT(Tabela1[[#This Row],[Data Corrigida]],"MMM")) -> AGO | C111: 6a8370433dcd2d6730912167 | D111: 17/08/2026 17:28:22 | E111: 17/08/2026 17:34:11 | F111: - - | G111: 17/08/2026 | H111: Turno 2 | I111: JULIANE GOMES NOVAIS | J111: 42846 | K111: 2014 | L111: 2010 | M111: 2024 | N111: 2020 | O111: 2011 | P111: 1979 | Q111: 2060 | R111: 2017 | S111: 2002 | T111: 2013 | U111: 2015 | W111: assinatura | X111: 336 | Y111: =VLOOKUP(Tabela1[[#This Row],[SKU]],SKU!A:D,4,0) -> 2000 | Z111: =IFERROR((Tabela1[[#This Row],[Média]]-Tabela1[[#This Row],[Meta]])/Tabela1[[#This Row],[Meta]],"") -> 0.0075 | AA111: =Tabela1[[#This Row],[Média]]-Tabela1[[#This Row],[Meta]] -> 15 | AB111: =VLOOKUP(Tabela1[[#This Row],[SKU]],SKU!A:B,2,0) -> COXA SBCX S/O FG 240-260g PB | AC111: =VLOOKUP(Tabela1[[#This Row],[SKU]],SKU!A:C,3,0) -> PERNA
...

Sheet SKU
A1: ITEM | B1: DESCRIÇÃO | C1: Família | D1: Meta
A2: 977373 | B2: MEIO ASA FG 30G UP IF LP | C2: ASA | D2: 15000
A3: 992093 | B3: PONTA ASA FG PB CG | C3: ASA | D3: 5000
A4: 209409 | B4: COXINHA DA ASA RF PC 1 KG | C4: ASA | D4: 1000
A5: 209039 | B5: COXINHA ASA IQF ALM 1KG | C5: ASA | D5: 1000
A6: 792799 | B6: ASAS FG 100g UP LP | C6: ASA | D6: 15000
A7: 963925 | B7: COXINHA DA ASA FG CG PCT | C7: ASA | D7: 18000
A8: 197742 | B8: COXINHA ASA IQF ALM SE | C8: ASA | D8: 1000
A9: 197815 | B9: MEIO ASA CG BDJ SE | C9: ASA | D9: 1000
A10: 15091 | B10: COXINHA ASA CG BDJ SE | C10: ASA | D10: 1000
A11: 958611 | B11: MEIO DA ASA IQF | C11: ASA | D11: 1000
A12: 31454 | B12: MEIO DE ASA 2,5KG IQF | C12: ASA | D12: 2500
A13: 962244 | B13: COXINHA DA ASA FG RF PCT | C13: ASA | D13: 18000
... A21: 998577 | B21: CARNE MEC SEPARADA AVE CG 15 | C21: CMS/CMR | D21: 15000
A22: 202299 | B22: CARNE MS AVES RF CB MP | C22: CMS/CMR
A23: 234309 | B23: CMS HTD8 | C23: CMS/CMR | D23: 20000
A24: 202319 | B24: CARNE MS AVES CG BL SE MP | C24: CMS/CMR | D24: 17500
A25: 18163 | B25: CORACAO FGO CG ALM SE | C25: CORAÇÃO | D25: 1000
A26: 997939 | B26: DORSO DE FRANGO BACK | C26: DORSO | D26: 10000
A27: 990457 | B27: FIGADO FG PB15,22KG PET FOOD | C27: FÍGADO | D27: 15220
A28: 15040 | B28: GORDURA FRANGO CG BL SE | C28: GORDURA ABDOMINAL | D28: 15000
A29: 797901 | B29: FRANGO INTEIRO CG PCT | C29: INTEIROS | D29: 20000
A30: 209149 | B30: FRANGO INTEIRO CG PCT | C30: INTEIROS | D30: 20000
A31: 18228 | B31: MOELA FRANGO CG ALM SE | C31: MOELA | D31: 1000
A32: 929883 | B32: FILE DE PEITO FG CG PCT | C32: PEITO | D32: 18000
A33: 15105 | B33: FILE PEITO MET CG BDJ SE | C33: PEITO | D33: 1000
A34: 209359 | B34: FILE DE PEITO RF PC 1 KG | C34: PEITO | D34: 1000
... A41: 11517 | B41: PEITO 1/2 FRANGO LIGHT CG MP | C41: PEITO | D41: 15000
A42: 224589 | B42: FILE DE PEITO EM TIRAS IQF | C42: PEITO - ANDRADINA
A43: 224579 | B43: FILE DE PEITO EM CUBOS IQF | C43: PEITO - ANDRADINA
A44: 12645 | B44: PELE DE FRANGO CG BL SE MP | C44: PELE | D44: 15000
A45: 40762 | B45: COXA SBCX LQ FG LP | C45: PERNA | D45: 10000
A46: 42838 | B46: COXA SBCX S/O FG 220-240g PB | C46: PERNA | D46: 2000
A47: 42846 | B47: COXA SBCX S/O FG 240-260g PB | C47: PERNA | D47: 2000
A48: 42854 | B48: COXA SBCX S/O FG 260-280g PB | C48: PERNA | D48: 2080
A49: 42862 | B49: COXA SBCX S/O FG 280-300g PB | C49: PERNA | D49: 2000
A50: 864048 | B50: COXA SBCX S/O 200g FG UP PB | C50: PERNA | D50: 2000
A51: 990722 | B51: COXA SBCX FG S/OP 7,5KG PB | C51: PERNA | D51: 7500
A52: 13102 | B52: COXA SBCX S/OP CG MP BL | C52: PERNA | D52: 15000
A53: 55552 | B53: COXA SBCX S/O CG MP | C53: PERNA | D53: 15000
A54: 929905 | B54: COXA SBCX FG CG PCT | C54: PERNA | D54: 18000
A55: 54632 | B55: COXA SBCX S/O BDJ CG | C55: PERNA | D55: 1000
... A76: 727571 | B76: CANELA FG PB | C76: PÉS | D76: 15000
A77: 977110 | B77: PES FG 35g UP GR B PB | C77: PÉS
A78: 59510 | B78: PES FG 35g UP GR A PB | C78: PÉS
A79: 31779 | B79: SAMBIQUIRA FG PB | C79: SAMBIQUIRA | D79: 15000
A80: 990454 | B80: FILEZINHO FG C/TDAO PB PET F | C80: SASSAMI | D80: 15000
A81: 209129 | B81: FILEZINHO FRANGO IQF ALM | C81: SASSAMI | D81: 1000
A82: 15849 | B82: FILEZINHO PEITO CG BDJ SE | C82: SASSAMI | D82: 1000
A83: 197734 | B83: FILEZINHO FRANGO IQF ALM SE | C83: SASSAMI | D83: 1000
A84: 963968 | B84: FILEZINHO FG CG PCT | C84: SASSAMI | D84: 18000
A85: 993446 | B85: SASSAMI DE FRANGO CG | C85: SASSAMI
